[
    {
        "type": "message",
        "user": "U03BWPJG0",
        "text": "I made an appointment with a lecturer, he forgot about it",
        "ts": "1425393944.000002"
    },
    {
        "type": "message",
        "user": "U03BWPJG0",
        "text": "so we made another one, he forgot about this one too :sob:",
        "edited": {
            "user": "U03BWPJG0",
            "ts": "1425394067.000000"
        },
        "ts": "1425393954.000003"
    },
    {
        "type": "message",
        "user": "U03BWPJG0",
        "text": "\/\/rant",
        "ts": "1425393966.000004"
    }
]