[
    {
        "type": "message",
        "user": "U03BWPJG0",
        "text": "wtf is happening",
        "ts": "1425341060.000013"
    },
    {
        "type": "message",
        "user": "U03BWPJG0",
        "text": "what happened to the cars",
        "ts": "1425341064.000014"
    },
    {
        "type": "message",
        "user": "U03C9PL8U",
        "text": "Trash class",
        "ts": "1425341445.000015"
    },
    {
        "type": "message",
        "user": "U03C9PL8U",
        "text": "Even the guest lecturer sucks",
        "ts": "1425341453.000016"
    },
    {
        "type": "message",
        "user": "U03BWRML2",
        "text": "\u2026",
        "ts": "1425341796.000017"
    },
    {
        "type": "message",
        "user": "U03BWPJG0",
        "text": "lol this class is like the course incarnation of STA247 Pitt",
        "ts": "1425343569.000018"
    },
    {
        "type": "message",
        "user": "U03BWPJG0",
        "text": "lectures are a mess, but oddly amusing",
        "edited": {
            "user": "U03BWPJG0",
            "ts": "1425343702.000000"
        },
        "ts": "1425343569.000019"
    },
    {
        "type": "message",
        "user": "U03BWRML2",
        "text": "Where to meet ",
        "ts": "1425343928.000021"
    },
    {
        "type": "message",
        "user": "U03BWRML2",
        "text": "\u2026",
        "ts": "1425344825.000002"
    },
    {
        "type": "message",
        "user": "U03BWPJG0",
        "text": "BA2165",
        "ts": "1425345050.000003"
    },
    {
        "type": "message",
        "user": "U03BWRML2",
        "text": "thx",
        "ts": "1425345163.000004"
    }
]