[
    {
        "user": "U03BUNNPT",
        "type": "message",
        "subtype": "channel_join",
        "text": "<@U03BUNNPT|arkon> has joined the channel",
        "ts": "1421191493.000000"
    },
    {
        "user": "U03BWPJG0",
        "type": "message",
        "subtype": "channel_join",
        "text": "<@U03BWPJG0|christina> has joined the channel",
        "ts": "1421191758.000002"
    },
    {
        "user": "U03BURB6R",
        "type": "message",
        "subtype": "channel_join",
        "text": "<@U03BURB6R|eric> has joined the channel",
        "ts": "1421192192.000003"
    },
    {
        "user": "U03BWRML2",
        "type": "message",
        "subtype": "channel_join",
        "text": "<@U03BWRML2|inks> has joined the channel",
        "ts": "1421192298.000004"
    },
    {
        "user": "U03BUNNPT",
        "members": [
            "U03BUNNPT",
            "U03BURB6R",
            "U03BWPJG0",
            "U03BWRML2"
        ],
        "type": "message",
        "subtype": "channel_archive",
        "text": "<@U03BUNNPT|arkon> archived the channel (w\/ 4 members)",
        "ts": "1421195576.000005"
    }
]