[
    {
        "user": "U03BUNNPT",
        "type": "message",
        "subtype": "channel_join",
        "text": "<@U03BUNNPT|arkon> has joined the channel",
        "ts": "1423187086.000002"
    },
    {
        "user": "U03BUNNPT",
        "type": "message",
        "subtype": "channel_unarchive",
        "text": "<@U03BUNNPT|arkon> un-archived the channel",
        "ts": "1423187086.000003"
    },
    {
        "user": "U03BWPJG0",
        "type": "message",
        "subtype": "channel_join",
        "text": "<@U03BWPJG0|christina> has joined the channel",
        "ts": "1423187114.000004"
    },
    {
        "user": "U03BWPJG0",
        "type": "message",
        "subtype": "channel_leave",
        "text": "<@U03BWPJG0|christina> has left the channel",
        "ts": "1423187141.000005"
    },
    {
        "user": "U03BX7SQ1",
        "type": "message",
        "subtype": "channel_join",
        "text": "<@U03BX7SQ1|sharon> has joined the channel",
        "ts": "1423187190.000006"
    },
    {
        "user": "U03C8TPEQ",
        "type": "message",
        "subtype": "channel_join",
        "text": "<@U03C8TPEQ|shicmuon> has joined the channel",
        "ts": "1423187451.000007"
    },
    {
        "user": "U03C9PL8U",
        "type": "message",
        "subtype": "channel_join",
        "text": "<@U03C9PL8U|ben.> has joined the channel",
        "ts": "1423189443.000008"
    },
    {
        "user": "U03BWPJG0",
        "type": "message",
        "subtype": "channel_join",
        "text": "<@U03BWPJG0|christina> has joined the channel",
        "ts": "1423191006.000009"
    },
    {
        "type": "message",
        "user": "U03C8TPEQ",
        "text": "DIGIMON",
        "ts": "1423191688.000010"
    },
    {
        "type": "message",
        "user": "U03BWPJG0",
        "text": "is Digimon still a thing even",
        "ts": "1423191778.000011"
    },
    {
        "type": "message",
        "user": "U03C8TPEQ",
        "text": "YES",
        "ts": "1423191808.000012"
    },
    {
        "type": "message",
        "user": "U03C8TPEQ",
        "text": "one of the most popular karaoke songs in japan is a digimon opening = =",
        "ts": "1423191832.000013"
    },
    {
        "user": "U03BWRML2",
        "type": "message",
        "subtype": "channel_join",
        "text": "<@U03BWRML2|inks> has joined the channel",
        "ts": "1423192314.000014"
    },
    {
        "type": "message",
        "user": "U03BWRML2",
        "text": "...",
        "ts": "1423192348.000015"
    },
    {
        "type": "message",
        "user": "U03C8TPEQ",
        "text": "?",
        "ts": "1423193113.000016"
    },
    {
        "type": "message",
        "user": "U03BWRML2",
        "text": "nth",
        "ts": "1423193201.000017"
    },
    {
        "type": "message",
        "user": "U03BWRML2",
        "text": "3.14% of sailors are Pi-Rates.   &lt;--  is it funny?",
        "ts": "1423195782.000018"
    },
    {
        "type": "message",
        "user": "U03BWPJG0",
        "text": "I dunno, pi jokes are so irrational",
        "ts": "1423195897.000019"
    },
    {
        "type": "message",
        "user": "U03BWRML2",
        "text": "le",
        "ts": "1423195932.000020"
    },
    {
        "type": "message",
        "user": "U03BWRML2",
        "text": "l",
        "ts": "1423195934.000021"
    },
    {
        "type": "message",
        "user": "U03BWRML2",
        "text": "i will mark this down",
        "ts": "1423195972.000022"
    },
    {
        "type": "message",
        "user": "U03BWRML2",
        "text": "for interview questions",
        "ts": "1423196032.000023"
    },
    {
        "type": "message",
        "user": "U03BWPJG0",
        "text": "they ask you for pi jokes?",
        "ts": "1423196196.000024"
    },
    {
        "type": "message",
        "user": "U03BWRML2",
        "text": "any joke",
        "ts": "1423196231.000025"
    },
    {
        "type": "message",
        "user": "U03BWRML2",
        "text": "<https:\/\/www.youtube.com\/watch?v=qMyOhSEa794>",
        "attachments": [
            {
                "service_name": "YouTube",
                "service_url": "http:\/\/www.youtube.com\/",
                "title": "evangelion: Another Impact",
                "title_link": "https:\/\/www.youtube.com\/watch?v=qMyOhSEa794",
                "author_name": "moviesfan2k12",
                "author_link": "http:\/\/www.youtube.com\/channel\/UC0dlk_h9hNNCSon7OuZsGtQ",
                "thumb_url": "http:\/\/i.ytimg.com\/vi\/qMyOhSEa794\/hqdefault.jpg",
                "thumb_width": 480,
                "thumb_height": 360,
                "fallback": "YouTube Video: evangelion: Another Impact",
                "video_html": "<iframe width=\"400\" height=\"225\" src=\"http:\/\/www.youtube.com\/embed\/qMyOhSEa794?feature=oembed\" frameborder=\"0\" allowfullscreen><\/iframe>",
                "video_html_width": 400,
                "video_html_height": 225,
                "from_url": "https:\/\/www.youtube.com\/watch?v=qMyOhSEa794",
                "id": 1
            }
        ],
        "ts": "1423200864.000026"
    }
]