[
    {
        "type": "message",
        "subtype": "file_share",
        "text": "<@U03BWRML2|inks> uploaded a file: <https:\/\/ultrathins.slack.com\/files\/inks\/F03RDDZNG\/slack_for_ios_upload.jpg|Slack for iOS Upload>",
        "file": {
            "id": "F03RDDZNG",
            "created": 1425006062,
            "timestamp": 1425006062,
            "name": "Slack for iOS Upload.jpg",
            "title": "Slack for iOS Upload",
            "mimetype": "image\/jpeg",
            "filetype": "jpg",
            "pretty_type": "JPEG",
            "user": "U03BWRML2",
            "editable": false,
            "size": 90136,
            "mode": "hosted",
            "is_external": false,
            "external_type": "",
            "is_public": true,
            "public_url_shared": false,
            "url": "https:\/\/slack-files.com\/files-pub\/T03BUNNPM-F03RDDZNG-785148cd76\/slack_for_ios_upload.jpg",
            "url_download": "https:\/\/slack-files.com\/files-pub\/T03BUNNPM-F03RDDZNG-785148cd76\/download\/slack_for_ios_upload.jpg",
            "url_private": "https:\/\/files.slack.com\/files-pri\/T03BUNNPM-F03RDDZNG\/slack_for_ios_upload.jpg",
            "url_private_download": "https:\/\/files.slack.com\/files-pri\/T03BUNNPM-F03RDDZNG\/download\/slack_for_ios_upload.jpg",
            "thumb_64": "https:\/\/slack-files.com\/files-tmb\/T03BUNNPM-F03RDDZNG-3421a888ca\/slack_for_ios_upload_64.png",
            "thumb_80": "https:\/\/slack-files.com\/files-tmb\/T03BUNNPM-F03RDDZNG-3421a888ca\/slack_for_ios_upload_80.png",
            "thumb_360": "https:\/\/slack-files.com\/files-tmb\/T03BUNNPM-F03RDDZNG-3421a888ca\/slack_for_ios_upload_360.png",
            "thumb_360_w": 203,
            "thumb_360_h": 360,
            "thumb_160": "https:\/\/slack-files.com\/files-tmb\/T03BUNNPM-F03RDDZNG-3421a888ca\/slack_for_ios_upload_160.png",
            "thumb_720": "https:\/\/slack-files.com\/files-tmb\/T03BUNNPM-F03RDDZNG-3421a888ca\/slack_for_ios_upload_720.png",
            "thumb_720_w": 406,
            "thumb_720_h": 720,
            "image_exif_rotation": 1,
            "permalink": "https:\/\/ultrathins.slack.com\/files\/inks\/F03RDDZNG\/slack_for_ios_upload.jpg",
            "permalink_public": "https:\/\/slack-files.com\/T03BUNNPM-F03RDDZNG-785148cd76",
            "channels": [
                "C03BUNNR1"
            ],
            "groups": [],
            "ims": [],
            "comments_count": 0
        },
        "user": "U03BWRML2",
        "upload": true,
        "ts": "1425006066.000002"
    },
    {
        "type": "message",
        "user": "U03BWRML2",
        "text": "what color it is\uff1f",
        "ts": "1425006071.000003"
    },
    {
        "type": "message",
        "user": "U03BWPJG0",
        "text": "...striped?",
        "ts": "1425006080.000004"
    },
    {
        "type": "message",
        "user": "U03BWRML2",
        "text": "i mean the color of this cloth",
        "ts": "1425006183.000005"
    },
    {
        "type": "message",
        "user": "U03BUNNPT",
        "text": "white and gold?",
        "ts": "1425006189.000006"
    },
    {
        "type": "message",
        "user": "U03BWRML2",
        "text": "white and gold wow?",
        "ts": "1425006198.000007"
    },
    {
        "type": "message",
        "user": "U03BWRML2",
        "text": "anymore?",
        "ts": "1425006203.000008"
    },
    {
        "type": "message",
        "user": "U03BWPJG0",
        "text": "is it shiny",
        "ts": "1425006223.000009"
    },
    {
        "type": "message",
        "user": "U03BWRML2",
        "text": "don't know",
        "ts": "1425006236.000010"
    },
    {
        "type": "message",
        "user": "U03BWRML2",
        "text": "whats the first color comes up in your mind",
        "ts": "1425006258.000011"
    },
    {
        "type": "message",
        "user": "U03BWPJG0",
        "text": "mud yellow..?",
        "ts": "1425006330.000013"
    },
    {
        "type": "message",
        "user": "U03C9PL8U",
        "text": "I got sent this a few hours ago, it was def gold\/white then but now reopening the buzzfeed link about it it's def blue\/black",
        "ts": "1425006377.000014"
    },
    {
        "type": "message",
        "user": "U03BWPJG0",
        "text": "so what is this about",
        "ts": "1425006430.000015"
    },
    {
        "type": "message",
        "user": "U03C9PL8U",
        "text": "<http:\/\/www.buzzfeed.com\/catesish\/help-am-i-going-insane-its-definitely-blue#.oiN4mB184>",
        "attachments": [
            {
                "service_name": "BuzzFeed",
                "title": "What Colors Are This Dress?",
                "title_link": "http:\/\/www.buzzfeed.com\/catesish\/help-am-i-going-insane-its-definitely-blue#.oiN4mB184",
                "text": "There's a lot of debate on Tumblr about this right now, and we need to settle it. This is important because I think I'm going insane.",
                "fallback": "BuzzFeed: What Colors Are This Dress?",
                "image_url": "http:\/\/s3-static-ak.buzzfed.com\/static\/2015-02\/26\/18\/campaign_images\/webdr06\/what-colors-are-this-dress-2-3983-1424993896-0_big.jpg",
                "image_width": 355,
                "image_height": 236,
                "from_url": "http:\/\/www.buzzfeed.com\/catesish\/help-am-i-going-insane-its-definitely-blue#.oiN4mB184",
                "image_bytes": 17541,
                "id": 1
            }
        ],
        "ts": "1425006484.000016"
    },
    {
        "type": "message",
        "user": "U03BUNNPT",
        "text": "<http:\/\/www.buzzfeed.com\/kirstenking\/this-dress-is-taking-over#.mgkpEEXWB>",
        "attachments": [
            {
                "service_name": "BuzzFeed",
                "title": "People Are Losing Their Minds Over This Dress",
                "title_link": "http:\/\/www.buzzfeed.com\/kirstenking\/this-dress-is-taking-over#.mgkpEEXWB",
                "text": "Honestly, I am too.",
                "fallback": "BuzzFeed: People Are Losing Their Minds Over This Dress",
                "image_url": "http:\/\/s3-static-ak.buzzfed.com\/static\/2015-02\/26\/21\/campaign_images\/webdr14\/people-are-losing-their-minds-over-this-dress-2-2348-1425004562-0_big.jpg",
                "image_width": 355,
                "image_height": 236,
                "from_url": "http:\/\/www.buzzfeed.com\/kirstenking\/this-dress-is-taking-over#.mgkpEEXWB",
                "image_bytes": 13539,
                "id": 1
            }
        ],
        "ts": "1425006526.000018"
    },
    {
        "type": "message",
        "user": "U03BUNNPT",
        "text": "wat",
        "ts": "1425006526.000019"
    },
    {
        "type": "message",
        "user": "U03BWPJG0",
        "text": "i'm so confused",
        "ts": "1425006559.000021"
    },
    {
        "type": "message",
        "user": "U03C9PL8U",
        "text": "srsly it was white before kinda freaking out",
        "ts": "1425006559.000022"
    },
    {
        "type": "message",
        "user": "U03C9PL8U",
        "text": "and I checked again on my phone where I first saw it, it's blue now too",
        "ts": "1425006574.000023"
    },
    {
        "type": "message",
        "user": "U03BUNNPT",
        "text": "uuh not seeing the blue\/black",
        "ts": "1425006575.000024"
    },
    {
        "type": "message",
        "user": "U03BWPJG0",
        "text": "^",
        "ts": "1425006579.000025"
    },
    {
        "type": "message",
        "user": "U03C9PL8U",
        "text": "neither did I an hour or two ago",
        "ts": "1425006591.000026"
    },
    {
        "type": "message",
        "user": "U03BUNNPT",
        "text": "I guess I'll come back to this later",
        "ts": "1425006605.000027"
    },
    {
        "type": "message",
        "user": "U03BWRML2",
        "text": "its gonna be a war",
        "ts": "1425006661.000028"
    },
    {
        "type": "message",
        "user": "U03BWPJG0",
        "text": "i'm still like \"wut\"",
        "ts": "1425006678.000029"
    },
    {
        "type": "message",
        "user": "U03BWPJG0",
        "text": "but too tired to do anything else so i'll just sit here and stare at it",
        "ts": "1425006690.000030"
    },
    {
        "type": "message",
        "user": "U03BWRML2",
        "text": "hahahaha",
        "ts": "1425006780.000031"
    },
    {
        "type": "message",
        "user": "U03C9PL8U",
        "text": "fuck I scrolled up and it was starting to go back to white\/yellow",
        "ts": "1425006884.000032"
    },
    {
        "type": "message",
        "user": "U03C9PL8U",
        "text": "I regret to inform everyone it's blue\n<https:\/\/twitter.com\/Adobe\/status\/571123202568491010>",
        "attachments": [
            {
                "fallback": "<https:\/\/twitter.com\/Adobe|@Adobe>: For those seeing #WhiteandGold in #TheDress (<http:\/\/bit.ly\/1APDFay>), <https:\/\/twitter.com\/hopetaylorphoto|@hopetaylorphoto> ends the debate. <https:\/\/pbs.twimg.com\/media\/B-0JhtPUIAAGm-8.png>",
                "ts": 1425001357,
                "author_name": "Adobe",
                "author_link": "https:\/\/twitter.com\/Adobe\/status\/571123202568491010",
                "author_icon": "https:\/\/pbs.twimg.com\/profile_images\/568277776193437696\/2sNKWpXi_normal.png",
                "author_subname": "@Adobe",
                "text": "For those seeing #WhiteandGold in #TheDress (<http:\/\/bit.ly\/1APDFay>), <https:\/\/twitter.com\/hopetaylorphoto|@hopetaylorphoto> ends the debate. <https:\/\/pbs.twimg.com\/media\/B-0JhtPUIAAGm-8.png>",
                "service_name": "twitter",
                "service_url": "https:\/\/twitter.com\/",
                "image_url": "https:\/\/pbs.twimg.com\/media\/B-0JhtPUIAAGm-8.png",
                "image_width": 507,
                "image_height": 610,
                "image_bytes": 185991,
                "from_url": "https:\/\/twitter.com\/Adobe\/status\/571123202568491010",
                "id": 1
            }
        ],
        "ts": "1425006958.000033"
    },
    {
        "type": "message",
        "user": "U03BUNNPT",
        "text": "well yeah it's really light blue because of the lighting, which I can see",
        "ts": "1425006988.000035"
    },
    {
        "type": "message",
        "user": "U03C9PL8U",
        "text": "<http:\/\/www.buzzfeed.com\/briangalindo\/we-may-have-found-the-which-color-is-this-dress-and-its-blue#.xm7AQ5GWA>",
        "attachments": [
            {
                "service_name": "BuzzFeed",
                "title": "We May Have Found The \"What Colors Are This?\" Dress And It's BLUE",
                "title_link": "http:\/\/www.buzzfeed.com\/briangalindo\/we-may-have-found-the-which-color-is-this-dress-and-its-blue#.xm7AQ5GWA",
                "text": "This might be the biggest debate of our time.",
                "fallback": "BuzzFeed: We May Have Found The \"What Colors Are This?\" Dress And It's BLUE",
                "image_url": "http:\/\/s3-static-ak.buzzfed.com\/static\/2015-02\/26\/20\/campaign_images\/webdr05\/we-may-have-found-the-what-colors-are-this-dress--2-24536-1425001788-1_big.jpg",
                "image_width": 355,
                "image_height": 236,
                "from_url": "http:\/\/www.buzzfeed.com\/briangalindo\/we-may-have-found-the-which-color-is-this-dress-and-its-blue#.xm7AQ5GWA",
                "image_bytes": 25723,
                "id": 1
            }
        ],
        "ts": "1425006989.000036"
    },
    {
        "type": "message",
        "user": "U03BWPJG0",
        "text": "but there's no blakc",
        "ts": "1425006989.000037"
    },
    {
        "type": "message",
        "user": "U03BUNNPT",
        "text": "but like, black?",
        "ts": "1425006991.000039"
    },
    {
        "type": "message",
        "user": "U03C9PL8U",
        "text": "check my 2nd buzzfeed link they found the store it's from. they sell blue\/black but not white\/gold",
        "ts": "1425007022.000040"
    },
    {
        "type": "message",
        "user": "U03BUNNPT",
        "text": ":neutral_face:",
        "ts": "1425007029.000041"
    },
    {
        "type": "message",
        "user": "U03BUNNPT",
        "text": "mfw",
        "ts": "1425007030.000042"
    },
    {
        "type": "message",
        "user": "U03BWRML2",
        "text": "yes!",
        "ts": "1425007083.000043"
    },
    {
        "type": "message",
        "user": "U03BUNNPT",
        "text": "what if it's a chinese knockoff of the dress :kappa:",
        "ts": "1425007093.000044"
    },
    {
        "type": "message",
        "user": "U03C9PL8U",
        "text": "congrats Inks",
        "ts": "1425007116.000045"
    },
    {
        "type": "message",
        "user": "U03BWRML2",
        "text": "but the two dress has some part difference",
        "ts": "1425007329.000047"
    },
    {
        "type": "message",
        "user": "U03BWRML2",
        "text": "sleeve",
        "ts": "1425007344.000048"
    },
    {
        "type": "message",
        "user": "U03BWRML2",
        "text": "so i cannot tell blue party totally win",
        "ts": "1425007359.000049"
    },
    {
        "type": "message",
        "user": "U03BWRML2",
        "text": "until someone take that pic again lol",
        "ts": "1425007367.000050"
    },
    {
        "type": "message",
        "user": "U03BWPJG0",
        "text": "lol i put it through a color blind filter to see if i could make it more blue\/black",
        "ts": "1425007398.000051"
    },
    {
        "type": "message",
        "user": "U03BWPJG0",
        "text": "nope",
        "ts": "1425007400.000052"
    },
    {
        "type": "message",
        "user": "U03BWRML2",
        "text": ": o",
        "ts": "1425007469.000053"
    },
    {
        "type": "message",
        "user": "U03BWPJG0",
        "text": "huh, it does look bluer than it did an hour ago",
        "ts": "1425012254.000054"
    },
    {
        "type": "message",
        "user": "U03BWPJG0",
        "text": "still more like blue\/gold though",
        "ts": "1425012269.000055"
    },
    {
        "type": "message",
        "user": "U03BUNNPT",
        "text": "^",
        "ts": "1425012750.000056"
    },
    {
        "type": "message",
        "user": "U03BWRML2",
        "text": "LOL",
        "ts": "1425012866.000057"
    },
    {
        "type": "message",
        "user": "U03BWRML2",
        "text": "ppl cannot wait to buy one",
        "ts": "1425012903.000058"
    },
    {
        "type": "message",
        "user": "U03BWPJG0",
        "text": "waiting for news about the strike zzz",
        "ts": "1425013002.000059"
    },
    {
        "type": "message",
        "user": "U03BUNNPT",
        "text": "gg",
        "ts": "1425013055.000060"
    },
    {
        "type": "message",
        "user": "U03BUNNPT",
        "text": "not even sure if I can work tmw",
        "ts": "1425013059.000061"
    },
    {
        "type": "message",
        "user": "U03BWPJG0",
        "text": "help make some beautifully designed picket signs :stuck_out_tongue:",
        "ts": "1425013316.000062"
    },
    {
        "type": "message",
        "user": "U03BUNNPT",
        "text": "lol no thanks",
        "ts": "1425013333.000063"
    },
    {
        "type": "message",
        "user": "U03BWPJG0",
        "text": "so is it happening",
        "ts": "1425013494.000064"
    },
    {
        "type": "message",
        "user": "U03BUNNPT",
        "text": "\u00af\\_(\u30c4)_\/\u00af",
        "ts": "1425013822.000065"
    },
    {
        "type": "message",
        "user": "U03BWRML2",
        "text": "no pay during strike?",
        "ts": "1425013865.000066"
    },
    {
        "type": "message",
        "user": "U03BUNNPT",
        "text": "you can picket during the strike to get paid, or sign a contract with the uni to keep working",
        "ts": "1425013909.000067"
    },
    {
        "type": "message",
        "user": "U03BWPJG0",
        "text": "did everyone just decide to go to sleep without updating ._.",
        "ts": "1425014107.000068"
    },
    {
        "type": "message",
        "user": "U03BWRML2",
        "text": "lol",
        "ts": "1425014137.000069"
    },
    {
        "type": "message",
        "user": "U03BUNNPT",
        "text": "dis university",
        "ts": "1425014293.000070"
    },
    {
        "type": "message",
        "user": "U03BUNNPT",
        "text": "<https:\/\/twitter.com\/CP24\/status\/571176964305907712>",
        "ts": "1425014361.000071"
    },
    {
        "type": "message",
        "user": "U03BUNNPT",
        "text": "tfw news comes from CP24 first",
        "ts": "1425014367.000072"
    },
    {
        "type": "message",
        "user": "U03BWPJG0",
        "text": "lol such a non-answer",
        "ts": "1425014480.000073"
    },
    {
        "type": "message",
        "user": "U03BWRML2",
        "text": "sad",
        "ts": "1425014615.000074"
    },
    {
        "type": "message",
        "user": "U03BWRML2",
        "text": "so class continue\uff1f",
        "ts": "1425014650.000075"
    },
    {
        "type": "message",
        "user": "U03BUNNPT",
        "text": "...yes",
        "ts": "1425014662.000076"
    },
    {
        "type": "message",
        "user": "U03BUNNPT",
        "text": "most lectures wouldn't be affected anyway",
        "ts": "1425014676.000077"
    },
    {
        "type": "message",
        "user": "U03BWPJG0",
        "text": "lol i have this class that's like 50% lab marks",
        "ts": "1425014694.000078"
    },
    {
        "type": "message",
        "user": "U03BWPJG0",
        "text": "blah",
        "ts": "1425014712.000079"
    },
    {
        "type": "message",
        "user": "U03BWRML2",
        "text": "cool",
        "ts": "1425014714.000080"
    }
]