[
    {
        "type": "message",
        "user": "U03C9PL8U",
        "text": "If anyone is in 321, Roger and Nitish are on strike",
        "ts": "1425238325.000002"
    },
    {
        "type": "message",
        "user": "U03BWRML2",
        "text": "rip",
        "ts": "1425240724.000003"
    },
    {
        "type": "message",
        "user": "U03C8TPEQ",
        "text": "this guy got a 70 in linear algebra and wants to go to grad school for math...",
        "ts": "1425259281.000004"
    },
    {
        "type": "message",
        "user": "U03C8TPEQ",
        "text": "<http:\/\/www.reddit.com\/r\/UofT\/comments\/2xkmaq\/math_grad_marks\/>",
        "attachments": [
            {
                "service_name": "reddit",
                "title": "Math Grad Marks \u2022 \/r\/UofT",
                "title_link": "http:\/\/www.reddit.com\/r\/UofT\/comments\/2xkmaq\/math_grad_marks\/",
                "text": "Hi all! This is my first time here. I was just wondering if there are any masters students in math here and what math courses you had taken in...",
                "fallback": "reddit: Math Grad Marks \u2022 \/r\/UofT",
                "thumb_url": "http:\/\/www.redditstatic.com\/icon.png",
                "from_url": "http:\/\/www.reddit.com\/r\/UofT\/comments\/2xkmaq\/math_grad_marks\/",
                "thumb_width": 256,
                "thumb_height": 256,
                "id": 1
            }
        ],
        "ts": "1425259283.000005"
    },
    {
        "type": "message",
        "user": "U03BWPJG0",
        "text": "lol I got a 40 on my CSC120 midterm and decided to switch majors to CS",
        "edited": {
            "user": "U03BWPJG0",
            "ts": "1425259514.000000"
        },
        "ts": "1425259507.000007"
    },
    {
        "type": "message",
        "user": "U03BUNNPT",
        "text": "I feel like there's more to that story but okay",
        "ts": "1425259601.000009"
    },
    {
        "type": "message",
        "user": "U03BWRML2",
        "text": "yes",
        "ts": "1425262765.000010"
    },
    {
        "type": "message",
        "user": "U03BWRML2",
        "text": "<https:\/\/www.youtube.com\/watch?v=nq__sCfpqvA>",
        "attachments": [
            {
                "service_name": "YouTube",
                "service_url": "http:\/\/www.youtube.com\/",
                "title": "1 minute of Priest saying \"WOLOLOOO\"",
                "title_link": "https:\/\/www.youtube.com\/watch?v=nq__sCfpqvA",
                "author_name": "CallOf Meme",
                "author_link": "http:\/\/www.youtube.com\/user\/callofmeme",
                "thumb_url": "http:\/\/i.ytimg.com\/vi\/nq__sCfpqvA\/hqdefault.jpg",
                "thumb_width": 480,
                "thumb_height": 360,
                "fallback": "YouTube Video: 1 minute of Priest saying \"WOLOLOOO\"",
                "video_html": "<iframe width=\"400\" height=\"300\" src=\"http:\/\/www.youtube.com\/embed\/nq__sCfpqvA?feature=oembed\" frameborder=\"0\" allowfullscreen><\/iframe>",
                "video_html_width": 400,
                "video_html_height": 300,
                "from_url": "https:\/\/www.youtube.com\/watch?v=nq__sCfpqvA",
                "id": 1
            }
        ],
        "ts": "1425262766.000011"
    }
]