[
    {
        "type": "message",
        "user": "U03BWPJG0",
        "text": "<http:\/\/i.imgur.com\/TTtG8zJ.png>",
        "attachments": [
            {
                "from_url": "http:\/\/i.imgur.com\/TTtG8zJ.png",
                "fallback": "433x97px image",
                "image_url": "http:\/\/i.imgur.com\/TTtG8zJ.png",
                "image_width": 433,
                "image_height": 97,
                "image_bytes": 26601,
                "id": 1
            }
        ],
        "edited": {
            "user": "U03BWPJG0",
            "ts": "1423678486.000000"
        },
        "ts": "1423678459.000002"
    },
    {
        "type": "message",
        "user": "U03BWPJG0",
        "text": "<@U03BUNNPT>: I don't suppose that was your doing",
        "ts": "1423678470.000003"
    },
    {
        "type": "message",
        "user": "U03C9PL8U",
        "text": "<@U03BWPJG0>: this is the source\n<http:\/\/www.reddit.com\/r\/UofT\/comments\/2vhydf\/how_are_some_people_so_smart\/cohv9sv>",
        "attachments": [
            {
                "service_name": "reddit",
                "title": "How are some people so smart? \u2022 \/r\/UofT",
                "title_link": "http:\/\/www.reddit.com\/r\/UofT\/comments\/2vhydf\/how_are_some_people_so_smart\/cohv9sv",
                "text": "I love those students. They are so helpful! Also shoutout to Eugene who TA'd 207 last semester and answered EVERY SINGLE QUESTION INSTANTLY....",
                "fallback": "reddit: How are some people so smart? \u2022 \/r\/UofT",
                "thumb_url": "http:\/\/www.redditstatic.com\/icon.png",
                "from_url": "http:\/\/www.reddit.com\/r\/UofT\/comments\/2vhydf\/how_are_some_people_so_smart\/cohv9sv",
                "thumb_width": 256,
                "thumb_height": 256,
                "id": 1
            }
        ],
        "ts": "1423682590.000002"
    },
    {
        "type": "message",
        "user": "U03BUNNPT",
        "text": "It's Jonathan's page",
        "ts": "1423684817.000002"
    }
]