[
    {
        "type": "message",
        "user": "U03BWPJG0",
        "text": "<http:\/\/www.provost.utoronto.ca\/office\/2015strikeupdates.htm?utm_source=UofTHome&amp;utm_medium=Announcement>",
        "attachments": [
            {
                "text": "University of Toronto Office of the Vice-President and Provost",
                "fallback": "University of Toronto Office of the Vice-President and Provost",
                "from_url": "http:\/\/www.provost.utoronto.ca\/office\/2015strikeupdates.htm?utm_source=UofTHome&utm_medium=Announcement",
                "id": 1
            }
        ],
        "ts": "1425028931.000002"
    },
    {
        "type": "message",
        "user": "U03BWPJG0",
        "text": "no strike?",
        "ts": "1425028933.000004"
    },
    {
        "type": "message",
        "user": "U03BUNNPT",
        "text": "No strike :thumbsup: ",
        "ts": "1425044543.000002"
    },
    {
        "type": "message",
        "user": "U03BUNNPT",
        "text": "Unless they reject the deal later",
        "ts": "1425044551.000003"
    },
    {
        "type": "message",
        "user": "U03BWPJG0",
        "text": "<http:\/\/i.imgur.com\/Ug0PoPT.jpg>",
        "attachments": [
            {
                "from_url": "http:\/\/i.imgur.com\/Ug0PoPT.jpg",
                "fallback": "1019x465px image",
                "image_url": "http:\/\/i.imgur.com\/Ug0PoPT.jpg",
                "image_width": 1019,
                "image_height": 465,
                "image_bytes": 196288,
                "id": 1
            }
        ],
        "ts": "1425063161.000002"
    },
    {
        "type": "message",
        "user": "U03C8TPEQ",
        "text": "yeah i still don't see the black",
        "ts": "1425063259.000004"
    },
    {
        "type": "message",
        "user": "U03BWPJG0",
        "text": "yeah me neither",
        "ts": "1425063312.000005"
    },
    {
        "type": "message",
        "user": "U03BWRML2",
        "text": "oh my",
        "ts": "1425063970.000006"
    },
    {
        "type": "message",
        "user": "U03BWRML2",
        "text": "Seems more ppl buy white gold ",
        "ts": "1425064017.000007"
    },
    {
        "type": "message",
        "user": "U03BWRML2",
        "text": "weibo",
        "ts": "1425064366.000008"
    },
    {
        "type": "message",
        "user": "U03BWRML2",
        "text": "Twitter like stuff",
        "ts": "1425064378.000009"
    },
    {
        "type": "message",
        "user": "U03BWRML2",
        "text": "But with comment function",
        "ts": "1425064386.000010"
    },
    {
        "type": "message",
        "user": "U03BWPJG0",
        "text": "paying attention to class are we",
        "ts": "1425064413.000011"
    },
    {
        "type": "message",
        "user": "U03BWPJG0",
        "text": "lol I can see your screen",
        "ts": "1425064419.000012"
    },
    {
        "type": "message",
        "user": "U03BWRML2",
        "text": "yay",
        "ts": "1425064442.000013"
    },
    {
        "type": "message",
        "user": "U03BWRML2",
        "text": "Lots of old stuff from twitter reddit etc",
        "ts": "1425064589.000014"
    },
    {
        "type": "message",
        "user": "U03BWRML2",
        "text": "Got translated into Chinese, and becomes popular in China",
        "ts": "1425064608.000015"
    },
    {
        "type": "message",
        "user": "U03BWPJG0",
        "text": "what, is reddit blocked there",
        "ts": "1425064668.000016"
    },
    {
        "type": "message",
        "user": "U03BWRML2",
        "text": "No, but most of Chinese are lazy to read english",
        "ts": "1425064920.000017"
    },
    {
        "type": "message",
        "user": "U03BWPJG0",
        "text": "lol right",
        "ts": "1425064938.000018"
    },
    {
        "type": "message",
        "user": "U03C8TPEQ",
        "text": "yep",
        "ts": "1425071173.000002"
    },
    {
        "type": "message",
        "user": "U03C8TPEQ",
        "text": "lazy to read chinese",
        "ts": "1425071176.000003"
    },
    {
        "type": "message",
        "user": "U03BWRML2",
        "text": "lel",
        "ts": "1425073059.000004"
    },
    {
        "type": "message",
        "subtype": "file_share",
        "text": "<@U03BWRML2|inks> uploaded a file: <https:\/\/ultrathins.slack.com\/files\/inks\/F03RPNREX\/__3j2mrgy__6nvnub_2sxu9.jpg|_`3J2MRGY%]6NVNUB$2SXU9.jpg>",
        "file": {
            "id": "F03RPNREX",
            "created": 1425078764,
            "timestamp": 1425078764,
            "name": "_`3J2MRGY%]6NVNUB$2SXU9.jpg",
            "title": "_`3J2MRGY%]6NVNUB$2SXU9.jpg",
            "mimetype": "image\/jpeg",
            "filetype": "jpg",
            "pretty_type": "JPEG",
            "user": "U03BWRML2",
            "editable": false,
            "size": 223414,
            "mode": "hosted",
            "is_external": false,
            "external_type": "",
            "is_public": true,
            "public_url_shared": false,
            "url": "https:\/\/slack-files.com\/files-pub\/T03BUNNPM-F03RPNREX-c79cbdd4f5\/__3j2mrgy__6nvnub_2sxu9.jpg",
            "url_download": "https:\/\/slack-files.com\/files-pub\/T03BUNNPM-F03RPNREX-c79cbdd4f5\/download\/__3j2mrgy__6nvnub_2sxu9.jpg",
            "url_private": "https:\/\/files.slack.com\/files-pri\/T03BUNNPM-F03RPNREX\/__3j2mrgy__6nvnub_2sxu9.jpg",
            "url_private_download": "https:\/\/files.slack.com\/files-pri\/T03BUNNPM-F03RPNREX\/download\/__3j2mrgy__6nvnub_2sxu9.jpg",
            "thumb_64": "https:\/\/slack-files.com\/files-tmb\/T03BUNNPM-F03RPNREX-ccb971b188\/__3j2mrgy__6nvnub_2sxu9_64.png",
            "thumb_80": "https:\/\/slack-files.com\/files-tmb\/T03BUNNPM-F03RPNREX-ccb971b188\/__3j2mrgy__6nvnub_2sxu9_80.png",
            "thumb_360": "https:\/\/slack-files.com\/files-tmb\/T03BUNNPM-F03RPNREX-ccb971b188\/__3j2mrgy__6nvnub_2sxu9_360.png",
            "thumb_360_w": 360,
            "thumb_360_h": 276,
            "thumb_160": "https:\/\/slack-files.com\/files-tmb\/T03BUNNPM-F03RPNREX-ccb971b188\/__3j2mrgy__6nvnub_2sxu9_160.png",
            "thumb_720": "https:\/\/slack-files.com\/files-tmb\/T03BUNNPM-F03RPNREX-ccb971b188\/__3j2mrgy__6nvnub_2sxu9_720.png",
            "thumb_720_w": 720,
            "thumb_720_h": 552,
            "image_exif_rotation": 1,
            "permalink": "https:\/\/ultrathins.slack.com\/files\/inks\/F03RPNREX\/__3j2mrgy__6nvnub_2sxu9.jpg",
            "permalink_public": "https:\/\/slack-files.com\/T03BUNNPM-F03RPNREX-c79cbdd4f5",
            "channels": [
                "C03BUNNR1"
            ],
            "groups": [],
            "ims": [],
            "comments_count": 0
        },
        "user": "U03BWRML2",
        "upload": true,
        "ts": "1425078768.000005"
    },
    {
        "type": "message",
        "user": "U03BWRML2",
        "text": "book first or cover first",
        "ts": "1425078775.000006"
    },
    {
        "type": "message",
        "user": "U03BWPJG0",
        "text": "cover first",
        "ts": "1425078805.000007"
    },
    {
        "type": "message",
        "user": "U03BWPJG0",
        "text": "less effort to shop than to print a book, but that's just my theory",
        "ts": "1425078835.000008"
    },
    {
        "type": "message",
        "user": "U03BWRML2",
        "text": "if cover first, then where does the photo comes from...",
        "ts": "1425078939.000009"
    },
    {
        "type": "message",
        "user": "U03BWPJG0",
        "text": "take a picture of the guy holding a random book",
        "ts": "1425078962.000010"
    },
    {
        "type": "message",
        "user": "U03BWPJG0",
        "text": "make cover",
        "ts": "1425078969.000011"
    },
    {
        "type": "message",
        "user": "U03BWPJG0",
        "text": "photoshop cover back onto the picture",
        "ts": "1425078974.000012"
    },
    {
        "type": "message",
        "user": "U03BWRML2",
        "text": "wow",
        "ts": "1425078976.000013"
    },
    {
        "type": "message",
        "user": "U03BWRML2",
        "text": "cool",
        "ts": "1425078979.000014"
    },
    {
        "type": "message",
        "user": "U03BWPJG0",
        "text": "idk how it's actually done but",
        "ts": "1425078988.000015"
    },
    {
        "type": "message",
        "user": "U03BWRML2",
        "text": "ps op",
        "ts": "1425078988.000016"
    },
    {
        "type": "message",
        "user": "U03BWPJG0",
        "text": "guess there is a strike? :disappointed_relieved:",
        "ts": "1425080146.000017"
    },
    {
        "type": "message",
        "user": "U03BWRML2",
        "text": "dunno",
        "ts": "1425080206.000018"
    },
    {
        "type": "message",
        "user": "U03BWRML2",
        "text": "strike on weekend?",
        "ts": "1425080218.000019"
    },
    {
        "type": "message",
        "user": "U03BWPJG0",
        "text": "Monday, unless they somehow amend the agreement over the weekend I guess",
        "ts": "1425080248.000020"
    },
    {
        "type": "message",
        "user": "U03C8TPEQ",
        "text": "well no one works on the weekend so",
        "ts": "1425080408.000021"
    },
    {
        "type": "message",
        "user": "U03BWPJG0",
        "text": "could stop marking I suppose",
        "ts": "1425080505.000022"
    },
    {
        "type": "message",
        "user": "U03BWRML2",
        "text": "sukwon is going with it?",
        "ts": "1425080520.000023"
    },
    {
        "type": "message",
        "user": "U03BWPJG0",
        "text": "ask him",
        "ts": "1425080559.000024"
    },
    {
        "type": "message",
        "user": "U03BWPJG0",
        "text": "technically it's an individual decision",
        "edited": {
            "user": "U03BWPJG0",
            "ts": "1425080572.000000"
        },
        "ts": "1425080565.000025"
    },
    {
        "type": "message",
        "user": "U03C8TPEQ",
        "text": "time to watch sails tutorial",
        "ts": "1425080787.000027"
    },
    {
        "type": "message",
        "user": "U03C8TPEQ",
        "text": "@_@",
        "ts": "1425080787.000028"
    },
    {
        "type": "message",
        "user": "U03C8TPEQ",
        "text": "what does MVC even mean",
        "ts": "1425080806.000029"
    },
    {
        "type": "message",
        "user": "U03BWRML2",
        "text": "model view controller",
        "ts": "1425080818.000030"
    },
    {
        "type": "message",
        "user": "U03C8TPEQ",
        "text": "soooo",
        "ts": "1425080836.000031"
    },
    {
        "type": "message",
        "user": "U03C8TPEQ",
        "text": "basically codeigniter&gt;",
        "ts": "1425080844.000032"
    },
    {
        "type": "message",
        "user": "U03C8TPEQ",
        "text": "?",
        "ts": "1425080845.000033"
    },
    {
        "type": "message",
        "user": "U03BWRML2",
        "text": "we can say codeigniter is one of MVC approach framework...",
        "ts": "1425080872.000034"
    },
    {
        "type": "message",
        "user": "U03BWRML2",
        "text": "i think",
        "ts": "1425080875.000035"
    },
    {
        "type": "message",
        "user": "U03C8TPEQ",
        "text": "link me sails tutorial pls",
        "ts": "1425081235.000036"
    },
    {
        "type": "message",
        "user": "U03C8TPEQ",
        "text": "o",
        "ts": "1425081282.000037"
    },
    {
        "type": "message",
        "user": "U03C8TPEQ",
        "text": "it's on the front page",
        "ts": "1425081284.000038"
    },
    {
        "type": "message",
        "user": "U03C8TPEQ",
        "text": "i didnt have flash so",
        "ts": "1425081287.000039"
    },
    {
        "type": "message",
        "user": "U03BWRML2",
        "text": "lol",
        "ts": "1425081418.000040"
    },
    {
        "type": "message",
        "user": "U03BWRML2",
        "text": "talk in general",
        "ts": "1425081434.000041"
    },
    {
        "type": "message",
        "user": "U03C8TPEQ",
        "text": "&gt;this is outdated",
        "ts": "1425081489.000042"
    },
    {
        "type": "message",
        "user": "U03C8TPEQ",
        "text": "wat",
        "ts": "1425081491.000043"
    },
    {
        "type": "message",
        "user": "U03C8TPEQ",
        "text": "IT'S FROM THE SAILS WEBSITE",
        "ts": "1425081494.000044"
    },
    {
        "type": "message",
        "user": "U03C8TPEQ",
        "text": "no",
        "ts": "1425081506.000045"
    },
    {
        "type": "message",
        "user": "U03C8TPEQ",
        "text": "general suks",
        "ts": "1425081508.000046"
    },
    {
        "type": "message",
        "user": "U03C8TPEQ",
        "text": "<https:\/\/slack-files.com\/files-tmb\/T025V5AC1-F03RN65KS-79eb42c5f7\/pasted_image_at_2015_02_27_01_14_pm_720.png>",
        "attachments": [
            {
                "from_url": "https:\/\/slack-files.com\/files-tmb\/T025V5AC1-F03RN65KS-79eb42c5f7\/pasted_image_at_2015_02_27_01_14_pm_720.png",
                "fallback": "720x720px image",
                "image_url": "https:\/\/slack-files.com\/files-tmb\/T025V5AC1-F03RN65KS-79eb42c5f7\/pasted_image_at_2015_02_27_01_14_pm_720.png",
                "image_width": 720,
                "image_height": 720,
                "image_bytes": 696380,
                "id": 1
            }
        ],
        "ts": "1425081617.000047"
    },
    {
        "type": "message",
        "user": "U03BWRML2",
        "text": "lol",
        "ts": "1425081653.000049"
    },
    {
        "type": "message",
        "user": "U03BWRML2",
        "text": "anyone go video games live next week?",
        "ts": "1425098249.000050"
    }
]