[
    {
        "type": "message",
        "user": "U03BWPJG0",
        "text": "<@U03BXCW3W> <@U03BWRML2> are you in 324 lol",
        "ts": "1421262579.000002"
    },
    {
        "type": "message",
        "user": "U03BWRML2",
        "text": "yay",
        "ts": "1421263930.000002"
    },
    {
        "user": "U03C8TPEQ",
        "type": "message",
        "subtype": "channel_join",
        "text": "<@U03C8TPEQ|shicmuon> has joined the channel",
        "ts": "1421284212.000002"
    },
    {
        "type": "message",
        "user": "U03C8TPEQ",
        "text": "soo what kind of mini games are we making exactly?",
        "ts": "1421284683.000003"
    },
    {
        "type": "message",
        "user": "U03BWRML2",
        "text": "so mini game ?",
        "ts": "1421287621.000004"
    },
    {
        "type": "message",
        "user": "U03BWRML2",
        "text": "flash",
        "ts": "1421287627.000005"
    },
    {
        "type": "message",
        "user": "U03BWPJG0",
        "text": "I was under the impression something in the spirit of flippy bit",
        "ts": "1421288021.000006"
    },
    {
        "type": "message",
        "user": "U03BWPJG0",
        "text": "If you don't figure out something fast enough you die",
        "ts": "1421288032.000007"
    },
    {
        "type": "message",
        "user": "U03BWPJG0",
        "text": "Increasing in speed\/difficulty?",
        "ts": "1421288046.000008"
    },
    {
        "type": "message",
        "user": "U03BUNNPT",
        "text": "Could also just be a tutorial-ish thing like those git things he was showing",
        "ts": "1421288152.000009"
    },
    {
        "type": "message",
        "user": "U03BUNNPT",
        "text": "Not flash because flash is dead",
        "ts": "1421288164.000010"
    },
    {
        "type": "message",
        "user": "U03BWRML2",
        "text": "joking lol. so make a web game?",
        "ts": "1421289786.000011"
    },
    {
        "type": "message",
        "user": "U03BWRML2",
        "text": "web related stuff",
        "ts": "1421289814.000012"
    },
    {
        "type": "message",
        "user": "U03BUNNPT",
        "text": "Yeah probably",
        "ts": "1421291184.000013"
    },
    {
        "type": "message",
        "user": "U03BWRML2",
        "text": "sure",
        "ts": "1421291591.000014"
    },
    {
        "type": "message",
        "user": "U03BUNNPT",
        "text": "<!group> who's taken 309?",
        "ts": "1421291601.000015"
    },
    {
        "type": "message",
        "user": "U03BUNNPT",
        "text": "or has web dev experience",
        "ts": "1421291608.000016"
    },
    {
        "type": "message",
        "user": "U03BWRML2",
        "text": "i prefer to make a web game sth",
        "ts": "1421291618.000017"
    },
    {
        "type": "message",
        "user": "U03BWRML2",
        "text": "i did 309 last term",
        "ts": "1421291641.000018"
    },
    {
        "type": "message",
        "user": "U03BUNNPT",
        "text": "perf",
        "ts": "1421291652.000019"
    },
    {
        "type": "message",
        "user": "U03BX7SQ1",
        "text": "i'm taking 309 this semester",
        "ts": "1421291665.000020"
    },
    {
        "type": "message",
        "user": "U03BUNNPT",
        "text": "I think Ben took 309 last sem",
        "ts": "1421291748.000021"
    },
    {
        "user": "U03C9PL8U",
        "type": "message",
        "subtype": "channel_join",
        "text": "<@U03C9PL8U|ben.> has joined the channel",
        "ts": "1421291997.000022"
    },
    {
        "type": "message",
        "user": "U03C9PL8U",
        "text": "yup 309 last sem",
        "ts": "1421292049.000023"
    },
    {
        "type": "message",
        "user": "U03C9PL8U",
        "text": "hate how slack always does the beginer tut when you join a new group. Like can't they tell I've seen it before since my email has been used in other ones before?",
        "ts": "1421292087.000024"
    },
    {
        "type": "message",
        "user": "U03C9PL8U",
        "text": "whoop and there goes the slackbot spam welcome messages",
        "ts": "1421292109.000025"
    },
    {
        "type": "message",
        "user": "U03BUNNPT",
        "text": "yeah at least there's a skip option",
        "ts": "1421292228.000026"
    },
    {
        "type": "message",
        "user": "U03C9PL8U",
        "text": "just found it. now to get the settings how I like them",
        "ts": "1421292243.000027"
    },
    {
        "type": "message",
        "user": "U03BWRML2",
        "text": "lel",
        "ts": "1421293277.000028"
    },
    {
        "type": "message",
        "subtype": "file_share",
        "text": "<@U03C9PL8U|ben.> uploaded a file: <https:\/\/ultrathins.slack.com\/files\/ben.\/F03C9T892\/my_eyes.png|my_eyes.png>",
        "file": {
            "id": "F03C9T892",
            "created": 1421293335,
            "timestamp": 1421293335,
            "name": "my_eyes.png",
            "title": "my_eyes.png",
            "mimetype": "image\/png",
            "filetype": "png",
            "pretty_type": "PNG",
            "user": "U03C9PL8U",
            "editable": false,
            "size": 128298,
            "mode": "hosted",
            "is_external": false,
            "external_type": "",
            "is_public": true,
            "public_url_shared": false,
            "url": "https:\/\/slack-files.com\/files-pub\/T03BUNNPM-F03C9T892-f55ff39ceb\/my_eyes.png",
            "url_download": "https:\/\/slack-files.com\/files-pub\/T03BUNNPM-F03C9T892-f55ff39ceb\/download\/my_eyes.png",
            "url_private": "https:\/\/files.slack.com\/files-pri\/T03BUNNPM-F03C9T892\/my_eyes.png",
            "url_private_download": "https:\/\/files.slack.com\/files-pri\/T03BUNNPM-F03C9T892\/download\/my_eyes.png",
            "thumb_64": "https:\/\/slack-files.com\/files-tmb\/T03BUNNPM-F03C9T892-3d7ee64808\/my_eyes_64.png",
            "thumb_80": "https:\/\/slack-files.com\/files-tmb\/T03BUNNPM-F03C9T892-3d7ee64808\/my_eyes_80.png",
            "thumb_360": "https:\/\/slack-files.com\/files-tmb\/T03BUNNPM-F03C9T892-3d7ee64808\/my_eyes_360.png",
            "thumb_360_w": 360,
            "thumb_360_h": 258,
            "thumb_160": "https:\/\/slack-files.com\/files-tmb\/T03BUNNPM-F03C9T892-3d7ee64808\/my_eyes_160.png",
            "thumb_720": "https:\/\/slack-files.com\/files-tmb\/T03BUNNPM-F03C9T892-3d7ee64808\/my_eyes_720.png",
            "thumb_720_w": 720,
            "thumb_720_h": 516,
            "thumb_1024": "https:\/\/slack-files.com\/files-tmb\/T03BUNNPM-F03C9T892-3d7ee64808\/my_eyes_1024.png",
            "thumb_1024_w": 1024,
            "thumb_1024_h": 734,
            "image_exif_rotation": 1,
            "permalink": "https:\/\/ultrathins.slack.com\/files\/ben.\/F03C9T892\/my_eyes.png",
            "permalink_public": "https:\/\/slack-files.com\/T03BUNNPM-F03C9T892-f55ff39ceb",
            "channels": [
                "C03BUNNQR"
            ],
            "groups": [],
            "ims": [],
            "comments_count": 0
        },
        "user": "U03C9PL8U",
        "upload": true,
        "ts": "1421293339.000029"
    },
    {
        "type": "message",
        "user": "U03C9PL8U",
        "text": "how long until I can't handle this anymore?",
        "ts": "1421293343.000030"
    },
    {
        "type": "message",
        "user": "U03BWPJG0",
        "text": "i'm taking 309 this semester but can do some html\/css (lol?)",
        "ts": "1421294639.000031"
    },
    {
        "type": "message",
        "user": "U03BWRML2",
        "text": ":thumbsup:",
        "ts": "1421296272.000032"
    },
    {
        "type": "message",
        "user": "U03C8TPEQ",
        "text": "Yep got that website going :)",
        "ts": "1421298747.000033"
    },
    {
        "type": "message",
        "user": "U03C9PL8U",
        "text": "mfw DOM Inspector is a thing\n<https:\/\/addons.mozilla.org\/en-US\/firefox\/addon\/dom-inspector-6622\/>",
        "attachments": [
            {
                "title": "DOM Inspector",
                "title_link": "https:\/\/addons.mozilla.org\/en-US\/firefox\/addon\/dom-inspector-6622\/",
                "text": "DOM Inspector is a tool that can be used to inspect and edit the live DOM of any web document or XUL application. The DOM can be navigated using a two-paned window displaying a variety of different views on the document and all nodes within.",
                "fallback": "DOM Inspector",
                "from_url": "https:\/\/addons.mozilla.org\/en-US\/firefox\/addon\/dom-inspector-6622\/",
                "id": 1
            }
        ],
        "ts": "1421299515.000034"
    },
    {
        "type": "message",
        "user": "U03BUNNPT",
        "text": "Yeah bro",
        "ts": "1421301498.000036"
    },
    {
        "type": "message",
        "user": "U03BUNNPT",
        "text": "Inspect Element is a DOM inspector",
        "ts": "1421301522.000037"
    }
]