[
    {
        "type": "message",
        "user": "U03C9PL8U",
        "text": "<!group> Oh are we doing a picture today? ",
        "ts": "1422305421.000002"
    },
    {
        "type": "message",
        "user": "U03BWRML2",
        "text": "I thinks so ",
        "ts": "1422305645.000003"
    },
    {
        "type": "message",
        "user": "U03BUNNPT",
        "text": "Yeah I guess",
        "ts": "1422305902.000004"
    },
    {
        "type": "message",
        "user": "U03BWRML2",
        "text": "Do it before or after lec?",
        "ts": "1422307975.000005"
    },
    {
        "type": "message",
        "user": "U03BUNNPT",
        "text": "Whenever we have time and we're all there I guess",
        "ts": "1422308100.000006"
    },
    {
        "type": "message",
        "user": "U03BX7SQ1",
        "text": "After? I can't get there early cuz I have class before that ",
        "ts": "1422308118.000007"
    },
    {
        "type": "message",
        "user": "U03BWPJG0",
        "text": "why does this course even have tutorials",
        "ts": "1422308194.000008"
    },
    {
        "type": "message",
        "user": "U03BUNNPT",
        "text": "Group meeting times",
        "ts": "1422308246.000009"
    },
    {
        "type": "message",
        "user": "U03BWRML2",
        "text": "Then TUT time ",
        "ts": "1422308767.000010"
    },
    {
        "type": "message",
        "user": "U03BUNNPT",
        "text": "<!group> remember to write a short bio about yourself: <https:\/\/docs.google.com\/document\/d\/18lOGGR3R4PVwNT7WyQkcD0-scaZqgcGaGy09wHoSBSo\/edit>",
        "ts": "1422313845.000002"
    },
    {
        "type": "message",
        "subtype": "file_share",
        "text": "<@U03BUNNPT|arkon> shared a file: <https:\/\/ultrathins.slack.com\/files\/arkon\/F03ERD478\/csc301phase1|CSC301: Phase 1>",
        "file": {
            "id": "F03ERD478",
            "created": 1422037774,
            "timestamp": 1422037774,
            "name": "CSC301Phase1",
            "title": "CSC301: Phase 1",
            "mimetype": "application\/vnd.google-apps.document",
            "filetype": "gdoc",
            "pretty_type": "GDocs Document",
            "user": "U03BUNNPT",
            "editable": false,
            "size": 40,
            "mode": "external",
            "is_external": true,
            "external_type": "gdrive",
            "is_public": true,
            "public_url_shared": false,
            "url": "https:\/\/docs.google.com\/document\/d\/18lOGGR3R4PVwNT7WyQkcD0-scaZqgcGaGy09wHoSBSo\/edit?usp=drivesdk",
            "url_private": "https:\/\/docs.google.com\/document\/d\/18lOGGR3R4PVwNT7WyQkcD0-scaZqgcGaGy09wHoSBSo\/edit?usp=drivesdk",
            "thumb_64": "https:\/\/slack.global.ssl.fastly.net\/272a\/img\/files\/gdoc_64.png",
            "thumb_360": "https:\/\/slack.global.ssl.fastly.net\/272a\/img\/files\/gdoc_360.png",
            "thumb_360_w": 360,
            "thumb_360_h": 167,
            "permalink": "https:\/\/ultrathins.slack.com\/files\/arkon\/F03ERD478\/csc301phase1",
            "channels": [
                "C03BUNNQR"
            ],
            "groups": [],
            "ims": [],
            "comments_count": 0
        },
        "user": "U03BUNNPT",
        "upload": false,
        "ts": "1422313846.000003"
    },
    {
        "type": "message",
        "user": "U03BWPJG0",
        "text": "this is the last time he does one of these google doc things",
        "ts": "1422317241.000004"
    },
    {
        "type": "message",
        "user": "U03BXCW3W",
        "text": "LOL",
        "ts": "1422317904.000005"
    },
    {
        "type": "message",
        "user": "U03BUNNPT",
        "text": "what a disaster",
        "ts": "1422317913.000006"
    },
    {
        "type": "message",
        "user": "U03BUNNPT",
        "text": "I'm surprised there's no 8=========D 's yet",
        "ts": "1422317927.000007"
    },
    {
        "type": "message",
        "user": "U03BXCW3W",
        "text": "It's the first time the class is so active",
        "ts": "1422317961.000008"
    },
    {
        "type": "message",
        "user": "U03BXCW3W",
        "text": "Maybe not that bad...",
        "ts": "1422317979.000009"
    },
    {
        "type": "message",
        "user": "U03BWPJG0",
        "text": "are BK chicken nuggets really $1.79 right now",
        "edited": {
            "user": "U03BWPJG0",
            "ts": "1422318014.000000"
        },
        "ts": "1422317998.000010"
    },
    {
        "type": "message",
        "user": "U03BWPJG0",
        "text": "cuz that's all i learned",
        "ts": "1422318003.000011"
    },
    {
        "type": "message",
        "user": "U03C9PL8U",
        "text": "10 nuggets for 1.79",
        "ts": "1422318294.000013"
    },
    {
        "type": "message",
        "user": "U03C9PL8U",
        "text": "they're not good but what do you expect for that price?",
        "ts": "1422318312.000014"
    },
    {
        "type": "message",
        "user": "U03C9PL8U",
        "text": "<http:\/\/forums.redflagdeals.com\/burger-king-10pc-chicken-nuggets-1-79-a-1648213\/>",
        "ts": "1422318365.000015"
    },
    {
        "type": "message",
        "user": "U03C9PL8U",
        "text": "<http:\/\/i.imgur.com\/7haFCLO.jpg>",
        "attachments": [
            {
                "from_url": "http:\/\/i.imgur.com\/7haFCLO.jpg",
                "fallback": "1021x1024px image",
                "image_url": "http:\/\/i.imgur.com\/7haFCLO.jpg",
                "image_width": 1021,
                "image_height": 1024,
                "image_bytes": 198618,
                "id": 1
            }
        ],
        "ts": "1422318370.000016"
    },
    {
        "type": "message",
        "user": "U03BUNNPT",
        "text": "mm bb",
        "ts": "1422319249.000018"
    },
    {
        "type": "message",
        "user": "U03BUNNPT",
        "text": "BA 2165",
        "ts": "1422319439.000019"
    },
    {
        "user": "U03C9PL8U",
        "topic": "BA2165  https:\/\/docs.google.com\/document\/d\/18lOGGR3R4PVwNT7WyQkcD0-scaZqgcGaGy09wHoSBSo\/edit",
        "type": "message",
        "subtype": "channel_topic",
        "text": "<@U03C9PL8U|ben.> set the channel topic: BA2165  https:\/\/docs.google.com\/document\/d\/18lOGGR3R4PVwNT7WyQkcD0-scaZqgcGaGy09wHoSBSo\/edit",
        "ts": "1422319443.000020"
    },
    {
        "type": "message",
        "user": "U03BUNNPT",
        "text": "<!group> trello accounts please",
        "ts": "1422328502.000002"
    },
    {
        "type": "message",
        "user": "U03BUNNPT",
        "text": "And <@U03BWRML2> can you just post the group photo here?",
        "ts": "1422328550.000003"
    },
    {
        "type": "message",
        "user": "U03BWPJG0",
        "text": "username or email or something else for trello?",
        "ts": "1422328617.000004"
    },
    {
        "type": "message",
        "user": "U03BUNNPT",
        "text": "Uuuh I _think_ either one works?",
        "ts": "1422328717.000005"
    },
    {
        "type": "message",
        "user": "U03BWPJG0",
        "text": "lol ok, in that case",
        "ts": "1422328857.000006"
    },
    {
        "type": "message",
        "user": "U03BWPJG0",
        "text": "cchens",
        "ts": "1422328858.000007"
    },
    {
        "type": "message",
        "user": "U03BX7SQ1",
        "text": "<mailto:sharon.z.hogan@gmail.com|sharon.z.hogan@gmail.com>",
        "ts": "1422328880.000008"
    },
    {
        "type": "message",
        "user": "U03BUNNPT",
        "text": "Just missing @ben <@U03BWRML2> and <@U03BXCW3W> ",
        "ts": "1422328964.000009"
    },
    {
        "type": "message",
        "user": "U03BUNNPT",
        "text": "@ben. *",
        "ts": "1422328974.000010"
    },
    {
        "type": "message",
        "user": "U03BWPJG0",
        "text": "what's the \"Google Doc Introduction\" under in progress",
        "edited": {
            "user": "U03BWPJG0",
            "ts": "1422329344.000000"
        },
        "ts": "1422329333.000011"
    },
    {
        "type": "message",
        "user": "U03BUNNPT",
        "text": "idk",
        "ts": "1422330316.000013"
    },
    {
        "type": "message",
        "user": "U03BUNNPT",
        "text": "The project description...?",
        "ts": "1422330322.000014"
    },
    {
        "type": "message",
        "user": "U03C9PL8U",
        "text": "<mailto:ben.shaft@mail.utoronto.ca|ben.shaft@mail.utoronto.ca>",
        "ts": "1422330393.000015"
    },
    {
        "type": "message",
        "user": "U03C9PL8U",
        "text": "<@U03BUNNPT>: ^",
        "edited": {
            "user": "U03C9PL8U",
            "ts": "1422330809.000000"
        },
        "ts": "1422330797.000016"
    },
    {
        "type": "message",
        "user": "U03BUNNPT",
        "text": "Got it, added you to the board already @ben. ",
        "ts": "1422331601.000018"
    },
    {
        "type": "message",
        "user": "U03BUNNPT",
        "text": "<!group> also I think doing a tutorial based thing would be waaaaay easier\/less time consuming to do",
        "ts": "1422331639.000019"
    },
    {
        "type": "message",
        "user": "U03BUNNPT",
        "text": "Don't need to figure out how to actually gamify the stuff either",
        "ts": "1422331652.000020"
    },
    {
        "type": "message",
        "user": "U03BWPJG0",
        "text": "<https:\/\/www.youtube.com\/watch?v=ussCHoQttyQ>",
        "attachments": [
            {
                "service_name": "YouTube",
                "service_url": "http:\/\/www.youtube.com\/",
                "title": "Neutral Response",
                "title_link": "https:\/\/www.youtube.com\/watch?v=ussCHoQttyQ",
                "author_name": "leetag",
                "author_link": "http:\/\/www.youtube.com\/user\/leetag",
                "thumb_url": "http:\/\/i.ytimg.com\/vi\/ussCHoQttyQ\/hqdefault.jpg",
                "thumb_width": 480,
                "thumb_height": 360,
                "fallback": "YouTube Video: Neutral Response",
                "video_html": "<iframe width=\"400\" height=\"300\" src=\"http:\/\/www.youtube.com\/embed\/ussCHoQttyQ?feature=oembed\" frameborder=\"0\" allowfullscreen><\/iframe>",
                "video_html_width": 400,
                "video_html_height": 300,
                "from_url": "https:\/\/www.youtube.com\/watch?v=ussCHoQttyQ",
                "id": 1
            }
        ],
        "ts": "1422331716.000021"
    },
    {
        "type": "message",
        "user": "U03BWRML2",
        "text": "I will post them around 12 ",
        "ts": "1422332121.000023"
    },
    {
        "type": "message",
        "subtype": "file_share",
        "text": "<@U03BWRML2|inks> uploaded a file: <https:\/\/ultrathins.slack.com\/files\/inks\/F03FEJW0Z\/dscf0679.jpg|group1>",
        "file": {
            "id": "F03FEJW0Z",
            "created": 1422334304,
            "timestamp": 1422334304,
            "name": "DSCF0679.JPG",
            "title": "group1",
            "mimetype": "image\/jpeg",
            "filetype": "jpg",
            "pretty_type": "JPEG",
            "user": "U03BWRML2",
            "editable": false,
            "size": 4434184,
            "mode": "hosted",
            "is_external": false,
            "external_type": "",
            "is_public": true,
            "public_url_shared": false,
            "url": "https:\/\/slack-files.com\/files-pub\/T03BUNNPM-F03FEJW0Z-639526ef25\/dscf0679.jpg",
            "url_download": "https:\/\/slack-files.com\/files-pub\/T03BUNNPM-F03FEJW0Z-639526ef25\/download\/dscf0679.jpg",
            "url_private": "https:\/\/files.slack.com\/files-pri\/T03BUNNPM-F03FEJW0Z\/dscf0679.jpg",
            "url_private_download": "https:\/\/files.slack.com\/files-pri\/T03BUNNPM-F03FEJW0Z\/download\/dscf0679.jpg",
            "thumb_64": "https:\/\/slack-files.com\/files-tmb\/T03BUNNPM-F03FEJW0Z-71995e0bfb\/dscf0679_64.png",
            "thumb_80": "https:\/\/slack-files.com\/files-tmb\/T03BUNNPM-F03FEJW0Z-71995e0bfb\/dscf0679_80.png",
            "thumb_360": "https:\/\/slack-files.com\/files-tmb\/T03BUNNPM-F03FEJW0Z-71995e0bfb\/dscf0679_360.png",
            "thumb_360_w": 360,
            "thumb_360_h": 239,
            "thumb_160": "https:\/\/slack-files.com\/files-tmb\/T03BUNNPM-F03FEJW0Z-71995e0bfb\/dscf0679_160.png",
            "thumb_720": "https:\/\/slack-files.com\/files-tmb\/T03BUNNPM-F03FEJW0Z-71995e0bfb\/dscf0679_720.png",
            "thumb_720_w": 720,
            "thumb_720_h": 478,
            "thumb_1024": "https:\/\/slack-files.com\/files-tmb\/T03BUNNPM-F03FEJW0Z-71995e0bfb\/dscf0679_1024.png",
            "thumb_1024_w": 1024,
            "thumb_1024_h": 680,
            "image_exif_rotation": 1,
            "permalink": "https:\/\/ultrathins.slack.com\/files\/inks\/F03FEJW0Z\/dscf0679.jpg",
            "permalink_public": "https:\/\/slack-files.com\/T03BUNNPM-F03FEJW0Z-639526ef25",
            "channels": [
                "C03BUNNQR"
            ],
            "groups": [],
            "ims": [],
            "comments_count": 0
        },
        "user": "U03BWRML2",
        "upload": true,
        "ts": "1422334320.000024"
    },
    {
        "type": "message",
        "subtype": "file_share",
        "text": "<@U03BWRML2|inks> uploaded a file: <https:\/\/ultrathins.slack.com\/files\/inks\/F03FEK1H1\/dscf0678.jpg|group2>",
        "file": {
            "id": "F03FEK1H1",
            "created": 1422334373,
            "timestamp": 1422334373,
            "name": "DSCF0678.JPG",
            "title": "group2",
            "mimetype": "image\/jpeg",
            "filetype": "jpg",
            "pretty_type": "JPEG",
            "user": "U03BWRML2",
            "editable": false,
            "size": 4426129,
            "mode": "hosted",
            "is_external": false,
            "external_type": "",
            "is_public": true,
            "public_url_shared": false,
            "url": "https:\/\/slack-files.com\/files-pub\/T03BUNNPM-F03FEK1H1-5cbe2b3647\/dscf0678.jpg",
            "url_download": "https:\/\/slack-files.com\/files-pub\/T03BUNNPM-F03FEK1H1-5cbe2b3647\/download\/dscf0678.jpg",
            "url_private": "https:\/\/files.slack.com\/files-pri\/T03BUNNPM-F03FEK1H1\/dscf0678.jpg",
            "url_private_download": "https:\/\/files.slack.com\/files-pri\/T03BUNNPM-F03FEK1H1\/download\/dscf0678.jpg",
            "thumb_64": "https:\/\/slack-files.com\/files-tmb\/T03BUNNPM-F03FEK1H1-b561766e46\/dscf0678_64.png",
            "thumb_80": "https:\/\/slack-files.com\/files-tmb\/T03BUNNPM-F03FEK1H1-b561766e46\/dscf0678_80.png",
            "thumb_360": "https:\/\/slack-files.com\/files-tmb\/T03BUNNPM-F03FEK1H1-b561766e46\/dscf0678_360.png",
            "thumb_360_w": 360,
            "thumb_360_h": 239,
            "thumb_160": "https:\/\/slack-files.com\/files-tmb\/T03BUNNPM-F03FEK1H1-b561766e46\/dscf0678_160.png",
            "thumb_720": "https:\/\/slack-files.com\/files-tmb\/T03BUNNPM-F03FEK1H1-b561766e46\/dscf0678_720.png",
            "thumb_720_w": 720,
            "thumb_720_h": 478,
            "thumb_1024": "https:\/\/slack-files.com\/files-tmb\/T03BUNNPM-F03FEK1H1-b561766e46\/dscf0678_1024.png",
            "thumb_1024_w": 1024,
            "thumb_1024_h": 680,
            "image_exif_rotation": 1,
            "permalink": "https:\/\/ultrathins.slack.com\/files\/inks\/F03FEK1H1\/dscf0678.jpg",
            "permalink_public": "https:\/\/slack-files.com\/T03BUNNPM-F03FEK1H1-5cbe2b3647",
            "channels": [
                "C03BUNNQR"
            ],
            "groups": [],
            "ims": [],
            "comments_count": 0
        },
        "user": "U03BWRML2",
        "upload": true,
        "ts": "1422334387.000025"
    },
    {
        "type": "message",
        "user": "U03C9PL8U",
        "text": "group1.jpg &gt;&gt;&gt;&gt;&gt;&gt;&gt;",
        "ts": "1422336343.000026"
    },
    {
        "type": "message",
        "user": "U03C9PL8U",
        "text": "Especially cause I'm rocking the air bass on that one",
        "ts": "1422336374.000027"
    },
    {
        "type": "message",
        "user": "U03BUNNPT",
        "text": ":guitar:",
        "ts": "1422336725.000028"
    },
    {
        "type": "message",
        "user": "U03BWRML2",
        "text": "<http:\/\/aerobat.thew.nu\/>",
        "ts": "1422341594.000029"
    },
    {
        "type": "message",
        "subtype": "file_share",
        "text": "<@U03BWRML2|inks> uploaded a file: <https:\/\/ultrathins.slack.com\/files\/inks\/F03FF91TP\/pasted_image_at_2015_01_27_01_53_am.png|Pasted image at 2015-01-27, 1:53 AM>",
        "file": {
            "id": "F03FF91TP",
            "created": 1422341613,
            "timestamp": 1422341613,
            "name": "Pasted image at 2015_01_27 01_53 AM.png",
            "title": "Pasted image at 2015-01-27, 1:53 AM",
            "mimetype": "image\/png",
            "filetype": "png",
            "pretty_type": "PNG",
            "user": "U03BWRML2",
            "editable": false,
            "size": 296460,
            "mode": "hosted",
            "is_external": false,
            "external_type": "",
            "is_public": true,
            "public_url_shared": false,
            "url": "https:\/\/slack-files.com\/files-pub\/T03BUNNPM-F03FF91TP-c0d6178452\/pasted_image_at_2015_01_27_01_53_am.png",
            "url_download": "https:\/\/slack-files.com\/files-pub\/T03BUNNPM-F03FF91TP-c0d6178452\/download\/pasted_image_at_2015_01_27_01_53_am.png",
            "url_private": "https:\/\/files.slack.com\/files-pri\/T03BUNNPM-F03FF91TP\/pasted_image_at_2015_01_27_01_53_am.png",
            "url_private_download": "https:\/\/files.slack.com\/files-pri\/T03BUNNPM-F03FF91TP\/download\/pasted_image_at_2015_01_27_01_53_am.png",
            "thumb_64": "https:\/\/slack-files.com\/files-tmb\/T03BUNNPM-F03FF91TP-8692efcf77\/pasted_image_at_2015_01_27_01_53_am_64.png",
            "thumb_80": "https:\/\/slack-files.com\/files-tmb\/T03BUNNPM-F03FF91TP-8692efcf77\/pasted_image_at_2015_01_27_01_53_am_80.png",
            "thumb_360": "https:\/\/slack-files.com\/files-tmb\/T03BUNNPM-F03FF91TP-8692efcf77\/pasted_image_at_2015_01_27_01_53_am_360.png",
            "thumb_360_w": 360,
            "thumb_360_h": 203,
            "thumb_160": "https:\/\/slack-files.com\/files-tmb\/T03BUNNPM-F03FF91TP-8692efcf77\/pasted_image_at_2015_01_27_01_53_am_160.png",
            "image_exif_rotation": 1,
            "permalink": "https:\/\/ultrathins.slack.com\/files\/inks\/F03FF91TP\/pasted_image_at_2015_01_27_01_53_am.png",
            "permalink_public": "https:\/\/slack-files.com\/T03BUNNPM-F03FF91TP-c0d6178452",
            "channels": [
                "C03BUNNQR"
            ],
            "groups": [],
            "ims": [],
            "comments_count": 0
        },
        "user": "U03BWRML2",
        "upload": true,
        "ts": "1422341615.000030"
    }
]