[
    {
        "type": "message",
        "user": "U03BURB6R",
        "text": "alright, i wrote that weekly log",
        "ts": "1423147971.000002"
    },
    {
        "type": "message",
        "user": "U03BURB6R",
        "text": "sorta late but whatever",
        "ts": "1423147975.000003"
    },
    {
        "type": "message",
        "user": "U03BURB6R",
        "text": "i didnt actually do anything but whatever",
        "ts": "1423147987.000004"
    },
    {
        "type": "message",
        "user": "U03BURB6R",
        "text": "I gave Eugene a 5 and everyone else a 4 like we were talking about Ben",
        "ts": "1423148622.000005"
    },
    {
        "type": "message",
        "user": "U03BUNNPT",
        "text": "<!group> remember to do your individual peer evals by tonight",
        "ts": "1423165558.000002"
    },
    {
        "type": "message",
        "user": "U03BXCW3W",
        "text": "Thx!",
        "ts": "1423165669.000003"
    },
    {
        "type": "message",
        "user": "U03BWRML2",
        "text": "done",
        "ts": "1423165836.000004"
    },
    {
        "type": "message",
        "user": "U03BWRML2",
        "text": "Anyone did phone interview before?",
        "ts": "1423165847.000005"
    },
    {
        "type": "message",
        "user": "U03BUNNPT",
        "text": "Yeah",
        "ts": "1423166638.000006"
    },
    {
        "type": "message",
        "user": "U03BWRML2",
        "text": "I get a 15min interview on 4... What kind of question will they usually ask? More about tech or general? Thanks Eugene ",
        "ts": "1423166976.000007"
    },
    {
        "type": "message",
        "user": "U03BWRML2",
        "text": "nvm done : p",
        "ts": "1423173148.000008"
    },
    {
        "type": "message",
        "user": "U03BUNNPT",
        "text": "Whoops I went out",
        "ts": "1423173954.000009"
    },
    {
        "type": "message",
        "user": "U03BUNNPT",
        "text": "But that question really depends on the a scenario, I've had both",
        "ts": "1423173971.000010"
    },
    {
        "type": "message",
        "user": "U03BWRML2",
        "text": "I got general questions, anyway",
        "ts": "1423174054.000011"
    },
    {
        "type": "message",
        "user": "U03BUNNPT",
        "text": "Ah nice",
        "ts": "1423174461.000012"
    },
    {
        "type": "message",
        "user": "U03BWRML2",
        "text": ": p",
        "ts": "1423174498.000013"
    },
    {
        "type": "message",
        "user": "U03BUNNPT",
        "text": "Is it for PEY?",
        "ts": "1423174642.000014"
    },
    {
        "type": "message",
        "user": "U03BWRML2",
        "text": "yes",
        "ts": "1423174942.000015"
    },
    {
        "type": "message",
        "user": "U03BUNNPT",
        "text": "Awesome. Good luck :)",
        "ts": "1423175054.000016"
    },
    {
        "type": "message",
        "user": "U03BWRML2",
        "text": "ya : PPPPPP",
        "ts": "1423175137.000017"
    },
    {
        "type": "message",
        "user": "U03C8TPEQ",
        "text": "o they asked me to introduce myself",
        "ts": "1423184371.000018"
    },
    {
        "type": "message",
        "user": "U03C8TPEQ",
        "text": "and then i asked them if they want to know stuff not on my resume",
        "ts": "1423184386.000019"
    },
    {
        "type": "message",
        "user": "U03C8TPEQ",
        "text": ":smile:",
        "ts": "1423184387.000020"
    },
    {
        "type": "message",
        "user": "U03BWRML2",
        "text": "...",
        "ts": "1423184709.000021"
    },
    {
        "type": "message",
        "user": "U03BWRML2",
        "text": "how many pokemon do you have? \u5662\u56af",
        "edited": {
            "user": "U03BWRML2",
            "ts": "1423186621.000000"
        },
        "ts": "1423185273.000022"
    },
    {
        "type": "message",
        "user": "U03C8TPEQ",
        "text": "0",
        "ts": "1423185288.000023"
    },
    {
        "type": "message",
        "user": "U03C8TPEQ",
        "text": "I PLAY DIGIMON",
        "ts": "1423185292.000024"
    },
    {
        "type": "message",
        "user": "U03C8TPEQ",
        "text": "this rating system...",
        "ts": "1423186499.000025"
    },
    {
        "type": "message",
        "user": "U03C8TPEQ",
        "text": "seems like most people are \"average contribution\" except for eugene ?",
        "ts": "1423186539.000026"
    },
    {
        "type": "message",
        "user": "U03BWRML2",
        "text": "true story",
        "ts": "1423186570.000027"
    },
    {
        "type": "message",
        "user": "U03BWPJG0",
        "text": "*shrug*",
        "edited": {
            "user": "U03BWPJG0",
            "ts": "1423186588.000000"
        },
        "ts": "1423186575.000028"
    },
    {
        "type": "message",
        "user": "U03BWPJG0",
        "text": "lol I didn't know you can do that in Slack",
        "ts": "1423186599.000031"
    },
    {
        "type": "message",
        "subtype": "file_share",
        "text": "<@U03BWRML2|inks> uploaded a file: <https:\/\/ultrathins.slack.com\/files\/inks\/F03JMJJJK\/pasted_image_at_2015_02_05_08_36_pm.png|the only digimon I had>",
        "file": {
            "id": "F03JMJJJK",
            "created": 1423186596,
            "timestamp": 1423186596,
            "name": "Pasted image at 2015_02_05 08_36 PM.png",
            "title": "the only digimon I had",
            "mimetype": "image\/png",
            "filetype": "png",
            "pretty_type": "PNG",
            "user": "U03BWRML2",
            "editable": false,
            "size": 713357,
            "mode": "hosted",
            "is_external": false,
            "external_type": "",
            "is_public": true,
            "public_url_shared": false,
            "url": "https:\/\/slack-files.com\/files-pub\/T03BUNNPM-F03JMJJJK-1ebb3814da\/pasted_image_at_2015_02_05_08_36_pm.png",
            "url_download": "https:\/\/slack-files.com\/files-pub\/T03BUNNPM-F03JMJJJK-1ebb3814da\/download\/pasted_image_at_2015_02_05_08_36_pm.png",
            "url_private": "https:\/\/files.slack.com\/files-pri\/T03BUNNPM-F03JMJJJK\/pasted_image_at_2015_02_05_08_36_pm.png",
            "url_private_download": "https:\/\/files.slack.com\/files-pri\/T03BUNNPM-F03JMJJJK\/download\/pasted_image_at_2015_02_05_08_36_pm.png",
            "thumb_64": "https:\/\/slack-files.com\/files-tmb\/T03BUNNPM-F03JMJJJK-6c34139f05\/pasted_image_at_2015_02_05_08_36_pm_64.png",
            "thumb_80": "https:\/\/slack-files.com\/files-tmb\/T03BUNNPM-F03JMJJJK-6c34139f05\/pasted_image_at_2015_02_05_08_36_pm_80.png",
            "thumb_360": "https:\/\/slack-files.com\/files-tmb\/T03BUNNPM-F03JMJJJK-6c34139f05\/pasted_image_at_2015_02_05_08_36_pm_360.png",
            "thumb_360_w": 360,
            "thumb_360_h": 268,
            "thumb_160": "https:\/\/slack-files.com\/files-tmb\/T03BUNNPM-F03JMJJJK-6c34139f05\/pasted_image_at_2015_02_05_08_36_pm_160.png",
            "thumb_720": "https:\/\/slack-files.com\/files-tmb\/T03BUNNPM-F03JMJJJK-6c34139f05\/pasted_image_at_2015_02_05_08_36_pm_720.png",
            "thumb_720_w": 720,
            "thumb_720_h": 537,
            "image_exif_rotation": 1,
            "permalink": "https:\/\/ultrathins.slack.com\/files\/inks\/F03JMJJJK\/pasted_image_at_2015_02_05_08_36_pm.png",
            "permalink_public": "https:\/\/slack-files.com\/T03BUNNPM-F03JMJJJK-1ebb3814da",
            "channels": [
                "C03BUNNQR"
            ],
            "groups": [],
            "ims": [],
            "comments_count": 0
        },
        "user": "U03BWRML2",
        "upload": true,
        "ts": "1423186601.000032"
    },
    {
        "type": "message",
        "user": "U03C8TPEQ",
        "text": "uh",
        "ts": "1423186617.000033"
    },
    {
        "type": "message",
        "user": "U03C8TPEQ",
        "text": "what's that?",
        "ts": "1423186619.000034"
    },
    {
        "type": "message",
        "user": "U03C8TPEQ",
        "text": "which digimon is it",
        "ts": "1423186631.000036"
    },
    {
        "type": "message",
        "user": "U03BWPJG0",
        "text": "is that like a tamagotchi, digimon edition",
        "ts": "1423186633.000037"
    },
    {
        "type": "message",
        "user": "U03C8TPEQ",
        "text": "they need tamagotchi digimon edition @_@",
        "ts": "1423186646.000038"
    },
    {
        "type": "message",
        "user": "U03BWRML2",
        "text": "first generation",
        "ts": "1423186649.000039"
    },
    {
        "type": "message",
        "user": "U03BWPJG0",
        "text": "I know that's the thing you need to digivolve but",
        "ts": "1423186653.000040"
    },
    {
        "type": "message",
        "user": "U03C8TPEQ",
        "text": "agumon?",
        "ts": "1423186654.000041"
    },
    {
        "type": "message",
        "user": "U03BWPJG0",
        "text": "the actual thing",
        "ts": "1423186655.000042"
    },
    {
        "type": "message",
        "user": "U03BWPJG0",
        "text": "also, Pokewalker is better",
        "ts": "1423186669.000043"
    },
    {
        "type": "message",
        "user": "U03C8TPEQ",
        "text": "this would be his final form tho it looks like",
        "ts": "1423186680.000044"
    },
    {
        "type": "message",
        "user": "U03C8TPEQ",
        "text": "with that armor thing",
        "ts": "1423186682.000045"
    },
    {
        "type": "message",
        "user": "U03C8TPEQ",
        "text": "but it doesn't look like it..?",
        "ts": "1423186691.000046"
    },
    {
        "type": "message",
        "user": "U03BWPJG0",
        "text": "every single digimon sounds the same :sweat:",
        "ts": "1423186703.000047"
    },
    {
        "type": "message",
        "user": "U03C8TPEQ",
        "text": "<http:\/\/images4.wikia.nocookie.net\/__cb20090127185542\/digimon\/images\/4\/49\/WarGreymon_b.jpg>",
        "attachments": [
            {
                "from_url": "http:\/\/images4.wikia.nocookie.net\/__cb20090127185542\/digimon\/images\/4\/49\/WarGreymon_b.jpg",
                "fallback": "200x200px image",
                "image_url": "http:\/\/images4.wikia.nocookie.net\/__cb20090127185542\/digimon\/images\/4\/49\/WarGreymon_b.jpg",
                "image_width": 200,
                "image_height": 200,
                "image_bytes": 8861,
                "id": 1
            }
        ],
        "ts": "1423186721.000048"
    },
    {
        "type": "message",
        "user": "U03C8TPEQ",
        "text": "i guess it kind of does",
        "ts": "1423186724.000050"
    },
    {
        "type": "message",
        "user": "U03C8TPEQ",
        "text": "yo digmons are so cool",
        "ts": "1423186732.000051"
    },
    {
        "type": "message",
        "user": "U03BWRML2",
        "text": "<http:\/\/static.ettoday.net\/images\/458\/d458747.jpg>",
        "attachments": [
            {
                "from_url": "http:\/\/static.ettoday.net\/images\/458\/d458747.jpg",
                "fallback": "280x325px image",
                "image_url": "http:\/\/static.ettoday.net\/images\/458\/d458747.jpg",
                "image_width": 280,
                "image_height": 325,
                "image_bytes": 23266,
                "id": 1
            }
        ],
        "ts": "1423186783.000052"
    },
    {
        "type": "message",
        "user": "U03BWPJG0",
        "text": "digimons are so complicated",
        "ts": "1423186785.000053"
    },
    {
        "type": "message",
        "user": "U03BWPJG0",
        "text": "the evolution things don't make sense",
        "ts": "1423186791.000055"
    },
    {
        "type": "message",
        "user": "U03C8TPEQ",
        "text": "pokemon doesnt make much sense either",
        "ts": "1423186826.000056"
    },
    {
        "type": "message",
        "user": "U03BWPJG0",
        "text": "at least you can't devolve",
        "ts": "1423186855.000057"
    },
    {
        "type": "message",
        "user": "U03BUNNPT",
        "text": "<#C03BUNNR1>",
        "ts": "1423187081.000058"
    },
    {
        "type": "message",
        "user": "U03BWRML2",
        "text": "shift bits to right to devolve : p",
        "ts": "1423187183.000059"
    },
    {
        "type": "message",
        "user": "U03C8TPEQ",
        "text": "hey this is #srsbsns",
        "ts": "1423187481.000060"
    },
    {
        "type": "message",
        "user": "U03C9PL8U",
        "text": "yeah leave general as a place to talk about IttyBitty",
        "ts": "1423189526.000061"
    },
    {
        "type": "message",
        "user": "U03BWRML2",
        "text": ": O",
        "ts": "1423189575.000062"
    },
    {
        "type": "message",
        "user": "U03BUNNPT",
        "text": "I don't want notifications about this stuff \u00af\\_(\u30c4)_\/\u00af ",
        "ts": "1423190780.000063"
    },
    {
        "type": "message",
        "user": "U03C9PL8U",
        "text": "oh you leave notifications on for every post? damn.\nI just want this area clear so we dont need to wade through Pokemon Vs. Digimon posts",
        "ts": "1423191336.000064"
    },
    {
        "type": "message",
        "user": "U03C9PL8U",
        "text": "P.S. Phase 1 due in 5 mins in case you have any changes you want for indiv stuff",
        "ts": "1423191368.000065"
    },
    {
        "type": "message",
        "user": "U03BWRML2",
        "text": "weekly log, peer eval, bio",
        "ts": "1423191436.000066"
    },
    {
        "type": "message",
        "user": "U03BUNNPT",
        "text": "<@U03C9PL8U>: for this slack, yeah. so I don't have to check really often",
        "ts": "1423191652.000067"
    },
    {
        "type": "message",
        "user": "U03BWPJG0",
        "text": "I just sit here and constantly check because I have no life",
        "ts": "1423191708.000068"
    },
    {
        "type": "message",
        "user": "U03C9PL8U",
        "text": "I feel like that would be too annoying for me to constantly get phone notifications",
        "ts": "1423191745.000069"
    },
    {
        "type": "message",
        "user": "U03C8TPEQ",
        "text": "i get email notifications of this group",
        "ts": "1423191759.000070"
    },
    {
        "type": "message",
        "user": "U03BURB6R",
        "text": "i dont even have any notifications on for the main slack group",
        "ts": "1423196730.000071"
    },
    {
        "type": "message",
        "user": "U03C9PL8U",
        "text": "soooo... terrible Team UltraThins 'logo' mockup?",
        "ts": "1423200334.000072"
    },
    {
        "type": "message",
        "subtype": "file_share",
        "text": "<@U03C9PL8U|ben.> uploaded a file: <https:\/\/ultrathins.slack.com\/files\/ben.\/F03JR3ZN2\/paintmockup.png|paintmockup.png>",
        "file": {
            "id": "F03JR3ZN2",
            "created": 1423200338,
            "timestamp": 1423200338,
            "name": "paintmockup.png",
            "title": "paintmockup.png",
            "mimetype": "image\/png",
            "filetype": "png",
            "pretty_type": "PNG",
            "user": "U03C9PL8U",
            "editable": false,
            "size": 1647,
            "mode": "hosted",
            "is_external": false,
            "external_type": "",
            "is_public": true,
            "public_url_shared": false,
            "url": "https:\/\/slack-files.com\/files-pub\/T03BUNNPM-F03JR3ZN2-9f8730875e\/paintmockup.png",
            "url_download": "https:\/\/slack-files.com\/files-pub\/T03BUNNPM-F03JR3ZN2-9f8730875e\/download\/paintmockup.png",
            "url_private": "https:\/\/files.slack.com\/files-pri\/T03BUNNPM-F03JR3ZN2\/paintmockup.png",
            "url_private_download": "https:\/\/files.slack.com\/files-pri\/T03BUNNPM-F03JR3ZN2\/download\/paintmockup.png",
            "thumb_64": "https:\/\/slack-files.com\/files-tmb\/T03BUNNPM-F03JR3ZN2-618e9e26b0\/paintmockup_64.png",
            "thumb_80": "https:\/\/slack-files.com\/files-tmb\/T03BUNNPM-F03JR3ZN2-618e9e26b0\/paintmockup_80.png",
            "thumb_360_w": 301,
            "thumb_360_h": 126,
            "thumb_360": "https:\/\/slack-files.com\/files-tmb\/T03BUNNPM-F03JR3ZN2-618e9e26b0\/paintmockup_360.png",
            "thumb_160": "https:\/\/slack-files.com\/files-tmb\/T03BUNNPM-F03JR3ZN2-618e9e26b0\/paintmockup_160.png",
            "image_exif_rotation": 1,
            "permalink": "https:\/\/ultrathins.slack.com\/files\/ben.\/F03JR3ZN2\/paintmockup.png",
            "permalink_public": "https:\/\/slack-files.com\/T03BUNNPM-F03JR3ZN2-9f8730875e",
            "channels": [
                "C03BUNNQR"
            ],
            "groups": [],
            "ims": [],
            "comments_count": 0
        },
        "user": "U03C9PL8U",
        "upload": true,
        "ts": "1423200339.000073"
    },
    {
        "type": "message",
        "user": "U03BUNNPT",
        "text": "Do we need a logo...?",
        "ts": "1423201156.000074"
    },
    {
        "type": "message",
        "user": "U03C9PL8U",
        "text": "I just wanted a reason to put off 384",
        "ts": "1423203644.000075"
    },
    {
        "type": "message",
        "user": "U03BWRML2",
        "text": "yay",
        "ts": "1423204275.000076"
    }
]