[
    {
        "type": "message",
        "user": "U03BUNNPT",
        "text": "<!group> user stories doc: <https:\/\/docs.google.com\/document\/d\/1o7jtxKKr6_KftXxWWNwcjtDUIml6NywLIG5jy4cAqVA\/edit?usp=sharing>",
        "ts": "1423583271.000002"
    },
    {
        "type": "message",
        "subtype": "file_share",
        "text": "<@U03BUNNPT|arkon> shared a file: <https:\/\/ultrathins.slack.com\/files\/arkon\/F03KUUPQV\/csc301userstories|CSC301: User Stories>",
        "file": {
            "id": "F03KUUPQV",
            "created": 1423583273,
            "timestamp": 1423583273,
            "name": "CSC301UserStories",
            "title": "CSC301: User Stories",
            "mimetype": "application\/vnd.google-apps.document",
            "filetype": "gdoc",
            "pretty_type": "GDocs Document",
            "user": "U03BUNNPT",
            "editable": false,
            "size": 1647,
            "mode": "external",
            "is_external": true,
            "external_type": "gdrive",
            "is_public": true,
            "public_url_shared": false,
            "url": "https:\/\/docs.google.com\/document\/d\/1o7jtxKKr6_KftXxWWNwcjtDUIml6NywLIG5jy4cAqVA\/edit?usp=drivesdk",
            "url_private": "https:\/\/docs.google.com\/document\/d\/1o7jtxKKr6_KftXxWWNwcjtDUIml6NywLIG5jy4cAqVA\/edit?usp=drivesdk",
            "thumb_64": "https:\/\/slack.global.ssl.fastly.net\/272a\/img\/files\/gdoc_64.png",
            "thumb_360": "https:\/\/slack.global.ssl.fastly.net\/272a\/img\/files\/gdoc_360.png",
            "thumb_360_w": 360,
            "thumb_360_h": 167,
            "permalink": "https:\/\/ultrathins.slack.com\/files\/arkon\/F03KUUPQV\/csc301userstories",
            "channels": [
                "C03BUNNQR"
            ],
            "groups": [],
            "ims": [],
            "comments_count": 0
        },
        "user": "U03BUNNPT",
        "upload": false,
        "ts": "1423583273.000003"
    },
    {
        "user": "U03BUNNPT",
        "topic": "Tutorial: BA2165, DL+Watch: http:\/\/sailsjs.org\/, User stories: https:\/\/docs.google.com\/document\/d\/1o7jtxKKr6_KftXxWWNwcjtDUIml6NywLIG5jy4cAqVA\/edit?usp=sharing",
        "type": "message",
        "subtype": "channel_topic",
        "text": "<@U03BUNNPT|arkon> set the channel topic: Tutorial: BA2165, DL+Watch: http:\/\/sailsjs.org\/, User stories: https:\/\/docs.google.com\/document\/d\/1o7jtxKKr6_KftXxWWNwcjtDUIml6NywLIG5jy4cAqVA\/edit?usp=sharing",
        "ts": "1423583283.000004"
    },
    {
        "user": "U03BUNNPT",
        "topic": "Tut: BA2165, DL+Watch: http:\/\/sailsjs.org\/, User stories: https:\/\/docs.google.com\/document\/d\/1o7jtxKKr6_KftXxWWNwcjtDUIml6NywLIG5jy4cAqVA\/edit?usp=sharing",
        "type": "message",
        "subtype": "channel_topic",
        "text": "<@U03BUNNPT|arkon> set the channel topic: Tut: BA2165, DL+Watch: http:\/\/sailsjs.org\/, User stories: https:\/\/docs.google.com\/document\/d\/1o7jtxKKr6_KftXxWWNwcjtDUIml6NywLIG5jy4cAqVA\/edit?usp=sharing",
        "ts": "1423583292.000005"
    },
    {
        "type": "message",
        "user": "U03BUNNPT",
        "text": "<@U03C8TPEQ>: Did you want to use PostgreSQL?",
        "ts": "1423584060.000006"
    },
    {
        "type": "message",
        "user": "U03C8TPEQ",
        "text": "sure? it doesn't matter to me",
        "ts": "1423591055.000007"
    },
    {
        "type": "message",
        "user": "U03C8TPEQ",
        "text": "are you sure it's called sails test",
        "ts": "1423592033.000008"
    },
    {
        "type": "message",
        "user": "U03C8TPEQ",
        "text": "isnt it sails lift",
        "ts": "1423592035.000009"
    },
    {
        "type": "message",
        "user": "U03BUNNPT",
        "text": "Did I write test?",
        "ts": "1423592850.000010"
    },
    {
        "type": "message",
        "user": "U03BUNNPT",
        "text": "Whoops how did that happen",
        "ts": "1423592876.000011"
    },
    {
        "type": "message",
        "user": "U03C9PL8U",
        "text": "So do we need to change the bullet points to user story form or create a new one from scratch? ",
        "ts": "1423608906.000012"
    },
    {
        "type": "message",
        "user": "U03BUNNPT",
        "text": "both? :smile:",
        "ts": "1423609649.000013"
    },
    {
        "type": "message",
        "user": "U03BUNNPT",
        "text": "Definitely add any other features you think of",
        "ts": "1423609682.000014"
    },
    {
        "type": "message",
        "user": "U03BUNNPT",
        "text": "then each point will become a user story, I guess",
        "ts": "1423609688.000015"
    },
    {
        "type": "message",
        "user": "U03BWPJG0",
        "text": "I'm confused",
        "ts": "1423609715.000016"
    },
    {
        "type": "message",
        "user": "U03BWPJG0",
        "text": "guess I should ask: did anything happen yesterday?",
        "ts": "1423609716.000017"
    },
    {
        "type": "message",
        "user": "U03BUNNPT",
        "text": "oh yeah",
        "ts": "1423609735.000018"
    },
    {
        "type": "message",
        "user": "U03BUNNPT",
        "text": "we need more user stories",
        "ts": "1423609742.000019"
    },
    {
        "type": "message",
        "user": "U03BUNNPT",
        "text": "since the TA said basically 1 user story should correspond to 1 week's worth of work (for 1 person, supposedly)",
        "ts": "1423609763.000020"
    },
    {
        "type": "message",
        "user": "U03BWPJG0",
        "text": "8 user stories per week?",
        "edited": {
            "user": "U03BWPJG0",
            "ts": "1423609880.000000"
        },
        "ts": "1423609857.000021"
    },
    {
        "type": "message",
        "user": "U03BUNNPT",
        "text": "roughly",
        "ts": "1423610426.000023"
    },
    {
        "type": "message",
        "user": "U03BUNNPT",
        "text": "some of the \"features\" might take more than week to implement though, but I _guess_ we can split those up?",
        "ts": "1423610443.000024"
    },
    {
        "type": "message",
        "user": "U03BUNNPT",
        "text": "and we need to get this done by this Thursday, along with a maybe revised iteration plan, and send it to the TA for approval",
        "ts": "1423610464.000025"
    },
    {
        "type": "message",
        "user": "U03C9PL8U",
        "text": "can these be about more than just Jim\/Sarah\/Oak?",
        "ts": "1423612656.000026"
    },
    {
        "type": "message",
        "user": "U03BUNNPT",
        "text": "\u00af\\_(\u30c4)_\/\u00af",
        "ts": "1423612672.000027"
    },
    {
        "type": "message",
        "user": "U03BUNNPT",
        "text": "they typically correspond to people in your personas",
        "ts": "1423612680.000028"
    },
    {
        "type": "message",
        "user": "U03C9PL8U",
        "text": "can we pivot so that we use our user's responses for mechanical-turking the solutions to bitwise operations? Just think about how much faster we can solve bitwise operations using that system than the traditional method of using computers! :older_man:",
        "ts": "1423614387.000029"
    },
    {
        "text": "",
        "bot_id": "B03K8JC7P",
        "mrkdwn": true,
        "attachments": [
            {
                "id": 1,
                "fallback": "New card \"<https:\/\/trello.com\/c\/bOETDXnD|Database schema>\" added to list \"<https:\/\/trello.com\/b\/7Ni5gNcI|To Do>\"",
                "text": "New card \"<https:\/\/trello.com\/c\/bOETDXnD|Database schema>\" added to list \"<https:\/\/trello.com\/b\/7Ni5gNcI|To Do>\"",
                "color": "8daec2"
            }
        ],
        "type": "message",
        "subtype": "bot_message",
        "ts": "1423615964.000030"
    },
    {
        "text": "",
        "bot_id": "B03K8JC7P",
        "mrkdwn": true,
        "attachments": [
            {
                "id": 1,
                "fallback": "New member <https:\/\/trello.com\/xinrwu|Xinr Wu> added to card \"<https:\/\/trello.com\/c\/bOETDXnD|Database schema>\"",
                "text": "New member <https:\/\/trello.com\/xinrwu|Xinr Wu> added to card \"<https:\/\/trello.com\/c\/bOETDXnD|Database schema>\"",
                "color": "8daec2"
            }
        ],
        "type": "message",
        "subtype": "bot_message",
        "ts": "1423615970.000031"
    },
    {
        "text": "",
        "bot_id": "B03K8JC7P",
        "mrkdwn": true,
        "attachments": [
            {
                "id": 1,
                "fallback": "*Labels:* Phase 2",
                "text": "*Labels:* Phase 2",
                "pretext": "Label \"Phase 2\" added to card \"<https:\/\/trello.com\/c\/bOETDXnD|Database schema>\"",
                "color": "8daec2",
                "mrkdwn_in": [
                    "text"
                ]
            }
        ],
        "type": "message",
        "subtype": "bot_message",
        "ts": "1423615982.000032"
    },
    {
        "text": "",
        "bot_id": "B03K8JC7P",
        "mrkdwn": true,
        "attachments": [
            {
                "id": 1,
                "fallback": "Label \"Phase 2\" removed from card \"<https:\/\/trello.com\/c\/bOETDXnD|Database schema>\"",
                "text": "Label \"Phase 2\" removed from card \"<https:\/\/trello.com\/c\/bOETDXnD|Database schema>\"",
                "color": "8daec2",
                "mrkdwn_in": [
                    "text"
                ]
            }
        ],
        "type": "message",
        "subtype": "bot_message",
        "ts": "1423615983.000033"
    },
    {
        "text": "",
        "bot_id": "B03K8JC7P",
        "mrkdwn": true,
        "attachments": [
            {
                "id": 1,
                "fallback": "*Labels:* Phase 2",
                "text": "*Labels:* Phase 2",
                "pretext": "Label \"Phase 2\" added to card \"<https:\/\/trello.com\/c\/bOETDXnD|Database schema>\"",
                "color": "8daec2",
                "mrkdwn_in": [
                    "text"
                ]
            }
        ],
        "type": "message",
        "subtype": "bot_message",
        "ts": "1423615985.000034"
    },
    {
        "text": "",
        "bot_id": "B03K8JC7P",
        "mrkdwn": true,
        "attachments": [
            {
                "id": 1,
                "fallback": "*Labels:* Phase 2",
                "text": "*Labels:* Phase 2",
                "pretext": "Label \"Phase 2\" added to card \"<https:\/\/trello.com\/c\/fCpko3s2|8 MORE USER STORIES>\"",
                "color": "8daec2",
                "mrkdwn_in": [
                    "text"
                ]
            }
        ],
        "type": "message",
        "subtype": "bot_message",
        "ts": "1423615994.000035"
    }
]