[
    {
        "type": "message",
        "user": "U03BWPJG0",
        "text": "kind of a dumb question, but what's a good tool for making models",
        "ts": "1425138079.000002"
    },
    {
        "type": "message",
        "user": "U03C8TPEQ",
        "text": "sublime text?",
        "ts": "1425142141.000003"
    },
    {
        "type": "message",
        "user": "U03C8TPEQ",
        "text": "o.o",
        "ts": "1425142142.000004"
    },
    {
        "type": "message",
        "user": "U03BWPJG0",
        "text": "am I thinking about the wrong things o_o",
        "ts": "1425142195.000005"
    },
    {
        "type": "message",
        "user": "U03BWRML2",
        "text": "3d model\uff1f",
        "ts": "1425142241.000006"
    },
    {
        "type": "message",
        "user": "U03BWPJG0",
        "text": "lol no",
        "ts": "1425142247.000007"
    },
    {
        "type": "message",
        "user": "U03BWPJG0",
        "text": "those class things",
        "ts": "1425142269.000008"
    },
    {
        "type": "message",
        "user": "U03BWRML2",
        "text": "sublime\uff1ap",
        "ts": "1425142567.000009"
    },
    {
        "type": "message",
        "user": "U03BWPJG0",
        "text": "do you not need the fancy diagrams and stuff",
        "ts": "1425142603.000010"
    },
    {
        "type": "message",
        "user": "U03C8TPEQ",
        "text": "if u want to go fancier..i think bracket?",
        "ts": "1425142640.000011"
    },
    {
        "type": "message",
        "user": "U03BWPJG0",
        "text": "idk how fancy it has to be",
        "ts": "1425142677.000012"
    },
    {
        "type": "message",
        "user": "U03C8TPEQ",
        "text": "i mean the outcome is all the same",
        "ts": "1425142912.000013"
    },
    {
        "type": "message",
        "user": "U03C8TPEQ",
        "text": "if you want a fancier editor though maybe bracket",
        "ts": "1425142921.000014"
    },
    {
        "type": "message",
        "user": "U03BUNNPT",
        "text": "diagrams?",
        "ts": "1425161092.000015"
    },
    {
        "type": "message",
        "user": "U03BUNNPT",
        "text": "you're just writing classes or whatever",
        "ts": "1425161103.000016"
    },
    {
        "type": "message",
        "user": "U03BWPJG0",
        "text": "lol ok, thanks for clarifying :stuck_out_tongue: I thought we had to include UML diagrams",
        "ts": "1425161257.000017"
    },
    {
        "type": "message",
        "user": "U03BUNNPT",
        "text": "Oh no, not that I know of @_@",
        "ts": "1425161500.000018"
    },
    {
        "type": "message",
        "user": "U03C9PL8U",
        "text": "<!group> P1 and Midterm grades are on portal",
        "ts": "1425169238.000021"
    },
    {
        "type": "message",
        "user": "U03C9PL8U",
        "text": "and apparently this course uses portal now",
        "ts": "1425169247.000022"
    },
    {
        "type": "message",
        "user": "U03BWPJG0",
        "text": "&gt;if I had x dollars for every website this course uses",
        "edited": {
            "user": "U03BWPJG0",
            "ts": "1425170658.000000"
        },
        "ts": "1425170647.000023"
    },
    {
        "type": "message",
        "user": "U03BWPJG0",
        "text": "what's the point of an interactive-style cheatsheet thing?",
        "ts": "1425171689.000025"
    },
    {
        "type": "message",
        "user": "U03BWPJG0",
        "text": "as opposed to just calling it like, kid mode tutorial or something",
        "ts": "1425171722.000026"
    },
    {
        "type": "message",
        "user": "U03C8TPEQ",
        "text": "so how are you guys learning node",
        "ts": "1425172999.000027"
    },
    {
        "type": "message",
        "user": "U03BUNNPT",
        "text": "<@U03BWPJG0> cheat sheet isn't interactive",
        "ts": "1425175210.000028"
    },
    {
        "type": "message",
        "user": "U03BUNNPT",
        "text": "It's meant to be a reference sheet",
        "ts": "1425175218.000029"
    },
    {
        "type": "message",
        "user": "U03BWPJG0",
        "text": "lol I must've read something wrong, my bad",
        "ts": "1425175736.000030"
    },
    {
        "type": "message",
        "user": "U03C8TPEQ",
        "text": "nodejs 2hard",
        "ts": "1425181404.000031"
    },
    {
        "type": "message",
        "user": "U03C8TPEQ",
        "text": "'-'",
        "ts": "1425181405.000032"
    },
    {
        "type": "message",
        "user": "U03BWPJG0",
        "text": "which part?",
        "ts": "1425182277.000033"
    }
]