[
    {
        "type": "message",
        "user": "U03BWPJG0",
        "text": "<@U03BX7SQ1>: winged.crocodile",
        "ts": "1424437065.000002"
    },
    {
        "type": "message",
        "user": "U03BWPJG0",
        "text": "will be there, might be slightly late though",
        "edited": {
            "user": "U03BWPJG0",
            "ts": "1424437230.000000"
        },
        "ts": "1424437188.000003"
    },
    {
        "type": "message",
        "user": "U03C9PL8U",
        "text": "I probably won't be able to do 5 \u00af\\_(\u30c4)_\/\u00af",
        "ts": "1424448487.000002"
    },
    {
        "type": "message",
        "user": "U03BURB6R",
        "text": "I'm gonna have to fix Skype, it appears to be dead",
        "ts": "1424451603.000003"
    },
    {
        "type": "message",
        "user": "U03BXCW3W",
        "text": "I am back from Orlando... Pool internet connection in Hotel :disappointed_relieved: Anyway I'm reading through all the documents I have missed this week and will be available for the skype meeting today @5",
        "ts": "1424454143.000004"
    },
    {
        "type": "message",
        "user": "U03BXCW3W",
        "text": "<@U03BX7SQ1>: my skype username is catherineyijinwang. Thx!",
        "ts": "1424454912.000005"
    },
    {
        "type": "message",
        "user": "U03BURB6R",
        "text": "Skype username: eric.snyder.12",
        "ts": "1424455507.000006"
    },
    {
        "type": "message",
        "user": "U03BX7SQ1",
        "text": "<http:\/\/puu.sh\/g5mHj\/09db00317c.png>",
        "attachments": [
            {
                "from_url": "http:\/\/puu.sh\/g5mHj\/09db00317c.png",
                "fallback": "809x130px image",
                "image_url": "http:\/\/puu.sh\/g5mHj\/09db00317c.png",
                "image_width": 809,
                "image_height": 130,
                "image_bytes": 20421,
                "id": 1
            }
        ],
        "ts": "1424462156.000007"
    },
    {
        "type": "message",
        "user": "U03BUNNPT",
        "text": "&gt; Blackberry 10",
        "ts": "1424462236.000009"
    },
    {
        "type": "message",
        "user": "U03BUNNPT",
        "text": "<!group> skype meeting confirmed for 5",
        "ts": "1424462250.000010"
    },
    {
        "type": "message",
        "user": "U03BXCW3W",
        "text": "Np:relaxed:",
        "ts": "1424462335.000011"
    },
    {
        "type": "message",
        "user": "U03BX7SQ1",
        "text": "<@U03BWRML2>: u haven't accepted my friend request yet",
        "ts": "1424462502.000012"
    },
    {
        "type": "message",
        "user": "U03C8TPEQ",
        "text": "isnt he in china",
        "ts": "1424468436.000013"
    },
    {
        "type": "message",
        "user": "U03C8TPEQ",
        "text": "or hk",
        "ts": "1424468439.000014"
    },
    {
        "type": "message",
        "user": "U03C8TPEQ",
        "text": "idk",
        "ts": "1424468439.000015"
    },
    {
        "type": "message",
        "user": "U03BUNNPT",
        "text": "<!group> pls respond to sukwon",
        "ts": "1424471542.000016"
    },
    {
        "type": "message",
        "user": "U03BX7SQ1",
        "text": "can i get everyone's email please!",
        "ts": "1424471791.000017"
    },
    {
        "type": "message",
        "user": "U03BX7SQ1",
        "text": "<!everyone>:",
        "ts": "1424471798.000018"
    },
    {
        "type": "message",
        "user": "U03BURB6R",
        "text": "<mailto:eric.snyder@mail.utoronto.ca|eric.snyder@mail.utoronto.ca>",
        "ts": "1424471912.000021"
    },
    {
        "type": "message",
        "user": "U03BUNNPT",
        "text": "I just pulled the emails from the slack team list",
        "ts": "1424471981.000022"
    },
    {
        "type": "message",
        "user": "U03BUNNPT",
        "text": "<!group> <https:\/\/www.zenhub.io\/>",
        "attachments": [
            {
                "service_name": "ZenHub",
                "title": "ZenHub.io",
                "title_link": "https:\/\/www.zenhub.io\/",
                "text": "Supercharge your GitHub workflow! ZenHub keeps your team lean and agile with features built specifically for fast-moving engineering teams, high-impact startups, and the open-source community.",
                "fallback": "ZenHub: ZenHub.io",
                "from_url": "https:\/\/www.zenhub.io\/",
                "id": 1
            }
        ],
        "ts": "1424474658.000023"
    },
    {
        "type": "message",
        "user": "U03BWPJG0",
        "text": "so are we going to use this instead of trello now",
        "ts": "1424474723.000025"
    },
    {
        "type": "message",
        "user": "U03BUNNPT",
        "text": "basically",
        "ts": "1424474740.000026"
    },
    {
        "type": "message",
        "user": "U03BUNNPT",
        "text": "I guess Trello will just have the non-development related stuff",
        "ts": "1424474750.000027"
    },
    {
        "type": "message",
        "user": "U03BUNNPT",
        "text": "whatever that is",
        "ts": "1424474760.000028"
    },
    {
        "type": "message",
        "user": "U03BWPJG0",
        "text": "lol like what",
        "ts": "1424474939.000029"
    },
    {
        "type": "message",
        "user": "U03BUNNPT",
        "text": "RIP Trello \u00af\\_(\u30c4)_\/\u00af",
        "ts": "1424474960.000030"
    },
    {
        "type": "message",
        "user": "U03C9PL8U",
        "text": "Gotta say overall lol at how this class organizes everything",
        "ts": "1424488415.000002"
    },
    {
        "type": "message",
        "user": "U03C9PL8U",
        "text": "Shout outs to course documents on GDoc",
        "ts": "1424488435.000003"
    },
    {
        "type": "message",
        "user": "U03BUNNPT",
        "text": "I actually asked if he would put the stuff in that home repo he made",
        "ts": "1424488579.000004"
    },
    {
        "type": "message",
        "user": "U03BUNNPT",
        "text": "He responded saying that he'd get the TAs to add the phase handouts to the private repos",
        "ts": "1424488610.000005"
    },
    {
        "type": "message",
        "user": "U03BUNNPT",
        "text": "????",
        "ts": "1424488611.000006"
    }
]