[
    {
        "type": "message",
        "user": "U03BWRML2",
        "text": "GFW did not block slack ",
        "ts": "1424131511.000002"
    },
    {
        "type": "message",
        "user": "U03BWRML2",
        "text": ": p hue ",
        "ts": "1424131516.000003"
    },
    {
        "type": "message",
        "user": "U03C9PL8U",
        "text": "all of the github issues blowing up my phone",
        "ts": "1424133690.000002"
    },
    {
        "type": "message",
        "user": "U03C8TPEQ",
        "text": "how does storing in the database work with the fb or other authentication methods",
        "ts": "1424145170.000003"
    },
    {
        "type": "message",
        "user": "U03C8TPEQ",
        "text": "are we also allowing user to register on the site?",
        "ts": "1424148376.000004"
    },
    {
        "type": "message",
        "user": "U03BWPJG0",
        "text": "I think so?",
        "ts": "1424152160.000005"
    },
    {
        "type": "message",
        "user": "U03BWPJG0",
        "text": "for achievements and leaderboards and things like that",
        "ts": "1424152167.000006"
    },
    {
        "type": "message",
        "user": "U03BUNNPT",
        "text": "Eer will need to look into the social network authentication stuff",
        "ts": "1424152258.000007"
    }
]