[
    {
        "type": "message",
        "user": "U03BUNNPT",
        "text": "<!group> also try pulling the repo and running the sails app",
        "ts": "1423501299.000002"
    },
    {
        "type": "message",
        "user": "U03BWPJG0",
        "text": "probably can't make tutorial today",
        "ts": "1423511234.000002"
    },
    {
        "type": "message",
        "user": "U03BWPJG0",
        "text": "work-study complicatedness",
        "ts": "1423511273.000003"
    },
    {
        "type": "message",
        "user": "U03BUNNPT",
        "text": "That's cool",
        "ts": "1423522185.000002"
    },
    {
        "type": "message",
        "user": "U03BUNNPT",
        "text": "<http:\/\/www.learnittybitty.com:1337\/>",
        "ts": "1423525280.000003"
    },
    {
        "type": "message",
        "user": "U03BUNNPT",
        "text": "eeey",
        "ts": "1423525281.000004"
    },
    {
        "type": "message",
        "user": "U03BWRML2",
        "text": "1337:thumbsup:",
        "ts": "1423525565.000005"
    },
    {
        "type": "message",
        "user": "U03BUNNPT",
        "text": "<http:\/\/learnittybitty.com\/>",
        "ts": "1423526759.000006"
    },
    {
        "type": "message",
        "user": "U03BUNNPT",
        "text": "waow",
        "ts": "1423526760.000007"
    },
    {
        "type": "message",
        "user": "U03BUNNPT",
        "text": "<@U03C8TPEQ>: now pull <https:\/\/github.com\/UoT-CSC30x-W15\/301W15-Prj-Team1-repo> and try installing the dependencies and running it locally",
        "ts": "1423527201.000008"
    },
    {
        "text": "",
        "bot_id": "B03K8JC7P",
        "mrkdwn": true,
        "attachments": [
            {
                "id": 1,
                "fallback": "New card \"<https:\/\/trello.com\/c\/fCpko3s2|8 MORE USER STORIES>\" added to list \"<https:\/\/trello.com\/b\/7Ni5gNcI|In Progress>\"",
                "text": "New card \"<https:\/\/trello.com\/c\/fCpko3s2|8 MORE USER STORIES>\" added to list \"<https:\/\/trello.com\/b\/7Ni5gNcI|In Progress>\"",
                "color": "8daec2"
            }
        ],
        "type": "message",
        "subtype": "bot_message",
        "ts": "1423536413.000009"
    },
    {
        "text": "",
        "bot_id": "B03K8JC7P",
        "mrkdwn": true,
        "attachments": [
            {
                "id": 1,
                "fallback": "Card moved: \"<https:\/\/trello.com\/c\/yeAKx6rC|Set up DO droplet with Dokku and Sails>\" from list \"To Do\" to list \"Completed\"",
                "text": "Card moved: \"<https:\/\/trello.com\/c\/yeAKx6rC|Set up DO droplet with Dokku and Sails>\" from list \"To Do\" to list \"Completed\"",
                "color": "8daec2",
                "mrkdwn_in": [
                    "text"
                ]
            }
        ],
        "type": "message",
        "subtype": "bot_message",
        "ts": "1423538827.000010"
    }
]