[
    {
        "type": "message",
        "user": "U03BUNNPT",
        "text": "I see he still hasn't posted phase 1..",
        "ts": "1421889231.000002"
    },
    {
        "type": "message",
        "user": "U03BWRML2",
        "text": "sad :simple_smile:",
        "ts": "1421902204.000003"
    },
    {
        "type": "message",
        "user": "U03BWPJG0",
        "text": "phase 1 or riot",
        "ts": "1421902225.000004"
    },
    {
        "type": "message",
        "user": "U03BWRML2",
        "text": "i bet P1 will be available a week before deadline",
        "ts": "1421902650.000005"
    }
]