[
    {
        "type": "message",
        "user": "U03C9PL8U",
        "text": "soo... what's the point to Trello and do we need to use it?",
        "ts": "1422562574.000002"
    },
    {
        "type": "message",
        "user": "U03BUNNPT",
        "text": "it's more or less a TODO list, I guess",
        "ts": "1422562688.000003"
    },
    {
        "type": "message",
        "user": "U03BUNNPT",
        "text": "and probably need to use it so the TA can judge if we're doing work or not",
        "ts": "1422562696.000004"
    },
    {
        "type": "message",
        "user": "U03C9PL8U",
        "text": ":thumbsdown: needing to check another site for this course",
        "ts": "1422563952.000005"
    },
    {
        "type": "message",
        "user": "U03BUNNPT",
        "text": "Should just install the app on your phone",
        "ts": "1422564210.000006"
    },
    {
        "type": "message",
        "user": "U03C9PL8U",
        "text": "the idea still stands of having to check another site\/account \u00af\\_(\u30c4)_\/\u00af",
        "ts": "1422565715.000007"
    }
]