[
    {
        "type": "message",
        "user": "U03BUNNPT",
        "text": "We're having a tutorial, it seems",
        "ts": "1424698586.000002"
    },
    {
        "type": "message",
        "user": "U03C9PL8U",
        "text": "&gt; this class is like an entire semester of that substitute teacher in grade school who has no idea what's going on\n\nSo basically like this, 358 and 321 (in-class  lecs) for me. Also 309 is as bad as ever",
        "ts": "1424701870.000003"
    },
    {
        "type": "message",
        "user": "U03BWPJG0",
        "text": "309's probably cursed",
        "ts": "1424702320.000004"
    },
    {
        "type": "message",
        "user": "U03BWPJG0",
        "text": "these courses are worth a thousand dollars in tuition each ;;",
        "edited": {
            "user": "U03BWPJG0",
            "ts": "1424702402.000000"
        },
        "ts": "1424702322.000005"
    },
    {
        "type": "message",
        "user": "U03C9PL8U",
        "text": "lol @ the engineers who take courses like 309 and have to pay the higher eng tuition",
        "ts": "1424702588.000007"
    },
    {
        "type": "message",
        "user": "U03C9PL8U",
        "text": "I saw a guy from highschool who's in one of the engineerings in my 384 lecture. I wanted to tell him he was wasting his money cause it's 6 weeks in and all we did was talk about A* search. 321 is prob what he was looking for in a course",
        "ts": "1424702648.000008"
    },
    {
        "type": "message",
        "user": "U03C9PL8U",
        "text": "but also I haven't spoken to him since 2012, nim to be like \"lol sup you made a horrible course selection choice\"",
        "ts": "1424702700.000009"
    },
    {
        "type": "message",
        "user": "U03BUNNPT",
        "text": "<@U03C8TPEQ>: so you should finish up the schema asap and create a SQL file with the db\/table stuff too",
        "ts": "1424752160.000002"
    },
    {
        "type": "message",
        "user": "U03BUNNPT",
        "text": "then some people can work on making corresponding models",
        "ts": "1424752171.000003"
    },
    {
        "type": "message",
        "user": "U03BUNNPT",
        "text": "<!group> this is the stuff we're supposed to work on: <https:\/\/github.com\/UoT-CSC30x-W15\/301W15-Prj-Team1-repo\/issues?q=is%3Aopen+is%3Aissue+milestone%3A%22Phase+2%22>",
        "ts": "1424752734.000004"
    },
    {
        "type": "message",
        "user": "U03BUNNPT",
        "text": "GitHub is kind of stupid in that I can't assign more than 1 person to something, so I just wrote it in the issue or comment.",
        "ts": "1424752765.000005"
    },
    {
        "type": "message",
        "user": "U03BWPJG0",
        "text": "\"Wow, 15 new emails and only 9 is from Eugene\"",
        "ts": "1424764337.000006"
    }
]