[
    {
        "text": "",
        "bot_id": "B03K8JC7P",
        "mrkdwn": true,
        "attachments": [
            {
                "id": 1,
                "fallback": "New card \"<https:\/\/trello.com\/c\/hw5d9vMh|Test Trello + Slack integration>\" added to list \"<https:\/\/trello.com\/b\/7Ni5gNcI|To Do>\"",
                "text": "New card \"<https:\/\/trello.com\/c\/hw5d9vMh|Test Trello + Slack integration>\" added to list \"<https:\/\/trello.com\/b\/7Ni5gNcI|To Do>\"",
                "color": "8daec2"
            }
        ],
        "type": "message",
        "subtype": "bot_message",
        "ts": "1423436722.000002"
    },
    {
        "text": "",
        "bot_id": "B03K8JC7P",
        "mrkdwn": true,
        "attachments": [
            {
                "id": 1,
                "fallback": "Test comment",
                "text": "Test comment",
                "pretext": "New comment on card \"<https:\/\/trello.com\/c\/hw5d9vMh|Test Trello + Slack integration>\" by Eugene Cheung",
                "color": "8daec2"
            }
        ],
        "type": "message",
        "subtype": "bot_message",
        "ts": "1423436732.000003"
    },
    {
        "text": "",
        "bot_id": "B03K8JC7P",
        "mrkdwn": true,
        "attachments": [
            {
                "id": 1,
                "fallback": "New member <https:\/\/trello.com\/arkon94|Eugene Cheung> added to card \"<https:\/\/trello.com\/c\/hw5d9vMh|Test Trello + Slack integration>\"",
                "text": "New member <https:\/\/trello.com\/arkon94|Eugene Cheung> added to card \"<https:\/\/trello.com\/c\/hw5d9vMh|Test Trello + Slack integration>\"",
                "color": "8daec2"
            }
        ],
        "type": "message",
        "subtype": "bot_message",
        "ts": "1423436735.000004"
    },
    {
        "text": "",
        "bot_id": "B03K8JC7P",
        "mrkdwn": true,
        "attachments": [
            {
                "id": 1,
                "fallback": "Card moved: \"<https:\/\/trello.com\/c\/hw5d9vMh|Test Trello + Slack integration>\" from list \"To Do\" to list \"In Progress\"",
                "text": "Card moved: \"<https:\/\/trello.com\/c\/hw5d9vMh|Test Trello + Slack integration>\" from list \"To Do\" to list \"In Progress\"",
                "color": "8daec2",
                "mrkdwn_in": [
                    "text"
                ]
            }
        ],
        "type": "message",
        "subtype": "bot_message",
        "ts": "1423436740.000005"
    },
    {
        "text": "",
        "bot_id": "B03K8JC7P",
        "mrkdwn": true,
        "attachments": [
            {
                "id": 1,
                "fallback": "Card moved: \"<https:\/\/trello.com\/c\/hw5d9vMh|Test Trello + Slack integration>\" from list \"In Progress\" to list \"Completed\"",
                "text": "Card moved: \"<https:\/\/trello.com\/c\/hw5d9vMh|Test Trello + Slack integration>\" from list \"In Progress\" to list \"Completed\"",
                "color": "8daec2",
                "mrkdwn_in": [
                    "text"
                ]
            }
        ],
        "type": "message",
        "subtype": "bot_message",
        "ts": "1423436742.000006"
    },
    {
        "text": "",
        "bot_id": "B03K8JC7P",
        "mrkdwn": true,
        "attachments": [
            {
                "id": 1,
                "fallback": "Card archived: \"<https:\/\/trello.com\/c\/hw5d9vMh|Test Trello + Slack integration>\"",
                "text": "Card archived: \"<https:\/\/trello.com\/c\/hw5d9vMh|Test Trello + Slack integration>\"",
                "color": "8daec2",
                "mrkdwn_in": [
                    "text"
                ]
            }
        ],
        "type": "message",
        "subtype": "bot_message",
        "ts": "1423436746.000007"
    },
    {
        "user": "U03BUNNPT",
        "topic": "Tutorial: BA2165",
        "type": "message",
        "subtype": "channel_topic",
        "text": "<@U03BUNNPT|arkon> set the channel topic: Tutorial: BA2165",
        "ts": "1423438091.000008"
    },
    {
        "type": "message",
        "user": "U03C9PL8U",
        "text": "Are you able to move cards via slack or is this just to notify us when new cards get added and moved",
        "ts": "1423441492.000009"
    },
    {
        "type": "message",
        "user": "U03BUNNPT",
        "text": "Just notifications",
        "ts": "1423442162.000010"
    },
    {
        "type": "message",
        "user": "U03C9PL8U",
        "text": "neat",
        "ts": "1423444600.000011"
    },
    {
        "type": "message",
        "user": "U03BUNNPT",
        "text": "<!group> When you have time, watch the video on here: <http:\/\/sailsjs.org\/#\/> and install Node.js + Sails",
        "attachments": [
            {
                "text": "Sails.js makes it easy to build custom, enterprise-grade Node.js apps. It is designed to resemble the MVC architecture from frameworks like Ruby on Rails, but with support for the more modern, data-oriented style of web app development. It's especially good for building realtime features like chat.",
                "fallback": "Sails.js makes it easy to build custom, enterprise-grade Node.js apps. It is designed to resemble the MVC architecture from frameworks like Ruby on Rails, but with support for the more modern, data-oriented style of web app development. It's especially good for building realtime features like chat.",
                "from_url": "http:\/\/sailsjs.org\/#\/",
                "id": 1
            }
        ],
        "edited": {
            "user": "U03BUNNPT",
            "ts": "1423456678.000000"
        },
        "ts": "1423456673.000012"
    },
    {
        "user": "U03C9PL8U",
        "topic": "Tutorial: BA2165, DL+Watch: http:\/\/sailsjs.org\/#\/",
        "type": "message",
        "subtype": "channel_topic",
        "text": "<@U03C9PL8U|ben.> set the channel topic: Tutorial: BA2165, DL+Watch: http:\/\/sailsjs.org\/#\/",
        "ts": "1423457036.000015"
    },
    {
        "type": "message",
        "user": "U03BWRML2",
        "text": ":thumbsup:",
        "ts": "1423457217.000016"
    }
]