[
    {
        "text": "",
        "bot_id": "B03K8JC7P",
        "mrkdwn": true,
        "attachments": [
            {
                "id": 1,
                "fallback": "Card moved: \"<https:\/\/trello.com\/c\/fCpko3s2|8 MORE USER STORIES>\" from list \"In Progress\" to list \"Completed\"",
                "text": "Card moved: \"<https:\/\/trello.com\/c\/fCpko3s2|8 MORE USER STORIES>\" from list \"In Progress\" to list \"Completed\"",
                "color": "8daec2",
                "mrkdwn_in": [
                    "text"
                ]
            }
        ],
        "type": "message",
        "subtype": "bot_message",
        "ts": "1423753748.000002"
    },
    {
        "text": "",
        "bot_id": "B03K8JC7P",
        "mrkdwn": true,
        "attachments": [
            {
                "id": 1,
                "fallback": "Card moved: \"<https:\/\/trello.com\/c\/b2xtelt9|Revise release plan>\" from list \"To Do\" to list \"Completed\"",
                "text": "Card moved: \"<https:\/\/trello.com\/c\/b2xtelt9|Revise release plan>\" from list \"To Do\" to list \"Completed\"",
                "color": "8daec2",
                "mrkdwn_in": [
                    "text"
                ]
            }
        ],
        "type": "message",
        "subtype": "bot_message",
        "ts": "1423755942.000003"
    },
    {
        "type": "message",
        "user": "U03BUNNPT",
        "text": "<!group> are the user stories\/release plan good to go?",
        "ts": "1423757353.000004"
    },
    {
        "type": "message",
        "user": "U03BXCW3W",
        "text": "I can add one more this afternoon",
        "ts": "1423757406.000005"
    },
    {
        "type": "message",
        "user": "U03BXCW3W",
        "text": "I was too busy until today...",
        "ts": "1423757447.000006"
    },
    {
        "type": "message",
        "user": "U03C8TPEQ",
        "text": "wait there's also a developer?",
        "ts": "1423757530.000007"
    },
    {
        "type": "message",
        "user": "U03BX7SQ1",
        "text": "Let me check when I get to school ",
        "ts": "1423757577.000008"
    },
    {
        "type": "message",
        "user": "U03BUNNPT",
        "text": "I guess we can remove the developer stuff",
        "ts": "1423757589.000009"
    },
    {
        "type": "message",
        "user": "U03BUNNPT",
        "text": "user stories are stupid because they completely ignore how anything is done",
        "ts": "1423757599.000010"
    },
    {
        "type": "message",
        "user": "U03BUNNPT",
        "text": "When we're done, I'll send the Markdown file to someone else so they can commit\/push it",
        "ts": "1423759820.000011"
    },
    {
        "type": "message",
        "user": "U03C8TPEQ",
        "text": "i added something",
        "ts": "1423760154.000012"
    },
    {
        "type": "message",
        "user": "U03BUNNPT",
        "text": "cool",
        "ts": "1423760234.000013"
    },
    {
        "type": "message",
        "user": "U03BX7SQ1",
        "text": "everything else looks",
        "ts": "1423760421.000014"
    },
    {
        "type": "message",
        "user": "U03BUNNPT",
        "text": "dat suspense",
        "ts": "1423760441.000015"
    },
    {
        "type": "message",
        "user": "U03BUNNPT",
        "text": "<@U03BX7SQ1>",
        "ts": "1423761211.000016"
    },
    {
        "type": "message",
        "user": "U03BX7SQ1",
        "text": "oh... i forgot",
        "ts": "1423761231.000017"
    },
    {
        "type": "message",
        "user": "U03BX7SQ1",
        "text": "i was talking to eric and got distracted",
        "ts": "1423761239.000018"
    },
    {
        "type": "message",
        "user": "U03BX7SQ1",
        "text": "but yeah it looks fine",
        "ts": "1423761243.000019"
    },
    {
        "type": "message",
        "user": "U03BUNNPT",
        "text": "<@U03BX7SQ1> do you want to push it?",
        "ts": "1423761338.000020"
    },
    {
        "type": "message",
        "user": "U03BX7SQ1",
        "text": "does anyone else wanna push it?",
        "ts": "1423761362.000021"
    },
    {
        "type": "message",
        "subtype": "file_share",
        "text": "<@U03BUNNPT|arkon> uploaded a file: <https:\/\/ultrathins.slack.com\/files\/arkon\/F03LN4NPK\/plan_md.md|plan.md> and commented: the file",
        "file": {
            "id": "F03LN4NPK",
            "created": 1423761369,
            "timestamp": 1423761369,
            "name": "plan_md.md",
            "title": "plan.md",
            "mimetype": "text\/plain",
            "filetype": "markdown",
            "pretty_type": "Markdown",
            "user": "U03BUNNPT",
            "editable": true,
            "size": 5349,
            "mode": "snippet",
            "is_external": false,
            "external_type": "",
            "is_public": true,
            "public_url_shared": false,
            "url": "https:\/\/slack-files.com\/files-pub\/T03BUNNPM-F03LN4NPK-bd3dc6944c\/plan_md.md",
            "url_download": "https:\/\/slack-files.com\/files-pub\/T03BUNNPM-F03LN4NPK-bd3dc6944c\/download\/plan_md.md",
            "url_private": "https:\/\/files.slack.com\/files-pri\/T03BUNNPM-F03LN4NPK\/plan_md.md",
            "url_private_download": "https:\/\/files.slack.com\/files-pri\/T03BUNNPM-F03LN4NPK\/download\/plan_md.md",
            "permalink": "https:\/\/ultrathins.slack.com\/files\/arkon\/F03LN4NPK\/plan_md.md",
            "permalink_public": "https:\/\/slack-files.com\/T03BUNNPM-F03LN4NPK-bd3dc6944c",
            "edit_link": "https:\/\/ultrathins.slack.com\/files\/arkon\/F03LN4NPK\/plan_md.md\/edit",
            "preview": "# Phase 2 plan\n\nThis document contains revised user stories and the release and iteration plan for phase 2.\n\n\n## User Stories\n\n**Priority scale:**\n\n1. vital feature, must be in MVP",
            "preview_highlight": "<div class=\"sssh-code\"><div class=\"sssh-line\"><pre># Phase 2 plan<\/pre><\/div>\n<div class=\"sssh-line\"><pre><\/pre><\/div>\n<div class=\"sssh-line\"><pre>This document contains revised user stories and the release and iteration plan for phase 2.<\/pre><\/div>\n<div class=\"sssh-line\"><pre><\/pre><\/div>\n<div class=\"sssh-line\"><pre><\/pre><\/div>\n<div class=\"sssh-line\"><pre>## User Stories<\/pre><\/div>\n<div class=\"sssh-line\"><pre><\/pre><\/div>\n<div class=\"sssh-line\"><pre>**Priority scale:**<\/pre><\/div>\n<div class=\"sssh-line\"><pre><\/pre><\/div>\n<div class=\"sssh-line\"><pre>1. vital feature, must be in MVP<\/pre><\/div>\n<\/div>",
            "lines": 78,
            "lines_more": 68,
            "channels": [
                "C03BUNNQR"
            ],
            "groups": [],
            "ims": [],
            "comments_count": 1,
            "initial_comment": {
                "id": "Fc03LQ0134",
                "created": 1423761369,
                "timestamp": 1423761369,
                "user": "U03BUNNPT",
                "comment": "the file"
            }
        },
        "user": "U03BUNNPT",
        "upload": true,
        "ts": "1423761370.000022"
    },
    {
        "type": "message",
        "user": "U03BX7SQ1",
        "text": "<!everyone>:",
        "ts": "1423761376.000023"
    },
    {
        "type": "message",
        "user": "U03BX7SQ1",
        "text": "if not i'll just push it",
        "ts": "1423762214.000025"
    },
    {
        "type": "message",
        "user": "U03C9PL8U",
        "text": "Just push it",
        "ts": "1423762448.000026"
    },
    {
        "type": "message",
        "user": "U03BUNNPT",
        "text": "Just Do It\u2122",
        "ts": "1423762526.000027"
    },
    {
        "type": "message",
        "user": "U03BWRML2",
        "text": "lel",
        "ts": "1423762729.000028"
    },
    {
        "type": "message",
        "user": "U03BUNNPT",
        "text": "<@U03BX7SQ1>: you should email the TA too",
        "ts": "1423763216.000029"
    },
    {
        "type": "message",
        "user": "U03BX7SQ1",
        "text": "k~",
        "ts": "1423764532.000030"
    },
    {
        "type": "message",
        "user": "U03BX7SQ1",
        "text": "i just sent the email",
        "ts": "1423766369.000031"
    },
    {
        "type": "message",
        "user": "U03BUNNPT",
        "text": ":thumbsup: ",
        "ts": "1423766847.000032"
    },
    {
        "type": "message",
        "user": "U03BWRML2",
        "text": ":thumbsup:",
        "ts": "1423767840.000033"
    },
    {
        "type": "message",
        "user": "U03BX7SQ1",
        "text": "<http:\/\/puu.sh\/fQ7Jz\/42a6a38660.png>",
        "attachments": [
            {
                "from_url": "http:\/\/puu.sh\/fQ7Jz\/42a6a38660.png",
                "fallback": "780x237px image",
                "image_url": "http:\/\/puu.sh\/fQ7Jz\/42a6a38660.png",
                "image_width": 780,
                "image_height": 237,
                "image_bytes": 33545,
                "id": 1
            }
        ],
        "ts": "1423785282.000002"
    },
    {
        "type": "message",
        "user": "U03BUNNPT",
        "text": "Great",
        "ts": "1423785552.000004"
    },
    {
        "type": "message",
        "user": "U03BUNNPT",
        "text": "I guess we should have a scrum soon <!group> ",
        "ts": "1423785566.000005"
    },
    {
        "type": "message",
        "user": "U03BX7SQ1",
        "text": "yupppp~",
        "ts": "1423785956.000006"
    },
    {
        "type": "message",
        "user": "U03BURB6R",
        "text": "aite, see you all tomorrow then",
        "ts": "1423786072.000007"
    },
    {
        "type": "message",
        "user": "U03BURB6R",
        "text": "6 am, bright and early",
        "ts": "1423786080.000008"
    },
    {
        "type": "message",
        "user": "U03BUNNPT",
        "text": "No thanks",
        "ts": "1423786350.000009"
    },
    {
        "type": "message",
        "user": "U03BWRML2",
        "text": "During reading week or tmr?",
        "ts": "1423786477.000010"
    },
    {
        "type": "message",
        "user": "U03BURB6R",
        "text": "Really tho after 384 tomorrow is good for me",
        "ts": "1423787179.000011"
    },
    {
        "type": "message",
        "user": "U03BURB6R",
        "text": "So like 3~pm ish",
        "ts": "1423787198.000012"
    },
    {
        "type": "message",
        "user": "U03C8TPEQ",
        "text": "if we finish before 4pm 3 is ok with me",
        "ts": "1423787419.000013"
    },
    {
        "type": "message",
        "user": "U03C9PL8U",
        "text": "unless we meet at like 2 tomorrow I wouldn't be able to make it",
        "ts": "1423787648.000014"
    },
    {
        "type": "message",
        "user": "U03BUNNPT",
        "text": "There's 373 lecture at 3-4",
        "ts": "1423787735.000015"
    },
    {
        "type": "message",
        "user": "U03BURB6R",
        "text": "384 is 1-2",
        "ts": "1423787745.000016"
    },
    {
        "type": "message",
        "user": "U03BWRML2",
        "text": "Skip: ) ?",
        "ts": "1423787748.000017"
    },
    {
        "type": "message",
        "user": "U03BURB6R",
        "text": "So 2 is fine",
        "ts": "1423787752.000018"
    },
    {
        "type": "message",
        "user": "U03BUNNPT",
        "text": "373 is a class I'd rather not skip",
        "ts": "1423787775.000019"
    },
    {
        "type": "message",
        "user": "U03BUNNPT",
        "text": "<!group> how's 2pm tomorrow",
        "ts": "1423787785.000020"
    },
    {
        "type": "message",
        "user": "U03BX7SQ1",
        "text": "2 is fine for me",
        "ts": "1423787825.000021"
    },
    {
        "type": "message",
        "user": "U03BXCW3W",
        "text": "I have 324 at that time...",
        "ts": "1423787849.000022"
    },
    {
        "type": "message",
        "user": "U03BURB6R",
        "text": "Boy I can already tell this is gonna be a thing",
        "ts": "1423788001.000023"
    },
    {
        "type": "message",
        "user": "U03BWRML2",
        "text": "2 is ok",
        "ts": "1423788005.000024"
    },
    {
        "type": "message",
        "user": "U03BURB6R",
        "text": "Well most of the team is good for 2 and no one is gonna want to do this during reading week so let's just do it then",
        "ts": "1423788122.000025"
    },
    {
        "type": "message",
        "user": "U03BUNNPT",
        "text": "we can just have a slack meeting during  reading week",
        "ts": "1423788141.000026"
    },
    {
        "type": "message",
        "user": "U03C8TPEQ",
        "text": "whoa what about 6 am",
        "ts": "1423788143.000027"
    },
    {
        "type": "message",
        "user": "U03BWRML2",
        "text": "6 am is ok, not sleep yet ",
        "ts": "1423788162.000028"
    },
    {
        "type": "message",
        "user": "U03C8TPEQ",
        "text": "and can't u guys go to the 11 am 373 class",
        "ts": "1423788346.000029"
    },
    {
        "type": "message",
        "user": "U03BUNNPT",
        "text": "I TA 318 at that time",
        "ts": "1423788464.000030"
    },
    {
        "type": "message",
        "user": "U03C8TPEQ",
        "text": "meeting during pubnight?",
        "ts": "1423788569.000031"
    },
    {
        "type": "message",
        "user": "U03BUNNPT",
        "text": "not going to stay for that",
        "ts": "1423789290.000032"
    },
    {
        "type": "message",
        "user": "U03BURB6R",
        "text": "See y'all at 2 then",
        "ts": "1423790776.000033"
    },
    {
        "type": "message",
        "user": "U03BURB6R",
        "text": "I'll write down what happens so the people who miss it know what to do",
        "ts": "1423790799.000034"
    },
    {
        "type": "message",
        "user": "U03C8TPEQ",
        "text": "secretary eric",
        "ts": "1423790853.000035"
    },
    {
        "type": "message",
        "user": "U03C9PL8U",
        "text": "* MVP Erirc, Product Owner.",
        "ts": "1423790904.000036"
    },
    {
        "type": "message",
        "user": "U03BURB6R",
        "text": "Scrum leader as well",
        "ts": "1423790960.000037"
    },
    {
        "type": "message",
        "user": "U03BURB6R",
        "text": "I wear a lot of hats on this team, to avoid doing actual work",
        "ts": "1423790980.000038"
    },
    {
        "type": "message",
        "user": "U03C9PL8U",
        "text": "Eric: 4\/5\n- Ben's peer eval",
        "ts": "1423791052.000039"
    },
    {
        "type": "message",
        "user": "U03BXCW3W",
        "text": "I really don't want to miss my CSC324 lecture from 2-3 T.T... May I meet you guys on slack?",
        "ts": "1423791586.000040"
    },
    {
        "type": "message",
        "user": "U03C9PL8U",
        "text": "dont worry, go to class",
        "ts": "1423792129.000041"
    },
    {
        "type": "message",
        "user": "U03BURB6R",
        "text": "We only really need me and Ben there anyways",
        "ts": "1423792210.000042"
    },
    {
        "type": "message",
        "user": "U03BURB6R",
        "text": "Everyone else just has to look good",
        "ts": "1423792224.000043"
    },
    {
        "type": "message",
        "user": "U03BXCW3W",
        "text": "Thanks guys:grin:  Plz let me know what I need to do or if there's anything I could help",
        "ts": "1423794117.000044"
    },
    {
        "type": "message",
        "user": "U03BUNNPT",
        "text": "<!group> so where shall we meet? BA 2270?",
        "ts": "1423797130.000045"
    },
    {
        "type": "message",
        "user": "U03C9PL8U",
        "text": "Sure",
        "ts": "1423797186.000046"
    },
    {
        "type": "message",
        "user": "U03BX7SQ1",
        "text": "k~",
        "ts": "1423797293.000047"
    },
    {
        "type": "message",
        "user": "U03BWRML2",
        "text": ":thumbsup:",
        "ts": "1423797613.000048"
    },
    {
        "type": "message",
        "user": "U03BWPJG0",
        "text": "I also have 324",
        "edited": {
            "user": "U03BWPJG0",
            "ts": "1423811201.000000"
        },
        "ts": "1423811166.000049"
    },
    {
        "type": "message",
        "user": "U03BWPJG0",
        "text": "btw I will be out of town during reading week so",
        "ts": "1423811349.000051"
    },
    {
        "type": "message",
        "user": "U03BWPJG0",
        "text": "won't be online at normal hours",
        "ts": "1423811362.000052"
    },
    {
        "type": "message",
        "user": "U03BWPJG0",
        "text": "will keep on top of things, just might not be around to meet unless you want to be up at 5am",
        "ts": "1423811442.000053"
    }
]