[
    {
        "type": "message",
        "user": "U03BWPJG0",
        "text": "lol it's fine, it's just funny",
        "ts": "1424939988.000002"
    },
    {
        "type": "message",
        "user": "U03BWPJG0",
        "text": "who's responsible for doing the tutorial for base conversion?",
        "ts": "1424948072.000002"
    },
    {
        "type": "message",
        "user": "U03BUNNPT",
        "text": "I think I assigned 3 people to tutorial content, so you can all divide it amongst yourselves",
        "ts": "1424965108.000002"
    },
    {
        "type": "message",
        "user": "U03BXCW3W",
        "text": "<@U03BURB6R> <@U03BWRML2> Would you like to divide the work today :smiley:",
        "ts": "1424965484.000002"
    },
    {
        "type": "message",
        "user": "U03BXCW3W",
        "text": "<@U03BURB6R> <@U03BWRML2> We probably need two people for Bitwise Operation and one person for base conversion...",
        "ts": "1424965558.000003"
    },
    {
        "type": "message",
        "user": "U03BUNNPT",
        "text": "<@U03BWPJG0> you're doing both cheat sheets though. You might want to talk with them (^) to make sure you're covering the same stuff",
        "ts": "1424965774.000004"
    },
    {
        "type": "message",
        "user": "U03BWPJG0",
        "text": "Yeah, I wanted to see how it would be explained in the tutorial so I can do it in a similar way",
        "ts": "1424973729.000005"
    },
    {
        "type": "message",
        "user": "U03C9PL8U",
        "text": "Similarly <@U03C8TPEQ> we need to decide the points system",
        "ts": "1424974210.000006"
    },
    {
        "type": "message",
        "user": "U03C9PL8U",
        "text": "I'm thinking it each Q has a base score which decreases as time moves on and goes down a step for each error ",
        "ts": "1424974273.000007"
    },
    {
        "type": "message",
        "user": "U03C9PL8U",
        "text": "For one error it decreases x points , 2nd error decreases by 2x points and just move them to 0 pts if they make 3 errors",
        "ts": "1424974347.000008"
    },
    {
        "type": "message",
        "user": "U03C9PL8U",
        "text": "And if they score less than y pts they need to replay the tutorial?",
        "ts": "1424974375.000009"
    },
    {
        "type": "message",
        "user": "U03C9PL8U",
        "text": "And x and y scale up\/down based on the tutorials difficulty value?",
        "ts": "1424974418.000010"
    },
    {
        "type": "message",
        "user": "U03C9PL8U",
        "text": "<@U03BUNNPT> for the answer validation, how are we handling the input? Like is it blank forms , spinners , mult choice , etc?",
        "ts": "1424974512.000011"
    },
    {
        "type": "message",
        "user": "U03BWRML2",
        "text": " Sure ",
        "ts": "1424977965.000012"
    },
    {
        "type": "message",
        "user": "U03BUNNPT",
        "text": "<@U03C9PL8U>: maybe multiple choice and blank forms",
        "ts": "1424978428.000013"
    },
    {
        "type": "message",
        "user": "U03BUNNPT",
        "text": "I think mult choice would be good to start off with, to sort of guide the user a bit",
        "ts": "1424978445.000014"
    },
    {
        "type": "message",
        "user": "U03C9PL8U",
        "text": ":+1:",
        "ts": "1424980927.000002"
    },
    {
        "type": "message",
        "user": "U03BWRML2",
        "text": "So in bit operation ",
        "ts": "1424985100.000002"
    },
    {
        "type": "message",
        "user": "U03BWRML2",
        "text": "We need AND OR NOR NAND XOR NOT bit shift; +-*\\",
        "ts": "1424985172.000003"
    },
    {
        "type": "message",
        "user": "U03BWRML2",
        "text": " Is that all?",
        "ts": "1424985184.000004"
    },
    {
        "type": "message",
        "user": "U03C8TPEQ",
        "text": "```User\n---------\n- ID\n- Profile Picture\n- FB\n\t- id\n\t- token\n\t- email\n\t- name\n- G+\n\t- id\n\t- token\n\t- email\n\t- name\n- TWITTER\n\t- id\n\t- token\n\t- displayName\n\t- username\n- Achievements\n- email\n- password\n\nAchievements\n----------------\n- ID\n- Name\n- Description\n- Requirements\n\nTutorial\n-----------------\n- ID\n- Name\n- Description\n- Difficulty\n- Type\n\nScores\n----------------\n- <http:\/\/User.ID|User.ID>\n- <http:\/\/tutorial.ID|tutorial.ID>\n- score```",
        "ts": "1424985203.000005"
    },
    {
        "type": "message",
        "user": "U03C8TPEQ",
        "text": "should i make a separate one for user achievements",
        "ts": "1424985212.000006"
    },
    {
        "type": "message",
        "user": "U03BUNNPT",
        "text": "<@U03BWRML2> seems fine",
        "ts": "1424985487.000007"
    },
    {
        "type": "message",
        "user": "U03BWRML2",
        "text": "ok",
        "ts": "1424985502.000008"
    },
    {
        "type": "message",
        "user": "U03BUNNPT",
        "text": "&gt; should i make a separate one for user achievements",
        "ts": "1424985540.000009"
    },
    {
        "type": "message",
        "user": "U03BUNNPT",
        "text": "<@U03C8TPEQ>: ?",
        "ts": "1424985542.000010"
    },
    {
        "type": "message",
        "user": "U03BUNNPT",
        "text": "not sure if we really need Difficulty in Tutorial",
        "ts": "1424985568.000011"
    },
    {
        "type": "message",
        "user": "U03BUNNPT",
        "text": "you can probably make something like `Unlocked(<http:\/\/Achievement.ID|Achievement.ID>, <http:\/\/User.ID|User.ID>)`",
        "edited": {
            "user": "U03BUNNPT",
            "ts": "1424985622.000000"
        },
        "ts": "1424985611.000012"
    },
    {
        "type": "message",
        "user": "U03BUNNPT",
        "text": "you'll also need to make a SQL file with the tables",
        "ts": "1424985647.000014"
    },
    {
        "type": "message",
        "user": "U03C8TPEQ",
        "text": "yeah i know",
        "ts": "1424985738.000015"
    },
    {
        "type": "message",
        "user": "U03BWRML2",
        "text": "OK",
        "ts": "1424985739.000016"
    },
    {
        "type": "message",
        "user": "U03BUNNPT",
        "text": ":ok_hand: ",
        "ts": "1424985755.000017"
    },
    {
        "type": "message",
        "user": "U03BUNNPT",
        "text": "<@U03C8TPEQ> did you look at passport?",
        "ts": "1424985788.000018"
    },
    {
        "type": "message",
        "user": "U03BWPJG0",
        "text": "&gt; G+",
        "ts": "1424985967.000019"
    },
    {
        "type": "message",
        "user": "U03BWPJG0",
        "text": "don't encourage them :stuck_out_tongue:",
        "ts": "1424985980.000020"
    },
    {
        "type": "message",
        "user": "U03BWPJG0",
        "text": "(jk)",
        "ts": "1424985992.000021"
    },
    {
        "type": "message",
        "user": "U03C8TPEQ",
        "text": "lol",
        "ts": "1424985993.000022"
    },
    {
        "type": "message",
        "user": "U03BUNNPT",
        "text": "hey, I use Google signin &gt;_&gt;",
        "ts": "1424985994.000023"
    },
    {
        "type": "message",
        "user": "U03BXCW3W",
        "text": "<@U03BUNNPT>:  Just need to clarify... Are we (Inks, Eric and me) writing tutorials and exercise content, levels for exercise but not for tutorial?",
        "ts": "1424986043.000024"
    },
    {
        "type": "message",
        "user": "U03BXCW3W",
        "text": "<@U03BUNNPT>: And... what does it mean by \"Level and tutorial selector menus\"?:grin:",
        "ts": "1424986097.000025"
    },
    {
        "type": "message",
        "user": "U03BUNNPT",
        "text": "&gt; Each \"level\" covers a single concept and has the tutorial content (explaining the concept) and the exercise (a question, and have an input box that the user to answers the question. The answer should be validated in some basic way for Phase 2.",
        "ts": "1424986144.000026"
    },
    {
        "type": "message",
        "user": "U03BUNNPT",
        "text": "<@U03BXCW3W>: A level has a tutorial and an exercise",
        "ts": "1424986172.000027"
    },
    {
        "type": "message",
        "user": "U03BUNNPT",
        "text": "The exercise can either have a multiple choice question or an open-ended question",
        "ts": "1424986188.000028"
    },
    {
        "type": "message",
        "user": "U03C8TPEQ",
        "text": "let's just not use this 'level' thing",
        "ts": "1424986192.000029"
    },
    {
        "type": "message",
        "user": "U03C8TPEQ",
        "text": "and have tutorials",
        "ts": "1424986198.000030"
    },
    {
        "type": "message",
        "user": "U03C8TPEQ",
        "text": "which include an exercise?",
        "ts": "1424986212.000031"
    },
    {
        "type": "message",
        "user": "U03BUNNPT",
        "text": "_that's a level_",
        "ts": "1424986217.000032"
    },
    {
        "type": "message",
        "user": "U03C8TPEQ",
        "text": "...",
        "ts": "1424986239.000033"
    },
    {
        "type": "message",
        "user": "U03C8TPEQ",
        "text": "what",
        "ts": "1424986240.000034"
    },
    {
        "type": "message",
        "user": "U03BUNNPT",
        "text": "like if you've played a game like angry birds or something",
        "ts": "1424986250.000035"
    },
    {
        "type": "message",
        "user": "U03BUNNPT",
        "text": "that sort of level",
        "ts": "1424986256.000036"
    },
    {
        "type": "message",
        "user": "U03BUNNPT",
        "text": "except each \"level\" in this just has the accompanying tutorial too, to teach the relevant content",
        "ts": "1424986272.000037"
    },
    {
        "type": "message",
        "user": "U03C8TPEQ",
        "text": "uh",
        "ts": "1424986273.000038"
    },
    {
        "type": "message",
        "user": "U03BUNNPT",
        "text": "if that makes any sense?",
        "ts": "1424986278.000039"
    },
    {
        "type": "message",
        "user": "U03C8TPEQ",
        "text": "so there's going to be multiple levels for a tutorial?",
        "ts": "1424986290.000040"
    },
    {
        "type": "message",
        "user": "U03C8TPEQ",
        "text": "1 or more",
        "ts": "1424986292.000041"
    },
    {
        "type": "message",
        "user": "U03BUNNPT",
        "text": "A Level has a Tutorial, a Question, and an (expected) Answer",
        "ts": "1424986340.000042"
    },
    {
        "type": "message",
        "user": "U03BUNNPT",
        "text": "The \"Tutorial\" in the schema should be \"Level\"",
        "ts": "1424986367.000043"
    },
    {
        "type": "message",
        "user": "U03BXCW3W",
        "text": "I understand what you are talking about... So we don't need extra exercises?",
        "ts": "1424986410.000044"
    },
    {
        "type": "message",
        "user": "U03BXCW3W",
        "text": "Only one exercise per tutorial?",
        "ts": "1424986419.000045"
    },
    {
        "type": "message",
        "user": "U03C8TPEQ",
        "text": "how about something like this? ```Exercise\n--------------\n- ID\n- <http:\/\/tutorial.ID|tutorial.ID>\n- Name```",
        "ts": "1424986430.000046"
    },
    {
        "type": "message",
        "user": "U03BXCW3W",
        "text": "For example... one exercise for AND?",
        "ts": "1424986430.000047"
    },
    {
        "type": "message",
        "user": "U03BUNNPT",
        "text": "<@U03BXCW3W> I was imagining a Topic selector menu which lets you choose either \"Bits\" or \"Bases\", and the level selector menu would be a list of all the diff levels for those",
        "ts": "1424986442.000048"
    },
    {
        "type": "message",
        "user": "U03C8TPEQ",
        "text": "actually i think we need a table for questions??",
        "ts": "1424986460.000049"
    },
    {
        "type": "message",
        "user": "U03BUNNPT",
        "text": "<@U03BXCW3W>: Could just have levels that are like \"Now that you know how to do X and Y, let's try this: &lt;question using both ideas&gt;\"",
        "ts": "1424986465.000050"
    },
    {
        "type": "message",
        "user": "U03C8TPEQ",
        "text": "are we going all multiple choice",
        "ts": "1424986466.000051"
    },
    {
        "type": "message",
        "user": "U03BXCW3W",
        "text": "Oh I see",
        "ts": "1424986479.000052"
    },
    {
        "type": "message",
        "user": "U03BXCW3W",
        "text": "Some combination as well... so that we might not need a concept description for some of the levels",
        "ts": "1424986504.000053"
    },
    {
        "type": "message",
        "user": "U03BUNNPT",
        "text": "<@U03C8TPEQ>: Multiple choice or open-ended (basically expects a string of numbers or something)",
        "ts": "1424986511.000054"
    },
    {
        "type": "message",
        "user": "U03BUNNPT",
        "text": "<@U03BXCW3W>: yup",
        "ts": "1424986517.000055"
    },
    {
        "type": "message",
        "user": "U03BXCW3W",
        "text": "Like candy crush :stuck_out_tongue:",
        "ts": "1424986531.000056"
    },
    {
        "type": "message",
        "user": "U03BUNNPT",
        "text": "yeah :stuck_out_tongue:",
        "ts": "1424986535.000057"
    },
    {
        "type": "message",
        "user": "U03BUNNPT",
        "text": "never actually played it, but probably? lol",
        "ts": "1424986557.000058"
    },
    {
        "type": "message",
        "user": "U03BXCW3W",
        "text": "Thanks for explaination~ How many levels in total do you think we need?... For example for Bitwise operation?",
        "ts": "1424986574.000059"
    },
    {
        "type": "message",
        "user": "U03BUNNPT",
        "text": "Uuuh I'll just say a minimum of like 5 for each is fine for now, we can focus on adding more content later on",
        "ts": "1424986604.000060"
    },
    {
        "type": "message",
        "user": "U03C8TPEQ",
        "text": "ok how about this table ```Question\n--------------\n- ID\n- <http:\/\/level.ID|level.ID>\n- Question\n- choice_a\n- choice_b\n- choice_c\n- choice_d\n- answer\n- choice_answer```",
        "ts": "1424986621.000061"
    },
    {
        "type": "message",
        "user": "U03C8TPEQ",
        "text": "for storing questions",
        "ts": "1424986632.000062"
    },
    {
        "type": "message",
        "user": "U03C8TPEQ",
        "text": "or are we not putting them into a database",
        "ts": "1424986644.000063"
    },
    {
        "type": "message",
        "user": "U03C8TPEQ",
        "text": "an explanation too?",
        "ts": "1424986654.000064"
    },
    {
        "type": "message",
        "user": "U03BXCW3W",
        "text": "<@U03BUNNPT> Great, thx :smile:",
        "ts": "1424986656.000065"
    },
    {
        "type": "message",
        "user": "U03BUNNPT",
        "text": "<@U03C8TPEQ>: so `answer` is the open-ended answer?",
        "ts": "1424986662.000066"
    },
    {
        "type": "message",
        "user": "U03C8TPEQ",
        "text": "yeah",
        "ts": "1424986665.000067"
    },
    {
        "type": "message",
        "user": "U03BUNNPT",
        "text": "it should be in the DB",
        "ts": "1424986672.000068"
    },
    {
        "type": "message",
        "user": "U03C8TPEQ",
        "text": "k adding 'explanation' too",
        "ts": "1424986690.000069"
    },
    {
        "type": "message",
        "user": "U03BUNNPT",
        "text": "but yeah that seems fine...?",
        "ts": "1424986697.000070"
    },
    {
        "type": "message",
        "user": "U03BUNNPT",
        "text": "the explanation could belong to the Level instead",
        "ts": "1424986706.000071"
    },
    {
        "type": "message",
        "user": "U03BUNNPT",
        "text": "and the Level I guess would have a <http:\/\/Question.ID|Question.ID>?",
        "ts": "1424986717.000072"
    },
    {
        "type": "message",
        "user": "U03C8TPEQ",
        "text": "i mean explanation for answer of each question",
        "ts": "1424986720.000073"
    },
    {
        "type": "message",
        "user": "U03BUNNPT",
        "text": "aaah sure",
        "ts": "1424986725.000074"
    },
    {
        "type": "message",
        "user": "U03BUNNPT",
        "text": "yeah, that sounds good :thumbsup:",
        "ts": "1424986733.000075"
    },
    {
        "type": "message",
        "user": "U03C8TPEQ",
        "text": "i figure if there's <http:\/\/level.ID|level.ID> in question we can just get all the questions of a certain level",
        "ts": "1424986750.000076"
    },
    {
        "type": "message",
        "user": "U03C8TPEQ",
        "text": "and work at it that way",
        "ts": "1424986753.000077"
    },
    {
        "type": "message",
        "user": "U03C8TPEQ",
        "text": "wouldn't level need a list of <http:\/\/question.id|question.id>",
        "ts": "1424986765.000078"
    },
    {
        "type": "message",
        "user": "U03BUNNPT",
        "text": "I was thinking it'd just be 1 question per level",
        "ts": "1424986790.000079"
    },
    {
        "type": "message",
        "user": "U03BUNNPT",
        "text": "i.e. a level is a question",
        "ts": "1424986798.000080"
    },
    {
        "type": "message",
        "user": "U03C8TPEQ",
        "text": "well if we only have 1 question for each level it would still work",
        "ts": "1424986849.000081"
    },
    {
        "type": "message",
        "user": "U03BUNNPT",
        "text": "yeah, just saying we don't need a list",
        "ts": "1424986981.000082"
    },
    {
        "type": "message",
        "user": "U03BWRML2",
        "text": "<@U03BUNNPT> for level and tutorial selector menu.( or for each level), you want me to write or draw or code them?",
        "ts": "1424986999.000083"
    },
    {
        "type": "message",
        "user": "U03BUNNPT",
        "text": "<@U03BWRML2> code, but that should be done after the database and models and everything, so you can actually fetch the stuff in the app",
        "ts": "1424987095.000084"
    },
    {
        "type": "message",
        "user": "U03BWRML2",
        "text": "OK, so for now I am gonna write and make some mock up.",
        "ts": "1424987294.000085"
    },
    {
        "type": "message",
        "user": "U03BUNNPT",
        "text": "sure",
        "ts": "1424987384.000086"
    },
    {
        "type": "message",
        "user": "U03BUNNPT",
        "text": "you should probably work with <@U03BXCW3W> and <@U03BURB6R> on the contents first though",
        "ts": "1424987397.000087"
    },
    {
        "type": "message",
        "user": "U03BUNNPT",
        "text": "When the database schema is done, I'll be tasking some people to write models too, so everyone writes at least some code for code review",
        "ts": "1424987426.000088"
    },
    {
        "type": "message",
        "user": "U03BWRML2",
        "text": "YEP I am with Catherine now, we lost eric",
        "ts": "1424987574.000089"
    },
    {
        "type": "message",
        "user": "U03BWRML2",
        "text": "no response on slack, you have his phone number?",
        "ts": "1424987590.000090"
    },
    {
        "type": "message",
        "user": "U03BUNNPT",
        "text": "rip eric :cry:",
        "ts": "1424987592.000091"
    },
    {
        "type": "message",
        "user": "U03BUNNPT",
        "text": "<@U03BWRML2> Try <tel:416-859-1560|416-859-1560>",
        "ts": "1424987615.000092"
    },
    {
        "type": "message",
        "user": "U03BURB6R",
        "text": "Oh",
        "ts": "1424987741.000093"
    },
    {
        "type": "message",
        "user": "U03BWRML2",
        "text": "oh",
        "ts": "1424987745.000094"
    },
    {
        "type": "message",
        "user": "U03BWRML2",
        "text": ": )",
        "ts": "1424987751.000095"
    },
    {
        "type": "message",
        "user": "U03BUNNPT",
        "text": "oh?",
        "ts": "1424987752.000096"
    },
    {
        "type": "message",
        "user": "U03BUNNPT",
        "text": "<@U03BURB6R> is that actually your number? I just pulled it from Google+",
        "ts": "1424987762.000097"
    },
    {
        "type": "message",
        "user": "U03BWRML2",
        "text": "you save my text fee",
        "ts": "1424987762.000098"
    },
    {
        "type": "message",
        "user": "U03BURB6R",
        "text": "Yeah it is",
        "ts": "1424987826.000099"
    },
    {
        "type": "message",
        "user": "U03BURB6R",
        "text": "I didn't know we were doing shit today",
        "ts": "1424987839.000100"
    },
    {
        "type": "message",
        "user": "U03BURB6R",
        "text": "Anyways just tell me what you want me to do I'm kinda apathetic about the whole thing",
        "ts": "1424987869.000101"
    },
    {
        "type": "message",
        "user": "U03BXCW3W",
        "text": "That's fine we are just trying to clarify what we need to do...",
        "ts": "1424987877.000102"
    },
    {
        "type": "message",
        "user": "U03BXCW3W",
        "text": "Do you have time to meet today or tmr sometime? :simple_smile:",
        "ts": "1424987910.000103"
    },
    {
        "type": "message",
        "user": "U03BXCW3W",
        "text": "For just few minutes...",
        "ts": "1424987917.000104"
    },
    {
        "type": "message",
        "user": "U03BXCW3W",
        "text": "<@U03BURB6R>:",
        "ts": "1424987927.000105"
    },
    {
        "type": "message",
        "user": "U03BURB6R",
        "text": "Nope I'm done for the week",
        "ts": "1424987956.000106"
    },
    {
        "type": "message",
        "user": "U03BXCW3W",
        "text": "Alright... I'll try to explain...",
        "ts": "1424987986.000107"
    },
    {
        "type": "message",
        "user": "U03BXCW3W",
        "text": "So I think for right now we just need to write the introduction level for all topics in Tutorial",
        "ts": "1424988006.000108"
    },
    {
        "type": "message",
        "user": "U03BXCW3W",
        "text": "So like description of the concept and an excercise as an example",
        "ts": "1424988042.000109"
    },
    {
        "type": "message",
        "user": "U03BXCW3W",
        "text": "<@U03BURB6R>: here's the list of topics we discovered: <https:\/\/docs.google.com\/document\/d\/1ucmQF-MtIOfTrj524FAUV_I7IHppsEwS-OBx96UFjl4\/edit>",
        "ts": "1424988155.000110"
    },
    {
        "type": "message",
        "subtype": "file_share",
        "text": "<@U03BXCW3W|catherine> shared a file: <https:\/\/ultrathins.slack.com\/files\/catherine\/F03R8H7HR\/csc301tutorial|CSC301 Tutorial>",
        "file": {
            "id": "F03R8H7HR",
            "created": 1424988172,
            "timestamp": 1424988172,
            "name": "CSC301Tutorial",
            "title": "CSC301 Tutorial",
            "mimetype": "application\/vnd.google-apps.document",
            "filetype": "gdoc",
            "pretty_type": "GDocs Document",
            "user": "U03BXCW3W",
            "editable": false,
            "size": 648,
            "mode": "external",
            "is_external": true,
            "external_type": "gdrive",
            "is_public": true,
            "public_url_shared": false,
            "url": "https:\/\/docs.google.com\/document\/d\/1ucmQF-MtIOfTrj524FAUV_I7IHppsEwS-OBx96UFjl4\/edit?usp=drivesdk",
            "url_private": "https:\/\/docs.google.com\/document\/d\/1ucmQF-MtIOfTrj524FAUV_I7IHppsEwS-OBx96UFjl4\/edit?usp=drivesdk",
            "thumb_64": "https:\/\/slack.global.ssl.fastly.net\/272a\/img\/files\/gdoc_64.png",
            "thumb_360": "https:\/\/slack.global.ssl.fastly.net\/272a\/img\/files\/gdoc_360.png",
            "thumb_360_w": 360,
            "thumb_360_h": 167,
            "permalink": "https:\/\/ultrathins.slack.com\/files\/catherine\/F03R8H7HR\/csc301tutorial",
            "channels": [
                "C03BUNNQR"
            ],
            "groups": [],
            "ims": [],
            "comments_count": 0
        },
        "user": "U03BXCW3W",
        "upload": false,
        "ts": "1424988172.000111"
    },
    {
        "type": "message",
        "user": "U03BXCW3W",
        "text": "<@U03BURB6R>: Generally 8 for bitwise operation and 6 for base conversion",
        "ts": "1424988326.000112"
    },
    {
        "type": "message",
        "user": "U03BXCW3W",
        "text": "since Inks is desining the menu as well. I guess you and me can do 5 levels each, and inks do 4...",
        "ts": "1424988386.000113"
    },
    {
        "type": "message",
        "user": "U03BXCW3W",
        "text": "<@U03BURB6R>: You can just write your name after the topics you are doing :simple_smile:",
        "ts": "1424988425.000114"
    },
    {
        "type": "message",
        "user": "U03BURB6R",
        "text": "I'm just gonna put my name next to the first 5 then",
        "ts": "1424988478.000115"
    },
    {
        "type": "message",
        "user": "U03BURB6R",
        "text": "Actually I don't think I can edit it on my phone ",
        "ts": "1424988505.000116"
    },
    {
        "type": "message",
        "user": "U03BWRML2",
        "text": "you are doing it Aurochs : ))",
        "ts": "1424988589.000117"
    },
    {
        "type": "message",
        "user": "U03BURB6R",
        "text": "Anyways I'll write them tomorrow ",
        "edited": {
            "user": "U03BURB6R",
            "ts": "1424988634.000000"
        },
        "ts": "1424988617.000118"
    },
    {
        "type": "message",
        "user": "U03BXCW3W",
        "text": "Great :smirk: We're done",
        "ts": "1424988619.000119"
    },
    {
        "type": "message",
        "user": "U03BWRML2",
        "text": "great",
        "ts": "1424988636.000121"
    },
    {
        "type": "message",
        "user": "U03BWRML2",
        "text": "we have meeting tmr?\\",
        "ts": "1424988726.000122"
    },
    {
        "type": "message",
        "user": "U03BUNNPT",
        "text": "<!group> aren't we supposed to have a Skype meeting with Sukwon tomorrow or something?",
        "ts": "1424988751.000123"
    },
    {
        "type": "message",
        "user": "U03BWRML2",
        "text": "again lol??  Catherine cannot make it on Fri afternoon",
        "ts": "1424988783.000124"
    },
    {
        "type": "message",
        "user": "U03BUNNPT",
        "text": "at 5?",
        "ts": "1424988806.000125"
    },
    {
        "type": "message",
        "user": "U03BWRML2",
        "text": "ya",
        "ts": "1424988827.000126"
    },
    {
        "type": "message",
        "user": "U03BWRML2",
        "text": "evening is fine she said",
        "ts": "1424988848.000127"
    },
    {
        "type": "message",
        "user": "U03BUNNPT",
        "text": "mmk",
        "ts": "1424988919.000128"
    },
    {
        "type": "message",
        "user": "U03BUNNPT",
        "text": "<@U03BX7SQ1> should email him to see what time we're supposed to meet",
        "ts": "1424988929.000129"
    },
    {
        "type": "message",
        "user": "U03C9PL8U",
        "text": "damn sukwon couldn't you have picked something better than skype?",
        "ts": "1424989059.000130"
    },
    {
        "type": "message",
        "user": "U03BUNNPT",
        "text": "lol <@U03BX7SQ1> ask him if he has hangouts while you're at it",
        "ts": "1424989085.000131"
    },
    {
        "type": "message",
        "user": "U03BWRML2",
        "text": "Why we have two meeting in a week lol ",
        "ts": "1424989315.000132"
    },
    {
        "type": "message",
        "user": "U03BUNNPT",
        "text": "We didn't discuss anything with him on Monday..",
        "ts": "1424989337.000133"
    },
    {
        "type": "message",
        "user": "U03BWRML2",
        "text": "Okay...",
        "ts": "1424989514.000134"
    },
    {
        "type": "message",
        "user": "U03BX7SQ1",
        "text": "i sent out the email~",
        "ts": "1424996405.000135"
    },
    {
        "type": "message",
        "user": "U03C8TPEQ",
        "text": "i don't see why we have 1 question per \"level\"",
        "ts": "1424996499.000136"
    },
    {
        "type": "message",
        "user": "U03C8TPEQ",
        "text": "ok tutorial\/game\/point\/level whatever you want to call it system people",
        "ts": "1424996643.000137"
    },
    {
        "type": "message",
        "user": "U03C8TPEQ",
        "text": "how is that stuff going to work",
        "ts": "1424996649.000138"
    },
    {
        "type": "message",
        "user": "U03C8TPEQ",
        "text": "i guess this is <@U03BURB6R> <@U03C9PL8U> <@U03BXCW3W> <@U03BWRML2>",
        "ts": "1424996680.000139"
    },
    {
        "type": "message",
        "user": "U03BWRML2",
        "text": "<https:\/\/docs.google.com\/document\/d\/1ucmQF-MtIOfTrj524FAUV_I7IHppsEwS-OBx96UFjl4\/edit>",
        "ts": "1424996765.000140"
    },
    {
        "type": "message",
        "user": "U03BWRML2",
        "text": "our plan",
        "ts": "1424996769.000141"
    },
    {
        "type": "message",
        "user": "U03BWRML2",
        "text": "gonna add details",
        "ts": "1424996803.000142"
    },
    {
        "type": "message",
        "user": "U03C8TPEQ",
        "text": "ok what i want to know exactly is",
        "ts": "1424996820.000143"
    },
    {
        "type": "message",
        "user": "U03C8TPEQ",
        "text": "how does a user get points",
        "ts": "1424996849.000144"
    },
    {
        "type": "message",
        "user": "U03BUNNPT",
        "text": "Something like what Ben said earlier for each level",
        "ts": "1424996914.000145"
    },
    {
        "type": "message",
        "user": "U03BUNNPT",
        "text": "And achievements should contribute to a user's total point score too",
        "ts": "1424996939.000146"
    },
    {
        "type": "message",
        "user": "U03BUNNPT",
        "text": "ie each achievement would have a value to it",
        "ts": "1424996957.000147"
    },
    {
        "type": "message",
        "user": "U03C8TPEQ",
        "text": "each Q means there's going to be more than one question per level right",
        "edited": {
            "user": "U03C8TPEQ",
            "ts": "1424996990.000000"
        },
        "ts": "1424996973.000148"
    },
    {
        "type": "message",
        "user": "U03BWRML2",
        "text": "each level has a tutorial and a exercise?",
        "ts": "1424996992.000150"
    },
    {
        "type": "message",
        "user": "U03BWRML2",
        "text": "or more",
        "ts": "1424996994.000151"
    },
    {
        "type": "message",
        "user": "U03BUNNPT",
        "text": "Each level has only 1 exercise",
        "ts": "1424997103.000152"
    },
    {
        "type": "message",
        "user": "U03BUNNPT",
        "text": "(And the accompanying tutorial content)",
        "ts": "1424997133.000153"
    },
    {
        "type": "message",
        "user": "U03C8TPEQ",
        "text": "what's in 1 'exercise'",
        "ts": "1424997223.000154"
    },
    {
        "type": "message",
        "user": "U03C8TPEQ",
        "text": "a question?",
        "ts": "1424997225.000155"
    },
    {
        "type": "message",
        "user": "U03BWRML2",
        "text": "Ok. So I think for each level. Intro-&gt;TUT-&gt;ex-&gt;done",
        "ts": "1424997245.000156"
    },
    {
        "type": "message",
        "user": "U03C8TPEQ",
        "text": "or a few questions?",
        "ts": "1424997257.000157"
    },
    {
        "type": "message",
        "user": "U03BWRML2",
        "text": "user get points when finish one level",
        "ts": "1424997263.000158"
    },
    {
        "type": "message",
        "user": "U03BWRML2",
        "text": "is it sounds good?",
        "ts": "1424997279.000159"
    },
    {
        "type": "message",
        "user": "U03C8TPEQ",
        "text": "idk just that points based on time doesn't make much sense if there's only one questions",
        "ts": "1424997364.000160"
    },
    {
        "type": "message",
        "user": "U03C8TPEQ",
        "text": "i think each exercise should have a few questions",
        "ts": "1424997405.000161"
    },
    {
        "type": "message",
        "user": "U03BWRML2",
        "text": "my point is, for EASY levels, we teach how those operation and conversion works, so one TUT with one EX. For HIGHER level, we could have one TUT with multiple EX.",
        "ts": "1424997595.000162"
    },
    {
        "type": "message",
        "user": "U03BUNNPT",
        "text": "question and exercise are the same thing",
        "ts": "1424997655.000163"
    },
    {
        "type": "message",
        "user": "U03C8TPEQ",
        "text": "english is hard",
        "ts": "1424997695.000164"
    },
    {
        "type": "message",
        "user": "U03BWRML2",
        "text": "lets type chinese",
        "ts": "1424997704.000165"
    },
    {
        "type": "message",
        "user": "U03C8TPEQ",
        "text": "k can we go with this",
        "ts": "1424997707.000166"
    },
    {
        "type": "message",
        "user": "U03C8TPEQ",
        "text": "question - a single question to ask the user",
        "ts": "1424997716.000167"
    },
    {
        "type": "message",
        "user": "U03C8TPEQ",
        "text": "exercise - something given for the user to do, contains 1 or more questions",
        "ts": "1424997737.000168"
    },
    {
        "type": "message",
        "user": "U03C8TPEQ",
        "text": "yes i know the first one is not really a definition",
        "ts": "1424997754.000169"
    },
    {
        "type": "message",
        "user": "U03BUNNPT",
        "text": "you do realize that a bunch of levels are just the same thing as an exercise though?",
        "ts": "1424997788.000170"
    },
    {
        "type": "message",
        "user": "U03C8TPEQ",
        "text": "well i mean for example, base conversions",
        "ts": "1424997824.000171"
    },
    {
        "type": "message",
        "user": "U03C8TPEQ",
        "text": "and we're doing binary -&gt; decimal",
        "ts": "1424997831.000172"
    },
    {
        "type": "message",
        "user": "U03C8TPEQ",
        "text": "we can ask more than 1 question about the subject",
        "ts": "1424997838.000173"
    },
    {
        "type": "message",
        "user": "U03C8TPEQ",
        "text": "like what's 11 in decimal?",
        "ts": "1424997845.000174"
    },
    {
        "type": "message",
        "user": "U03C8TPEQ",
        "text": "how do u represent 7 in binary?",
        "ts": "1424997853.000175"
    },
    {
        "type": "message",
        "user": "U03C8TPEQ",
        "text": "or even repeat the same thing basically and ask what's 1001 in decimal",
        "ts": "1424997876.000176"
    },
    {
        "type": "message",
        "user": "U03BXCW3W",
        "text": "<@U03BWRML2> What I understand is that there's no tutorial needed for some levels.",
        "ts": "1424997959.000177"
    },
    {
        "type": "message",
        "user": "U03BWRML2",
        "text": "ok",
        "ts": "1424997998.000178"
    },
    {
        "type": "message",
        "user": "U03C8TPEQ",
        "text": "'-' this is so confusing",
        "ts": "1424998010.000179"
    },
    {
        "type": "message",
        "user": "U03C8TPEQ",
        "text": "what exactly is a 'level'",
        "ts": "1424998017.000180"
    },
    {
        "type": "message",
        "user": "U03C8TPEQ",
        "text": "a 'tutorial'",
        "ts": "1424998020.000181"
    },
    {
        "type": "message",
        "user": "U03C8TPEQ",
        "text": "'exercise'",
        "ts": "1424998023.000182"
    },
    {
        "type": "message",
        "user": "U03BWRML2",
        "text": "we need candy crush",
        "ts": "1424998028.000183"
    },
    {
        "type": "message",
        "user": "U03BUNNPT",
        "text": "Tutorial: instructional content\/material",
        "ts": "1424998038.000184"
    },
    {
        "type": "message",
        "user": "U03BUNNPT",
        "text": "Exercise: a question",
        "ts": "1424998051.000185"
    },
    {
        "type": "message",
        "user": "U03BUNNPT",
        "text": "Level: a tutorial and exercise",
        "ts": "1424998056.000186"
    },
    {
        "type": "message",
        "user": "U03C8TPEQ",
        "text": "why don't u just call it a question",
        "ts": "1424998061.000187"
    },
    {
        "type": "message",
        "user": "U03BUNNPT",
        "text": "I _guess_ you could have multiple questions",
        "edited": {
            "user": "U03BUNNPT",
            "ts": "1424998079.000000"
        },
        "ts": "1424998063.000188"
    },
    {
        "type": "message",
        "user": "U03C8TPEQ",
        "text": "well i'm gonna make a table for questions",
        "ts": "1424998083.000190"
    },
    {
        "type": "message",
        "user": "U03C8TPEQ",
        "text": "if we ever go down that route",
        "ts": "1424998087.000191"
    },
    {
        "type": "message",
        "user": "U03C8TPEQ",
        "text": "yay \"scalability\"?",
        "ts": "1424998097.000192"
    },
    {
        "type": "message",
        "user": "U03C8TPEQ",
        "text": "do you think we need big serial",
        "ts": "1424998273.000193"
    },
    {
        "type": "message",
        "user": "U03C8TPEQ",
        "text": "serial \t4 bytes \tautoincrementing integer \t1 to 2147483647\nbigserial \t8 bytes \tlarge autoincrementing integer \t1 to 9223372036854775807",
        "ts": "1424998285.000194"
    },
    {
        "type": "message",
        "user": "U03BUNNPT",
        "text": "I doubt it",
        "ts": "1424998349.000195"
    },
    {
        "type": "message",
        "user": "U03BWRML2",
        "text": "So each level cover a operation?",
        "ts": "1424998491.000196"
    },
    {
        "type": "message",
        "user": "U03BWRML2",
        "text": "the order of levels depends on difficulty",
        "ts": "1424998526.000197"
    },
    {
        "type": "message",
        "user": "U03BUNNPT",
        "text": "&gt; the order of levels depends on difficulty",
        "ts": "1424998608.000198"
    },
    {
        "type": "message",
        "user": "U03BUNNPT",
        "text": "yes",
        "ts": "1424998610.000199"
    },
    {
        "type": "message",
        "user": "U03BUNNPT",
        "text": "&gt; So each level cover a operation?",
        "ts": "1424998617.000200"
    },
    {
        "type": "message",
        "user": "U03BUNNPT",
        "text": "not necessarily, you can increment the difficulty if you think that's a good way to do it",
        "ts": "1424998636.000201"
    },
    {
        "type": "message",
        "user": "U03BWRML2",
        "text": "ok",
        "ts": "1424998663.000202"
    },
    {
        "type": "message",
        "user": "U03BWRML2",
        "text": "do we have something like 'challenges'? Contains more difficult questions and limited time and sth like that",
        "ts": "1424998721.000203"
    },
    {
        "type": "message",
        "user": "U03BXCW3W",
        "text": "<@U03BWRML2>: I guess we can make some of the high levels like challenges.",
        "ts": "1424998872.000204"
    },
    {
        "type": "message",
        "user": "U03BUNNPT",
        "text": "<@U03C9PL8U>: how would the time limits work? I feel like people shouldn't be restricted on time on most levels",
        "ts": "1424998904.000205"
    },
    {
        "type": "message",
        "user": "U03BWRML2",
        "text": "ok",
        "ts": "1424999021.000206"
    },
    {
        "type": "message",
        "user": "U03BWRML2",
        "text": "what about less time gains more point",
        "ts": "1424999031.000207"
    },
    {
        "type": "message",
        "user": "U03BUNNPT",
        "text": "that could make sense",
        "ts": "1424999220.000208"
    },
    {
        "type": "message",
        "user": "U03BUNNPT",
        "text": "we can also use some design principle thing to have diff points algorithms for normal levels\/challenge levels",
        "ts": "1424999235.000209"
    },
    {
        "type": "message",
        "user": "U03BUNNPT",
        "text": "yay ~software engineering~",
        "ts": "1424999242.000210"
    },
    {
        "type": "message",
        "user": "U03BWRML2",
        "text": "hmm",
        "ts": "1424999573.000211"
    },
    {
        "type": "message",
        "user": "U03C9PL8U",
        "text": "you don't have unlimited time on tests \u00af\\_(\u30c4)_\/\u00af",
        "ts": "1424999792.000212"
    },
    {
        "type": "message",
        "user": "U03C9PL8U",
        "text": "And I feel like without a failstate of taking too long to answer or being wrong too many times it will be just guess and check",
        "ts": "1424999817.000213"
    },
    {
        "type": "message",
        "user": "U03C9PL8U",
        "text": "They should understand what they're stuck on before being expected to move forward",
        "ts": "1424999834.000214"
    },
    {
        "type": "message",
        "user": "U03C8TPEQ",
        "text": "does this look ok",
        "ts": "1424999857.000215"
    },
    {
        "type": "message",
        "user": "U03C8TPEQ",
        "text": "```CREATE TABLE achievements (\n\taid serial PRIMARY KEY,\n\tname varchar(200) UNIQUE,\n\tdescription text DEFAULT NULL\n);\n\nCREATE TABLE levels (\n\tlid serial PRIMARY KEY,\n\tname text UNIQUE,\n\tdescription text DEFAULT NULL,\n\ttype varchar(50),\n\tdifficulty integer\n);\n\nCREATE TABLE scores (\n\tsid serial PRIMARY KEY,\n\tuid integer FOREIGN KEY,\n\tlid integer FOREIGN KEY,\n\tscore integer\n);\n\nCREATE TABLE questions (\n\tqid serial PRIMARY KEY,\n\tlid integer FOREIGN KEY,\n\tquestion text,\n\tchoice1 text,\n\tchoice2 text,\n\tchoice3 text,\n\tchoice4 text,\n\tanswer text,\n\texplanation text\n);```",
        "edited": {
            "user": "U03C8TPEQ",
            "ts": "1424999910.000000"
        },
        "ts": "1424999860.000216"
    },
    {
        "type": "message",
        "user": "U03BUNNPT",
        "text": "<@U03C8TPEQ>: maybe do like `level_id` instead of `lid`?",
        "ts": "1424999904.000217"
    },
    {
        "type": "message",
        "user": "U03BWRML2",
        "text": "for this phrase we will work on EASY level, if we have time then will work on challenge",
        "ts": "1424999932.000219"
    },
    {
        "type": "message",
        "user": "U03C8TPEQ",
        "text": "ok",
        "ts": "1424999990.000220"
    },
    {
        "type": "message",
        "user": "U03C8TPEQ",
        "text": "for user i need to look at that passport thing first",
        "ts": "1424999998.000221"
    },
    {
        "type": "message",
        "user": "U03C8TPEQ",
        "text": "brb switching to linux to test '-'",
        "ts": "1425000013.000222"
    },
    {
        "type": "message",
        "user": "U03BWRML2",
        "text": "good luck",
        "ts": "1425000078.000223"
    },
    {
        "type": "message",
        "user": "U03BWRML2",
        "text": "strike starts tmr",
        "ts": "1425000089.000224"
    },
    {
        "type": "message",
        "user": "U03BWRML2",
        "text": "?",
        "ts": "1425000124.000225"
    },
    {
        "type": "message",
        "user": "U03BUNNPT",
        "text": "maybe",
        "ts": "1425000279.000226"
    },
    {
        "type": "message",
        "user": "U03BWRML2",
        "text": "\uff1a\uff09",
        "ts": "1425000333.000227"
    },
    {
        "type": "message",
        "user": "U03BWRML2",
        "text": "just like you guys know, there is a healthcare industry conference on march 7. focus on e health and wearable techs",
        "ts": "1425000613.000228"
    },
    {
        "type": "message",
        "user": "U03BWRML2",
        "text": "<http:\/\/www.excite2015.com\/>",
        "attachments": [
            {
                "text": "EXCITE2015: Healthcare Industry Conference",
                "fallback": "EXCITE2015: Healthcare Industry Conference",
                "from_url": "http:\/\/www.excite2015.com\/",
                "id": 1
            }
        ],
        "ts": "1425000614.000229"
    },
    {
        "type": "message",
        "user": "U03BWRML2",
        "text": "#ad#",
        "ts": "1425000622.000231"
    },
    {
        "type": "message",
        "user": "U03C8TPEQ",
        "text": "ok i think postgresql uses this for foreign keys",
        "ts": "1425003739.000232"
    },
    {
        "type": "message",
        "user": "U03C8TPEQ",
        "text": "```\n\nCREATE TABLE achievements (\n\tachievement_id serial PRIMARY KEY,\n\tname varchar(200) UNIQUE,\n\tdescription text DEFAULT NULL\n);\n\nCREATE TABLE levels (\n\tlevel_id serial PRIMARY KEY,\n\tname varchar(200) UNIQUE,\n\tdescription text DEFAULT NULL,\n\ttype varchar(50),\n\tdifficulty integer\n);\n\nCREATE TABLE scores (\n\tuser_id integer references users(user_id) NOT NULL,\n\tlevel_id integer references levels(level_id) NOT NULL,\n\tscore integer\nCONSTRAINT user_level PRIMARY KEY(user_id, level_id)\n);\n\nCREATE TABLE questions (\n\tquestion_id serial PRIMARY KEY,\n\tlevel_id integer references levels(level_id) NOT NULL,\n\tquestion text NOT NULL,\n\tchoice1 text,\n\tchoice2 text,\n\tchoice3 text,\n\tchoice4 text,\n\tanswer text NOT NULL,\n\texplanation text NOT NULL\n);```",
        "edited": {
            "user": "U03C8TPEQ",
            "ts": "1425073374.000000"
        },
        "ts": "1425003741.000233"
    },
    {
        "type": "message",
        "user": "U03C8TPEQ",
        "text": "this works in the database",
        "ts": "1425003750.000234"
    },
    {
        "type": "message",
        "user": "U03C8TPEQ",
        "text": "except scores",
        "ts": "1425003752.000235"
    },
    {
        "type": "message",
        "user": "U03C8TPEQ",
        "text": "because no users yet",
        "ts": "1425003782.000236"
    },
    {
        "type": "message",
        "user": "U03BUNNPT",
        "text": "cool",
        "ts": "1425003949.000237"
    },
    {
        "type": "message",
        "user": "U03BUNNPT",
        "text": "you should put some `NOT NULL` constraints for some of the stuff too",
        "ts": "1425003960.000238"
    },
    {
        "type": "message",
        "user": "U03BX7SQ1",
        "text": "<http:\/\/puu.sh\/gemoV\/0729b651f6.png>",
        "attachments": [
            {
                "from_url": "http:\/\/puu.sh\/gemoV\/0729b651f6.png",
                "fallback": "743x211px image",
                "image_url": "http:\/\/puu.sh\/gemoV\/0729b651f6.png",
                "image_width": 743,
                "image_height": 211,
                "image_bytes": 30501,
                "id": 1
            }
        ],
        "ts": "1425006366.000239"
    },
    {
        "type": "message",
        "user": "U03BX7SQ1",
        "text": "<!everyone>:",
        "ts": "1425006377.000241"
    },
    {
        "type": "message",
        "user": "U03BWPJG0",
        "text": "324 is at 2pm",
        "ts": "1425006396.000242"
    },
    {
        "type": "message",
        "user": "U03BUNNPT",
        "text": "I can probably do 4-5pm",
        "ts": "1425006433.000243"
    },
    {
        "type": "message",
        "user": "U03C9PL8U",
        "text": "Can't do the 4-5 stuff",
        "ts": "1425006442.000244"
    },
    {
        "type": "message",
        "user": "U03BX7SQ1",
        "text": "can't do 12-2",
        "ts": "1425006476.000245"
    },
    {
        "type": "message",
        "user": "U03BWRML2",
        "text": "cant do 1-4",
        "ts": "1425006535.000246"
    },
    {
        "type": "message",
        "user": "U03BX7SQ1",
        "text": "other than ben, who else can'd do 4-5?",
        "ts": "1425007346.000247"
    },
    {
        "type": "message",
        "user": "U03C9PL8U",
        "text": "in general, on fridays if I'm not already on campus I probably can't make it. family stuff",
        "ts": "1425008745.000249"
    },
    {
        "type": "message",
        "user": "U03BURB6R",
        "text": "Any time I'm off all day",
        "ts": "1425010790.000250"
    },
    {
        "type": "message",
        "user": "U03BX7SQ1",
        "text": "alright, i guess ben ur not gonna make it?",
        "ts": "1425011217.000251"
    },
    {
        "type": "message",
        "user": "U03C9PL8U",
        "text": "90% wont",
        "ts": "1425011231.000252"
    },
    {
        "type": "message",
        "user": "U03BX7SQ1",
        "text": "and everyone prefers hangouts over skype?",
        "edited": {
            "user": "U03BX7SQ1",
            "ts": "1425011243.000000"
        },
        "ts": "1425011241.000253"
    },
    {
        "type": "message",
        "user": "U03BWRML2",
        "text": "im ok with skype",
        "ts": "1425011269.000255"
    },
    {
        "type": "message",
        "user": "U03BUNNPT",
        "text": "I'd prefer Hangouts, but either's fine",
        "ts": "1425011279.000256"
    },
    {
        "type": "message",
        "user": "U03BX7SQ1",
        "text": "soooo i should get everyone's g+ account",
        "ts": "1425012603.000257"
    },
    {
        "type": "message",
        "user": "U03BX7SQ1",
        "text": "i'll email him back right now, saying meeting 4-5 on hangouts",
        "ts": "1425012640.000258"
    },
    {
        "type": "message",
        "user": "U03BWPJG0",
        "text": "<@U03BX7SQ1>: <mailto:winged.crocodile@gmail.com|winged.crocodile@gmail.com>",
        "ts": "1425012721.000259"
    },
    {
        "type": "message",
        "user": "U03BUNNPT",
        "text": "Did he say he's okay with Hangouts?",
        "ts": "1425012734.000260"
    },
    {
        "type": "message",
        "user": "U03BX7SQ1",
        "text": "he said he's okay",
        "ts": "1425012763.000261"
    },
    {
        "type": "message",
        "user": "U03BUNNPT",
        "text": "cool. you already have me so yeah",
        "ts": "1425012982.000262"
    },
    {
        "type": "message",
        "user": "U03BX7SQ1",
        "text": "i have ben, eric and eugene on g+",
        "ts": "1425014132.000263"
    },
    {
        "type": "message",
        "user": "U03BX7SQ1",
        "text": "and sukwon just confirmed the meeting",
        "ts": "1425014193.000264"
    },
    {
        "type": "message",
        "user": "U03BWRML2",
        "text": "meeting on g+&gt;",
        "ts": "1425014697.000265"
    },
    {
        "type": "message",
        "user": "U03BWRML2",
        "text": "?",
        "ts": "1425014698.000266"
    },
    {
        "type": "message",
        "user": "U03BUNNPT",
        "text": "yeah, Google Hangouts",
        "ts": "1425014741.000267"
    },
    {
        "type": "message",
        "user": "U03BWRML2",
        "text": "using google doc&gt;?",
        "ts": "1425015493.000268"
    },
    {
        "type": "message",
        "user": "U03BWRML2",
        "text": "or group chat",
        "ts": "1425015496.000269"
    },
    {
        "type": "message",
        "user": "U03BUNNPT",
        "text": "Hangouts, which is like Skype",
        "ts": "1425015919.000270"
    },
    {
        "type": "message",
        "user": "U03BUNNPT",
        "text": "Except less shitty",
        "ts": "1425015932.000271"
    },
    {
        "type": "message",
        "user": "U03BWRML2",
        "text": "\u3002\u3002\u3002",
        "ts": "1425015944.000272"
    },
    {
        "type": "message",
        "user": "U03BWRML2",
        "text": "coool",
        "ts": "1425015947.000273"
    },
    {
        "type": "message",
        "user": "U03BWRML2",
        "text": "ok",
        "ts": "1425015948.000274"
    },
    {
        "type": "message",
        "user": "U03BWRML2",
        "text": "<mailto:leebang31698@gmail.com|leebang31698@gmail.com>",
        "ts": "1425015969.000275"
    },
    {
        "type": "message",
        "user": "U03BWRML2",
        "text": "<@U03BX7SQ1>",
        "ts": "1425017247.000276"
    }
]