[
    {
        "type": "message",
        "user": "U03BUNNPT",
        "text": "<!group> I'm not going to be in class today",
        "ts": "1422893571.000002"
    },
    {
        "type": "message",
        "user": "U03C9PL8U",
        "text": "Also no tut today from piazza",
        "ts": "1422893642.000003"
    },
    {
        "type": "message",
        "user": "U03BUNNPT",
        "text": "Isn't it just do a quick scrum and leave?",
        "ts": "1422894189.000004"
    },
    {
        "type": "message",
        "user": "U03BUNNPT",
        "text": "Although that's essentially all tutorial is anyway",
        "ts": "1422894203.000005"
    },
    {
        "type": "message",
        "user": "U03BXCW3W",
        "text": "He said that we would have a very short lecture (Probably only two presentation from other groups) and a short tut for report",
        "ts": "1422894224.000006"
    },
    {
        "type": "message",
        "user": "U03BWRML2",
        "text": "Same here, have a test ",
        "ts": "1422894392.000007"
    },
    {
        "type": "message",
        "user": "U03BWPJG0",
        "text": "is anyone here in 373 and know if network flow is going to be on the midterm",
        "ts": "1422894722.000008"
    },
    {
        "type": "message",
        "user": "U03C8TPEQ",
        "text": "yes it is!",
        "ts": "1422904329.000002"
    },
    {
        "type": "message",
        "user": "U03C8TPEQ",
        "text": "i think",
        "ts": "1422904330.000003"
    },
    {
        "type": "message",
        "user": "U03BWRML2",
        "text": "wuu",
        "ts": "1422904406.000004"
    },
    {
        "type": "message",
        "user": "U03C8TPEQ",
        "text": "i added a userstory",
        "ts": "1422905044.000005"
    },
    {
        "type": "message",
        "user": "U03BUNNPT",
        "text": "awesome",
        "ts": "1422905227.000006"
    },
    {
        "type": "message",
        "user": "U03BUNNPT",
        "text": "someone should try expanding on the MVP section today",
        "ts": "1422905415.000007"
    },
    {
        "type": "message",
        "user": "U03BUNNPT",
        "text": "<@U03BX7SQ1> wrote some stuff yesterday and I just edited the grammar",
        "ts": "1422905429.000008"
    },
    {
        "type": "message",
        "user": "U03BX7SQ1",
        "text": "yeah my grammar is pretty bad :stuck_out_tongue:",
        "ts": "1422905595.000009"
    },
    {
        "type": "message",
        "user": "U03BX7SQ1",
        "text": "i'll look at it again in class~",
        "ts": "1422905610.000010"
    },
    {
        "type": "message",
        "user": "U03BXCW3W",
        "text": "I added some text to MVP in blue... don't know if I was in the right direction, or if I went into too detail...",
        "ts": "1422911296.000011"
    },
    {
        "type": "message",
        "user": "U03C8TPEQ",
        "text": "are we using codeigniter for the backend of the website?",
        "ts": "1422920675.000002"
    },
    {
        "type": "message",
        "user": "U03C8TPEQ",
        "text": ":kappa:",
        "ts": "1422920678.000003"
    },
    {
        "type": "message",
        "user": "U03BUNNPT",
        "text": "Yeah, we need to figure out what stack to use",
        "ts": "1422920788.000004"
    },
    {
        "type": "message",
        "user": "U03BUNNPT",
        "text": "Might use <https:\/\/www.meteor.com\/>",
        "attachments": [
            {
                "title": "Meteor",
                "title_link": "https:\/\/www.meteor.com\/",
                "text": "Meteor is a complete platform for building web and mobile apps in pure JavaScript.",
                "fallback": "Meteor",
                "from_url": "https:\/\/www.meteor.com\/",
                "id": 1
            }
        ],
        "ts": "1422920840.000005"
    },
    {
        "type": "message",
        "user": "U03BUNNPT",
        "text": "(with node.js and mongodb)",
        "ts": "1422920972.000007"
    },
    {
        "type": "message",
        "user": "U03C8TPEQ",
        "text": "oooooooooooooooooooh my",
        "ts": "1422921072.000008"
    },
    {
        "type": "message",
        "user": "U03C8TPEQ",
        "text": "mongodb",
        "ts": "1422921076.000009"
    },
    {
        "type": "message",
        "user": "U03C8TPEQ",
        "text": "we're pretty hip huh",
        "ts": "1422921104.000010"
    },
    {
        "type": "message",
        "user": "U03C8TPEQ",
        "text": "ok",
        "ts": "1422921106.000011"
    },
    {
        "type": "message",
        "user": "U03BUNNPT",
        "text": "Meteor is JavaScript, so hopefully that's relatively easy for everyone",
        "ts": "1422921260.000012"
    },
    {
        "type": "message",
        "user": "U03BXCW3W",
        "text": "Sorry to say that I haven't learned JavaScript yet... But I'll try to learn it on my own",
        "ts": "1422921333.000013"
    },
    {
        "type": "message",
        "user": "U03BUNNPT",
        "text": "We'll also use jQuery to lighten the learning curve",
        "ts": "1422921362.000014"
    },
    {
        "type": "message",
        "user": "U03C8TPEQ",
        "text": "so our fall back plan is codeigniter?",
        "ts": "1422921384.000015"
    },
    {
        "type": "message",
        "user": "U03C8TPEQ",
        "text": "aws or heroku?",
        "ts": "1422921417.000016"
    },
    {
        "type": "message",
        "user": "U03BUNNPT",
        "text": "Heroku is probably easier to deploy to",
        "ts": "1422921473.000017"
    },
    {
        "type": "message",
        "user": "U03BUNNPT",
        "text": "but yeah, fallback can be CI, I guess",
        "ts": "1422921628.000018"
    },
    {
        "type": "message",
        "user": "U03BUNNPT",
        "text": "I doubt we'd need that though..",
        "ts": "1422921633.000019"
    },
    {
        "type": "message",
        "user": "U03C8TPEQ",
        "text": "did we upload our presentation to github repo?",
        "ts": "1422921637.000020"
    },
    {
        "type": "message",
        "user": "U03BUNNPT",
        "text": "yeah",
        "ts": "1422921643.000021"
    },
    {
        "type": "message",
        "user": "U03C8TPEQ",
        "text": "we should do it in asm.js",
        "ts": "1422921646.000022"
    },
    {
        "type": "message",
        "user": "U03C8TPEQ",
        "text": "that was nick",
        "ts": "1422921663.000023"
    },
    {
        "type": "message",
        "user": "U03BUNNPT",
        "text": "lol",
        "ts": "1422921668.000024"
    },
    {
        "type": "message",
        "user": "U03BUNNPT",
        "text": "that's not even a framework",
        "ts": "1422921671.000025"
    },
    {
        "type": "message",
        "user": "U03BUNNPT",
        "text": "<https:\/\/github.com\/UoT-CSC30x-W15\/301W15-Prj-Team1-repo\/blob\/master\/ProposedPrjPresentation\/pitch.pptx>",
        "ts": "1422921680.000026"
    },
    {
        "type": "message",
        "user": "U03C8TPEQ",
        "text": "we should use Unity",
        "ts": "1422921696.000027"
    },
    {
        "type": "message",
        "user": "U03BUNNPT",
        "text": "wut",
        "ts": "1422921715.000028"
    },
    {
        "type": "message",
        "user": "U03C9PL8U",
        "text": "WE\"RE STILL MAKING A GAME!!!!",
        "ts": "1422921726.000029"
    },
    {
        "type": "message",
        "user": "U03C8TPEQ",
        "text": "I would love to do some of the work in Canvas",
        "ts": "1422921728.000030"
    },
    {
        "type": "message",
        "user": "U03C8TPEQ",
        "text": "Why not use CodeIgniter?",
        "ts": "1422921746.000031"
    },
    {
        "type": "message",
        "user": "U03C8TPEQ",
        "text": "How about we use Rails?",
        "ts": "1422921751.000032"
    },
    {
        "type": "message",
        "user": "U03C8TPEQ",
        "text": "ok that's all nick",
        "ts": "1422921763.000033"
    },
    {
        "type": "message",
        "user": "U03C9PL8U",
        "text": "Let's write it all one those minecraft light up stones",
        "ts": "1422921786.000034"
    },
    {
        "type": "message",
        "user": "U03C8TPEQ",
        "text": "let's use java",
        "ts": "1422921796.000035"
    },
    {
        "type": "message",
        "user": "U03C8TPEQ",
        "text": "Java applet",
        "ts": "1422921820.000036"
    },
    {
        "type": "message",
        "user": "U03C8TPEQ",
        "text": "For the record that was _actually_ Cindy and not me.",
        "ts": "1422921831.000037"
    },
    {
        "type": "message",
        "user": "U03BUNNPT",
        "text": "only Cindy would say that",
        "ts": "1422921846.000038"
    },
    {
        "type": "message",
        "user": "U03C8TPEQ",
        "text": "mhm",
        "ts": "1422921852.000039"
    },
    {
        "type": "message",
        "user": "U03C9PL8U",
        "text": "Well if we make it a java applet wouldn't it be eaier to make it an andrid app later?",
        "ts": "1422921878.000040"
    },
    {
        "type": "message",
        "user": "U03BUNNPT",
        "text": "I actually have no idea",
        "ts": "1422921899.000041"
    },
    {
        "type": "message",
        "user": "U03BUNNPT",
        "text": "I guess you could recycle the logic",
        "ts": "1422921903.000042"
    },
    {
        "type": "message",
        "user": "U03C8TPEQ",
        "text": "Let's write it in Coffeescript",
        "ts": "1422921930.000043"
    },
    {
        "type": "message",
        "user": "U03C9PL8U",
        "text": "I just made a guess cause Android would be able to reuse so much",
        "ts": "1422921950.000044"
    },
    {
        "type": "message",
        "user": "U03C8TPEQ",
        "text": "soo why mongodb",
        "ts": "1422923515.000045"
    },
    {
        "type": "message",
        "user": "U03BUNNPT",
        "text": "because JS-based stacks usually use it",
        "ts": "1422923571.000046"
    },
    {
        "type": "message",
        "user": "U03BUNNPT",
        "text": "and as such it's pretty easy to get it rolling",
        "ts": "1422923585.000047"
    },
    {
        "type": "message",
        "user": "U03C8TPEQ",
        "text": "aw but i wanted to make a schema",
        "ts": "1422924265.000048"
    },
    {
        "type": "message",
        "user": "U03C8TPEQ",
        "text": "does it use schemas?",
        "ts": "1422924268.000049"
    },
    {
        "type": "message",
        "user": "U03BUNNPT",
        "text": "<http:\/\/docs.mongodb.org\/manual\/data-modeling\/>",
        "ts": "1422924386.000050"
    },
    {
        "type": "message",
        "user": "U03C8TPEQ",
        "text": "that's.. a lot of stuff",
        "ts": "1422924460.000051"
    },
    {
        "type": "message",
        "user": "U03C8TPEQ",
        "text": "oh i saw the intro",
        "ts": "1422924488.000052"
    },
    {
        "type": "message",
        "user": "U03C8TPEQ",
        "text": "it's alright",
        "ts": "1422924490.000053"
    },
    {
        "type": "message",
        "user": "U03BUNNPT",
        "text": "you can still draw out a \"regular\" schema",
        "ts": "1422924500.000054"
    },
    {
        "type": "message",
        "user": "U03BUNNPT",
        "text": "it's just written out differently",
        "ts": "1422924512.000055"
    },
    {
        "type": "message",
        "user": "U03BWRML2",
        "text": "So mongodb?",
        "ts": "1422924587.000056"
    },
    {
        "type": "message",
        "user": "U03C8TPEQ",
        "text": "yeah",
        "ts": "1422924601.000057"
    },
    {
        "type": "message",
        "user": "U03BUNNPT",
        "text": "yeah. any thoughts?",
        "ts": "1422924603.000058"
    },
    {
        "type": "message",
        "user": "U03BWRML2",
        "text": "Ok",
        "ts": "1422924608.000059"
    },
    {
        "type": "message",
        "user": "U03C8TPEQ",
        "text": "i heard mongo loses data",
        "ts": "1422924614.000060"
    },
    {
        "type": "message",
        "user": "U03C8TPEQ",
        "text": "ARENT THOSE ACHIEVEMENTS IMPORTANT",
        "ts": "1422924634.000061"
    },
    {
        "type": "message",
        "user": "U03C8TPEQ",
        "text": "no one wants to lose achievements",
        "ts": "1422924643.000062"
    },
    {
        "type": "message",
        "user": "U03BUNNPT",
        "text": "yolo",
        "ts": "1422924649.000063"
    },
    {
        "type": "message",
        "user": "U03C8TPEQ",
        "text": "lol ok",
        "ts": "1422924656.000064"
    },
    {
        "type": "message",
        "user": "U03BWRML2",
        "text": "Wuu ",
        "ts": "1422924658.000065"
    },
    {
        "type": "message",
        "user": "U03BUNNPT",
        "text": "the course is more about the softeng process anyway, not the actual product",
        "edited": {
            "user": "U03BUNNPT",
            "ts": "1422924685.000000"
        },
        "ts": "1422924679.000066"
    },
    {
        "type": "message",
        "user": "U03BUNNPT",
        "text": "we _probably_ could have gotten away with making an advanced version of <http:\/\/echeung.me\/crc-maker\/>",
        "ts": "1422924714.000068"
    },
    {
        "type": "message",
        "user": "U03C8TPEQ",
        "text": "lol",
        "ts": "1422924728.000069"
    },
    {
        "type": "message",
        "user": "U03BWRML2",
        "text": "So we are still doing Tutorial style web right?",
        "ts": "1422925056.000070"
    },
    {
        "type": "message",
        "user": "U03BUNNPT",
        "text": "yar",
        "ts": "1422925065.000071"
    },
    {
        "type": "message",
        "user": "U03C9PL8U",
        "text": "TA doesn't seem so thrilled about the #pivot",
        "ts": "1422925074.000072"
    },
    {
        "type": "message",
        "user": "U03C9PL8U",
        "text": "IttyBittt: Text Based Bitwised Operator Adventure",
        "ts": "1422925139.000073"
    },
    {
        "type": "message",
        "user": "U03BUNNPT",
        "text": "we never really fully pitched it as an all-out game",
        "ts": "1422925174.000074"
    },
    {
        "type": "message",
        "user": "U03BUNNPT",
        "text": "so..",
        "ts": "1422925175.000075"
    },
    {
        "type": "message",
        "user": "U03C9PL8U",
        "text": "\"You enter a dark room when suddenly an itty bitty appeared. What do you do?\"",
        "ts": "1422925193.000076"
    },
    {
        "type": "message",
        "user": "U03C9PL8U",
        "text": "\"FLIP THAT BIT\"",
        "ts": "1422925200.000077"
    },
    {
        "type": "message",
        "user": "U03C9PL8U",
        "text": "\"FLIP BIT WAS SUCCESSFUL! CRITICAL HIT!\"",
        "ts": "1422925217.000078"
    },
    {
        "type": "message",
        "user": "U03BWRML2",
        "text": "Itty Bitty has fainted ",
        "ts": "1422925530.000079"
    },
    {
        "type": "message",
        "user": "U03BUNNPT",
        "text": "<!group> has anyone done their weekly logs...?",
        "ts": "1422927268.000080"
    },
    {
        "type": "message",
        "user": "U03C9PL8U",
        "text": "...weekly logs? ",
        "ts": "1422927312.000081"
    },
    {
        "type": "message",
        "user": "U03BUNNPT",
        "text": "it's at the bottom of the phase 1 pdf",
        "ts": "1422927343.000082"
    },
    {
        "type": "message",
        "user": "U03BWRML2",
        "text": "wot",
        "ts": "1422927406.000083"
    },
    {
        "type": "message",
        "user": "U03BWPJG0",
        "text": "lol shit",
        "ts": "1422928216.000084"
    },
    {
        "type": "message",
        "user": "U03BUNNPT",
        "text": "remember to do the personal group evaluations for Thursday too",
        "ts": "1422929690.000085"
    },
    {
        "type": "message",
        "user": "U03BURB6R",
        "text": "Alright so I think we were supposed to commit stuff to the repo as we did it",
        "ts": "1422931259.000086"
    },
    {
        "type": "message",
        "user": "U03BWPJG0",
        "text": "the TA was like \"Did Eugene do all the work?\"",
        "ts": "1422931327.000087"
    },
    {
        "type": "message",
        "user": "U03BWRML2",
        "text": "So far almost yes ",
        "ts": "1422931738.000088"
    },
    {
        "type": "message",
        "user": "U03BWPJG0",
        "text": "what, do you want me to write another shitty persona",
        "ts": "1422931920.000089"
    },
    {
        "type": "message",
        "user": "U03BWPJG0",
        "text": "Derpy Dan (which was basically me in 369)",
        "ts": "1422931930.000090"
    },
    {
        "type": "message",
        "user": "U03C8TPEQ",
        "text": "lol",
        "ts": "1422931950.000091"
    },
    {
        "type": "message",
        "user": "U03BWRML2",
        "text": "XD ",
        "ts": "1422931969.000092"
    },
    {
        "type": "message",
        "user": "U03BWRML2",
        "text": "Do we need more story or persona?",
        "ts": "1422932051.000093"
    },
    {
        "type": "message",
        "user": "U03BWPJG0",
        "text": "I could actually, write one from an instructor's point of view",
        "ts": "1422932056.000094"
    },
    {
        "type": "message",
        "user": "U03BWPJG0",
        "text": "the adventures of Raren Keid",
        "ts": "1422932063.000095"
    },
    {
        "type": "message",
        "user": "U03BWRML2",
        "text": "we must have it",
        "ts": "1422932090.000096"
    },
    {
        "type": "message",
        "user": "U03BWRML2",
        "text": "hahaha",
        "ts": "1422932098.000097"
    },
    {
        "type": "message",
        "user": "U03BWPJG0",
        "text": "he's going to complain about having identifiable faculty members or something",
        "edited": {
            "user": "U03BWPJG0",
            "ts": "1422932155.000000"
        },
        "ts": "1422932138.000098"
    },
    {
        "type": "message",
        "user": "U03BWRML2",
        "text": "#frankois ...",
        "ts": "1422932174.000100"
    },
    {
        "type": "message",
        "user": "U03BWPJG0",
        "text": "Francois is one person you don't want to piss off",
        "ts": "1422932266.000101"
    },
    {
        "type": "message",
        "user": "U03BWRML2",
        "text": "\u00a0\u0900\u0e37\u0ebb\u0f7d\u2240 \u0354 \u0355\u032e \u0900\u0e37\u0ebb\u0f7d\u2727",
        "ts": "1422932362.000102"
    },
    {
        "type": "message",
        "user": "U03BUNNPT",
        "text": "&gt; Raren Keid",
        "ts": "1422939046.000103"
    },
    {
        "type": "message",
        "user": "U03BUNNPT",
        "text": "oh yeah, I've been pushing the stuff to GH as we go :confused:",
        "edited": {
            "user": "U03BUNNPT",
            "ts": "1422939081.000000"
        },
        "ts": "1422939066.000104"
    },
    {
        "type": "message",
        "user": "U03BUNNPT",
        "text": "<@U03BWPJG0>: another persona would be great though. then we could also use a 3rd name for the user stories so it doesn't sound so repetitive too",
        "ts": "1422939132.000106"
    },
    {
        "type": "message",
        "user": "U03BWPJG0",
        "text": "alright, I'll get another one done by tomorrow",
        "ts": "1422939557.000107"
    },
    {
        "type": "message",
        "user": "U03BWPJG0",
        "text": "anyone got a better name than Raren Keid?",
        "ts": "1422939562.000108"
    },
    {
        "type": "message",
        "user": "U03BUNNPT",
        "text": "Confused Carol?",
        "ts": "1422939624.000109"
    },
    {
        "type": "message",
        "user": "U03BWPJG0",
        "text": "I don't think we want a confused instructor lmao, unless you want another student",
        "ts": "1422939652.000110"
    },
    {
        "type": "message",
        "user": "U03BUNNPT",
        "text": "assuming that's what you meant when you said derpy",
        "ts": "1422939656.000111"
    },
    {
        "type": "message",
        "user": "U03BUNNPT",
        "text": "oh wait you're going for the instructor",
        "ts": "1422939668.000112"
    },
    {
        "type": "message",
        "user": "U03BUNNPT",
        "text": "uh",
        "ts": "1422939669.000113"
    },
    {
        "type": "message",
        "user": "U03BUNNPT",
        "text": "Instructor Ian?",
        "ts": "1422939672.000114"
    },
    {
        "type": "message",
        "user": "U03BWPJG0",
        "text": "doesn't ahve to be instructor, just thought it would be a good change",
        "ts": "1422939698.000115"
    },
    {
        "type": "message",
        "user": "U03BUNNPT",
        "text": "no yeah it would, I guess",
        "ts": "1422939709.000116"
    },
    {
        "type": "message",
        "user": "U03BUNNPT",
        "text": "they could use itty bitty as a supplementary tool",
        "ts": "1422939720.000117"
    },
    {
        "type": "message",
        "user": "U03BWPJG0",
        "text": "done, kind of",
        "ts": "1422941463.000118"
    },
    {
        "type": "message",
        "user": "U03BWPJG0",
        "text": "I have horrible grammar",
        "ts": "1422941466.000119"
    },
    {
        "type": "message",
        "user": "U03BWPJG0",
        "text": "there's only so many permutations of \"interactive\", \"engaging\", etc you can use in a sentence",
        "ts": "1422941486.000120"
    },
    {
        "type": "message",
        "user": "U03C9PL8U",
        "text": "Uh Professor Oak. Ez.",
        "ts": "1422947977.000121"
    },
    {
        "type": "message",
        "user": "U03BWRML2",
        "text": "lel",
        "ts": "1422948138.000122"
    },
    {
        "type": "message",
        "user": "U03BWPJG0",
        "text": "now Jamming Jim and Studious Sarah looks out of place",
        "ts": "1422948240.000123"
    }
]