[
    {
        "type": "message",
        "user": "U03BUNNPT",
        "text": "<!group> I put the idea list on GitHub: <https:\/\/github.com\/UoT-CSC30x-W15\/301W15-Prj-Team1-repo\/blob\/master\/ProposedPrjPresentation\/ideas.md>",
        "ts": "1421341549.000002"
    },
    {
        "type": "message",
        "user": "U03BXCW3W",
        "text": "The link said that Page not found...",
        "ts": "1421343454.000003"
    },
    {
        "type": "message",
        "user": "U03BXCW3W",
        "text": "Btw, if we are going to make a game, we can use any tool... Right?...",
        "ts": "1421343517.000004"
    },
    {
        "type": "message",
        "user": "U03BUNNPT",
        "text": "<@U03BXCW3W> did you get invited to the team? Check your email. If not, ask on piazza?",
        "ts": "1421343761.000005"
    },
    {
        "type": "message",
        "user": "U03BUNNPT",
        "text": "And yeah I doubt they care what we use",
        "ts": "1421343778.000006"
    },
    {
        "type": "message",
        "user": "U03BXCW3W",
        "text": "Or we can make a website that has both tutorials and mini games...",
        "ts": "1421343807.000007"
    },
    {
        "type": "message",
        "user": "U03BXCW3W",
        "text": "I'm checking my github again...",
        "ts": "1421343860.000008"
    },
    {
        "type": "message",
        "subtype": "file_share",
        "text": "<@U03BUNNPT|arkon> uploaded a file: <https:\/\/ultrathins.slack.com\/files\/arkon\/F03CE3C2F\/pasted_image_at_2015_01_15_12_46.png|Pasted image at 2015-01-15, 12:46> and commented: Missing <@U03BXCW3W> and <@U03BURB6R> ",
        "file": {
            "id": "F03CE3C2F",
            "created": 1421343988,
            "timestamp": 1421343988,
            "name": "Pasted image at 2015_01_15 12_46.png",
            "title": "Pasted image at 2015-01-15, 12:46",
            "mimetype": "image\/png",
            "filetype": "png",
            "pretty_type": "PNG",
            "user": "U03BUNNPT",
            "editable": false,
            "size": 75574,
            "mode": "hosted",
            "is_external": false,
            "external_type": "",
            "is_public": true,
            "public_url_shared": false,
            "url": "https:\/\/slack-files.com\/files-pub\/T03BUNNPM-F03CE3C2F-3cfff804c2\/pasted_image_at_2015_01_15_12_46.png",
            "url_download": "https:\/\/slack-files.com\/files-pub\/T03BUNNPM-F03CE3C2F-3cfff804c2\/download\/pasted_image_at_2015_01_15_12_46.png",
            "url_private": "https:\/\/files.slack.com\/files-pri\/T03BUNNPM-F03CE3C2F\/pasted_image_at_2015_01_15_12_46.png",
            "url_private_download": "https:\/\/files.slack.com\/files-pri\/T03BUNNPM-F03CE3C2F\/download\/pasted_image_at_2015_01_15_12_46.png",
            "thumb_64": "https:\/\/slack-files.com\/files-tmb\/T03BUNNPM-F03CE3C2F-213c6226ef\/pasted_image_at_2015_01_15_12_46_64.png",
            "thumb_80": "https:\/\/slack-files.com\/files-tmb\/T03BUNNPM-F03CE3C2F-213c6226ef\/pasted_image_at_2015_01_15_12_46_80.png",
            "thumb_360": "https:\/\/slack-files.com\/files-tmb\/T03BUNNPM-F03CE3C2F-213c6226ef\/pasted_image_at_2015_01_15_12_46_360.png",
            "thumb_360_w": 360,
            "thumb_360_h": 226,
            "thumb_160": "https:\/\/slack-files.com\/files-tmb\/T03BUNNPM-F03CE3C2F-213c6226ef\/pasted_image_at_2015_01_15_12_46_160.png",
            "thumb_720": "https:\/\/slack-files.com\/files-tmb\/T03BUNNPM-F03CE3C2F-213c6226ef\/pasted_image_at_2015_01_15_12_46_720.png",
            "thumb_720_w": 720,
            "thumb_720_h": 452,
            "image_exif_rotation": 1,
            "permalink": "https:\/\/ultrathins.slack.com\/files\/arkon\/F03CE3C2F\/pasted_image_at_2015_01_15_12_46.png",
            "permalink_public": "https:\/\/slack-files.com\/T03BUNNPM-F03CE3C2F-3cfff804c2",
            "channels": [
                "C03BUNNQR"
            ],
            "groups": [],
            "ims": [],
            "comments_count": 1,
            "initial_comment": {
                "id": "Fc03CE3D3X",
                "created": 1421343991,
                "timestamp": 1421343991,
                "user": "U03BUNNPT",
                "comment": "Missing <@U03BXCW3W> and <@U03BURB6R> "
            }
        },
        "user": "U03BUNNPT",
        "upload": true,
        "ts": "1421343991.000009"
    },
    {
        "type": "message",
        "user": "U03BXCW3W",
        "text": "Wow... Thanks! Can you invite us or I need to send an email to prof?",
        "ts": "1421344097.000010"
    },
    {
        "type": "message",
        "user": "U03BUNNPT",
        "text": "The prof\/TAs can do it",
        "ts": "1421344137.000011"
    },
    {
        "type": "message",
        "user": "U03BXCW3W",
        "text": "Thanks : )",
        "ts": "1421344160.000012"
    },
    {
        "type": "message",
        "user": "U03BWPJG0",
        "text": "so, powerpoint for presentation y\/n?",
        "ts": "1421345022.000013"
    },
    {
        "type": "message",
        "user": "U03BWPJG0",
        "text": "y u no reply on piazza :tired_face:",
        "ts": "1421345053.000014"
    },
    {
        "type": "message",
        "user": "U03BUNNPT",
        "text": "He barely responded for 207 either, don't expect much",
        "ts": "1421345307.000015"
    },
    {
        "type": "message",
        "user": "U03BWRML2",
        "text": "I'll send a email ask about tools",
        "ts": "1421345320.000016"
    },
    {
        "type": "message",
        "user": "U03BXCW3W",
        "text": "Hey guys, I went to prof's office hour today.",
        "ts": "1421356958.000017"
    },
    {
        "type": "message",
        "user": "U03BXCW3W",
        "text": "He said we have to use PPT for the presentation",
        "ts": "1421356970.000018"
    },
    {
        "type": "message",
        "user": "U03C9PL8U",
        "text": "I can't even remember the last time I booted up any MS Office product :neutral_face:",
        "ts": "1421357006.000019"
    },
    {
        "type": "message",
        "user": "U03BXCW3W",
        "text": "Just briefly talk about what our idea is, and if there's any related tutorial we can find.",
        "ts": "1421357006.000020"
    },
    {
        "type": "message",
        "user": "U03BXCW3W",
        "text": "LOL",
        "ts": "1421357034.000021"
    },
    {
        "type": "message",
        "user": "U03BXCW3W",
        "text": "I haven't use PPT for a while... but I used MS WORD a lot last term for CSC300...",
        "ts": "1421357088.000022"
    },
    {
        "type": "message",
        "user": "U03BWPJG0",
        "text": "Google docs ftw",
        "ts": "1421357144.000023"
    },
    {
        "type": "message",
        "user": "U03C9PL8U",
        "text": "... why would you do that to yourself",
        "ts": "1421357146.000024"
    },
    {
        "type": "message",
        "user": "U03C9PL8U",
        "text": "Markdown was made for a reason",
        "ts": "1421357152.000025"
    },
    {
        "type": "message",
        "user": "U03C9PL8U",
        "text": "I get a little sad when I see ppl in CS using Word or GDocs  for notes.\nAlthough I'm still searching for a Markdown Editor that I can really like (on windows)",
        "ts": "1421357263.000026"
    },
    {
        "type": "message",
        "user": "U03BXCW3W",
        "text": "I'm used to it... since it was free for university students... = =",
        "ts": "1421357346.000027"
    },
    {
        "type": "message",
        "user": "U03BWPJG0",
        "text": "eh, essays don't need fancy formatting anyway",
        "ts": "1421357361.000028"
    },
    {
        "type": "message",
        "user": "U03C9PL8U",
        "text": "Markdown editors are free too...",
        "ts": "1421357375.000029"
    },
    {
        "type": "message",
        "user": "U03C9PL8U",
        "text": "<@U03BWPJG0>: I'm talking more about taking notes during class, for essays GDocs and Word work better",
        "ts": "1421357413.000030"
    },
    {
        "type": "message",
        "user": "U03BWPJG0",
        "text": "oh lol",
        "ts": "1421357450.000031"
    },
    {
        "type": "message",
        "user": "U03BXCW3W",
        "text": "In fact... I still prefer taking notes by hand...",
        "ts": "1421357487.000032"
    },
    {
        "type": "message",
        "user": "U03BWPJG0",
        "text": "I used to just use latex but then drawings happened",
        "ts": "1421357511.000033"
    },
    {
        "type": "message",
        "user": "U03BXCW3W",
        "text": "Especially for courses like CSC263, CSC324, CSC373...",
        "ts": "1421357513.000034"
    },
    {
        "type": "message",
        "user": "U03C9PL8U",
        "text": "same it's just some classes are better with a computer. Really depends on how good\/bad the desks in the room are",
        "ts": "1421357525.000035"
    },
    {
        "type": "message",
        "user": "U03BXCW3W",
        "text": "That's true... But I feel latex is too complicated for taking notes",
        "ts": "1421357601.000036"
    },
    {
        "type": "message",
        "user": "U03BWPJG0",
        "text": "lol my handwriting is so bad I can't read it afterwards so",
        "ts": "1421357638.000037"
    },
    {
        "type": "message",
        "user": "U03BWPJG0",
        "text": "latex is nice when it's viable",
        "ts": "1421357662.000038"
    },
    {
        "type": "message",
        "user": "U03BUNNPT",
        "text": "You could at least use OneNote instead of Word for taking notes ",
        "ts": "1421357719.000039"
    },
    {
        "type": "message",
        "user": "U03BXCW3W",
        "text": "You must be very good at latex! I feel like I need a good latex tutorial...",
        "ts": "1421357721.000040"
    },
    {
        "type": "message",
        "user": "U03BWPJG0",
        "text": "David quasi-forced us into learning latex by offering bonus marks for using it in 236 :stuck_out_tongue:",
        "ts": "1421357806.000041"
    },
    {
        "type": "message",
        "user": "U03C9PL8U",
        "text": "Latex is nice but you need a lot of good macros for it to be not a pain to use for a long time",
        "ts": "1421357826.000042"
    },
    {
        "type": "message",
        "user": "U03BUNNPT",
        "text": "Thank you based Pitt",
        "edited": {
            "user": "U03BUNNPT",
            "ts": "1421357861.000000"
        },
        "ts": "1421357856.000043"
    },
    {
        "type": "message",
        "user": "U03BWPJG0",
        "text": "David offered us a style sheet to help us learn it, so it's sort of cheating that I never had to make any macros",
        "ts": "1421357880.000045"
    },
    {
        "type": "message",
        "user": "U03C9PL8U",
        "text": "Markdown is nice cause you don't need to worry about stuff like `\\\\` for newlines or like `\\textbf{Hello World}` for bold but you could still use Latex mathmode with `$$ y = mx + b$$`",
        "ts": "1421357893.000046"
    },
    {
        "type": "message",
        "user": "U03BUNNPT",
        "text": "^",
        "ts": "1421357901.000047"
    },
    {
        "type": "message",
        "user": "U03BUNNPT",
        "text": "based markdown",
        "ts": "1421357905.000048"
    },
    {
        "type": "message",
        "user": "U03C9PL8U",
        "text": "still gotta look through Pitt's macros",
        "ts": "1421357911.000049"
    },
    {
        "type": "message",
        "user": "U03BUNNPT",
        "text": "I use Markdown for some notes too: <http:\/\/arkon.gitbooks.io\/csc343\/content\/>",
        "attachments": [
            {
                "text": "Book generated using GitBook",
                "fallback": "Book generated using GitBook",
                "from_url": "http:\/\/arkon.gitbooks.io\/csc343\/content\/",
                "id": 1
            }
        ],
        "ts": "1421357926.000050"
    },
    {
        "type": "message",
        "user": "U03BUNNPT",
        "text": "hmm it didn't compile properly",
        "ts": "1421357950.000052"
    },
    {
        "type": "message",
        "user": "U03C9PL8U",
        "text": "what editor do you use? Still wth Haroopad or did you move to MarkPad or something?",
        "ts": "1421357984.000053"
    },
    {
        "type": "message",
        "user": "U03BUNNPT",
        "text": "I sometimes use Haroopad, sometimes Sublime",
        "ts": "1421358027.000054"
    },
    {
        "type": "message",
        "user": "U03BUNNPT",
        "text": "or just the Gitbook web editor",
        "ts": "1421358030.000055"
    },
    {
        "type": "message",
        "user": "U03C9PL8U",
        "text": "I feel like  should use Sublime but I like having the live preview",
        "ts": "1421358093.000056"
    },
    {
        "type": "message",
        "user": "U03C9PL8U",
        "text": "also shoutouts to people who use notepad for CS notes. When will they move on to Sublime?",
        "ts": "1421358129.000057"
    },
    {
        "type": "message",
        "user": "U03BWPJG0",
        "text": "lol I know someone (not in CS) who has a drawing tablet and just takes notes by writing in photoshop",
        "ts": "1421358234.000058"
    },
    {
        "type": "message",
        "user": "U03BUNNPT",
        "text": "@ben there's packages",
        "ts": "1421358250.000059"
    },
    {
        "type": "message",
        "user": "U03C9PL8U",
        "text": "oh neat",
        "ts": "1421358276.000060"
    },
    {
        "type": "message",
        "user": "U03C9PL8U",
        "text": "does that person not know that there are many programs that are a lot better for notetaking with a stylus than PS?",
        "ts": "1421358314.000061"
    },
    {
        "type": "message",
        "user": "U03BWPJG0",
        "text": "kind of doubt it",
        "ts": "1421358365.000062"
    },
    {
        "type": "message",
        "user": "U03BWPJG0",
        "text": "it's kind of painful to watch",
        "ts": "1421358392.000063"
    },
    {
        "type": "message",
        "user": "U03BWPJG0",
        "text": "they take a pdf of the slides, make a png out of every single slide, and opens them individually in PS",
        "ts": "1421358413.000064"
    },
    {
        "type": "message",
        "user": "U03BUNNPT",
        "text": "<@U03C9PL8U>: <https:\/\/packagecontrol.io\/packages\/Markdown%20Preview>",
        "ts": "1421358417.000065"
    },
    {
        "type": "message",
        "user": "U03C9PL8U",
        "text": "... like I know on both Android and Windows Adobe Reader lets you draw on top of pdfs",
        "ts": "1421358468.000066"
    },
    {
        "type": "message",
        "user": "U03C9PL8U",
        "text": "neat, will try that out this weekend",
        "ts": "1421358515.000067"
    },
    {
        "type": "message",
        "user": "U03BWPJG0",
        "text": "\u00af\\_(\u30c4)_\/\u00af who knows",
        "ts": "1421358661.000068"
    },
    {
        "type": "message",
        "user": "U03BWPJG0",
        "text": "\u00af\\_(\u0ca0_\u0ca0)_\/\u00af*",
        "ts": "1421358665.000069"
    },
    {
        "type": "message",
        "user": "U03C9PL8U",
        "text": "btw `\/shrug` is a thing",
        "ts": "1421358684.000070"
    },
    {
        "type": "message",
        "user": "U03BUNNPT",
        "text": "I saw someone in STA248 who had a tablet too... maybe the same person?",
        "ts": "1421358697.000071"
    },
    {
        "type": "message",
        "user": "U03C9PL8U",
        "text": "add it to the front of a post for this: \u00af\\_(\u30c4)_\/\u00af",
        "ts": "1421358699.000072"
    },
    {
        "type": "message",
        "user": "U03BWPJG0",
        "text": "oh lol thanks",
        "ts": "1421358719.000073"
    },
    {
        "type": "message",
        "user": "U03BWPJG0",
        "text": "here I am with a bookmark of emotes",
        "ts": "1421358726.000074"
    },
    {
        "type": "message",
        "user": "U03BWPJG0",
        "text": "there was an email saying the slides for 301 were uploaded somewhere",
        "ts": "1421359582.000075"
    },
    {
        "type": "message",
        "user": "U03BWPJG0",
        "text": "any idea where?",
        "ts": "1421359584.000076"
    },
    {
        "type": "message",
        "user": "U03BUNNPT",
        "text": "It's in one of the pinned piazza posts",
        "ts": "1421359618.000077"
    },
    {
        "type": "message",
        "user": "U03BUNNPT",
        "text": "It's a Google drive link",
        "ts": "1421359628.000078"
    },
    {
        "type": "message",
        "user": "U03BWPJG0",
        "text": "thank you",
        "ts": "1421359978.000079"
    },
    {
        "type": "message",
        "user": "U03BUNNPT",
        "text": "<@U03BURB6R> <@U03BWRML2> <@U03BXCW3W> Can I get a photo of each of you for the slides?",
        "ts": "1421364761.000080"
    },
    {
        "type": "message",
        "user": "U03BUNNPT",
        "text": "PowerPoint: <https:\/\/onedrive.live.com\/redir?page=view&amp;resid=F75322125CB1707F!3387&amp;authkey=!ACKOPDqoPj8boEI>",
        "attachments": [
            {
                "title": "pitch.pptx",
                "title_link": "https:\/\/onedrive.live.com\/redir?page=view&resid=F75322125CB1707F!3387&authkey=!ACKOPDqoPj8boEI",
                "text": "Microsoft PowerPoint Presentation",
                "fallback": "pitch.pptx",
                "thumb_url": "https:\/\/p.sfx.ms\/icons\/v2\/Large\/Ppt.png",
                "from_url": "https:\/\/onedrive.live.com\/redir?page=view&resid=F75322125CB1707F!3387&authkey=!ACKOPDqoPj8boEI",
                "thumb_width": 96,
                "thumb_height": 96,
                "id": 1
            }
        ],
        "ts": "1421365093.000081"
    },
    {
        "type": "message",
        "user": "U03BWRML2",
        "text": "K",
        "ts": "1421365938.000083"
    },
    {
        "type": "message",
        "user": "U03BWRML2",
        "text": "I'll upload it around 10",
        "ts": "1421365966.000084"
    },
    {
        "type": "message",
        "user": "U03BUNNPT",
        "text": "thanks",
        "ts": "1421366309.000085"
    },
    {
        "type": "message",
        "user": "U03C8TPEQ",
        "text": "why do we need pictures for the slides",
        "ts": "1421368290.000086"
    },
    {
        "type": "message",
        "user": "U03BUNNPT",
        "text": "Just to introduce the team members",
        "ts": "1421368339.000087"
    },
    {
        "type": "message",
        "user": "U03BUNNPT",
        "text": "I'm just loosely following the 454 format since he hasn't said anything",
        "ts": "1421368367.000088"
    },
    {
        "type": "message",
        "user": "U03BUNNPT",
        "text": "\u00af\\_(\u30c4)_\/\u00af ",
        "ts": "1421368369.000089"
    },
    {
        "type": "message",
        "user": "U03C8TPEQ",
        "text": "yeah i can tell",
        "ts": "1421368402.000090"
    },
    {
        "type": "message",
        "user": "U03C8TPEQ",
        "text": "\"pitch\"",
        "ts": "1421368404.000091"
    },
    {
        "type": "message",
        "user": "U03BUNNPT",
        "text": "don't h8",
        "ts": "1421368485.000092"
    },
    {
        "type": "message",
        "subtype": "file_share",
        "text": "<@U03C9PL8U|ben.> uploaded a file: <https:\/\/ultrathins.slack.com\/files\/ben.\/F03CL44L0\/screenshot_2015-01-15-19-34-44.png|Slack for Android Upload> and commented: Eugene is half the team #Carry",
        "file": {
            "id": "F03CL44L0",
            "created": 1421368545,
            "timestamp": 1421368545,
            "name": "Screenshot_2015-01-15-19-34-44.png",
            "title": "Slack for Android Upload",
            "mimetype": "image\/png",
            "filetype": "png",
            "pretty_type": "PNG",
            "user": "U03C9PL8U",
            "editable": false,
            "size": 522949,
            "mode": "hosted",
            "is_external": false,
            "external_type": "",
            "is_public": true,
            "public_url_shared": false,
            "url": "https:\/\/slack-files.com\/files-pub\/T03BUNNPM-F03CL44L0-20e8e3f71b\/screenshot_2015-01-15-19-34-44.png",
            "url_download": "https:\/\/slack-files.com\/files-pub\/T03BUNNPM-F03CL44L0-20e8e3f71b\/download\/screenshot_2015-01-15-19-34-44.png",
            "url_private": "https:\/\/files.slack.com\/files-pri\/T03BUNNPM-F03CL44L0\/screenshot_2015-01-15-19-34-44.png",
            "url_private_download": "https:\/\/files.slack.com\/files-pri\/T03BUNNPM-F03CL44L0\/download\/screenshot_2015-01-15-19-34-44.png",
            "thumb_64": "https:\/\/slack-files.com\/files-tmb\/T03BUNNPM-F03CL44L0-008a7a068f\/screenshot_2015-01-15-19-34-44_64.png",
            "thumb_80": "https:\/\/slack-files.com\/files-tmb\/T03BUNNPM-F03CL44L0-008a7a068f\/screenshot_2015-01-15-19-34-44_80.png",
            "thumb_360": "https:\/\/slack-files.com\/files-tmb\/T03BUNNPM-F03CL44L0-008a7a068f\/screenshot_2015-01-15-19-34-44_360.png",
            "thumb_360_w": 203,
            "thumb_360_h": 360,
            "thumb_160": "https:\/\/slack-files.com\/files-tmb\/T03BUNNPM-F03CL44L0-008a7a068f\/screenshot_2015-01-15-19-34-44_160.png",
            "thumb_720": "https:\/\/slack-files.com\/files-tmb\/T03BUNNPM-F03CL44L0-008a7a068f\/screenshot_2015-01-15-19-34-44_720.png",
            "thumb_720_w": 405,
            "thumb_720_h": 720,
            "thumb_1024": "https:\/\/slack-files.com\/files-tmb\/T03BUNNPM-F03CL44L0-008a7a068f\/screenshot_2015-01-15-19-34-44_1024.png",
            "thumb_1024_w": 576,
            "thumb_1024_h": 1024,
            "image_exif_rotation": 1,
            "permalink": "https:\/\/ultrathins.slack.com\/files\/ben.\/F03CL44L0\/screenshot_2015-01-15-19-34-44.png",
            "permalink_public": "https:\/\/slack-files.com\/T03BUNNPM-F03CL44L0-20e8e3f71b",
            "channels": [
                "C03BUNNQR"
            ],
            "groups": [],
            "ims": [],
            "comments_count": 1,
            "initial_comment": {
                "id": "Fc03CL44N6",
                "created": 1421368550,
                "timestamp": 1421368550,
                "user": "U03C9PL8U",
                "comment": "Eugene is half the team #Carry"
            }
        },
        "user": "U03C9PL8U",
        "upload": true,
        "ts": "1421368550.000093"
    },
    {
        "type": "message",
        "user": "U03C8TPEQ",
        "text": "#1",
        "ts": "1421368634.000094"
    },
    {
        "type": "message",
        "user": "U03BUNNPT",
        "text": "lol",
        "ts": "1421368673.000095"
    },
    {
        "type": "message",
        "user": "U03C9PL8U",
        "text": "Also I may send you a different pic for me a selfie with fake plastic ray bans isn't the most professional picture :-P",
        "ts": "1421368852.000096"
    },
    {
        "type": "message",
        "user": "U03C9PL8U",
        "text": "Although I do like the amount of yellow. Kinda thinking we should have a yellow theme just because the ultrathin condom wrapper is yellow ",
        "ts": "1421369009.000097"
    },
    {
        "type": "message",
        "user": "U03BWRML2",
        "text": "Praise Eugene",
        "ts": "1421369221.000098"
    },
    {
        "type": "message",
        "user": "U03BUNNPT",
        "text": "@ben brilliant",
        "ts": "1421369290.000099"
    },
    {
        "type": "message",
        "user": "U03BUNNPT",
        "text": "too bad there isn't a yellow version of this PPT theme",
        "ts": "1421369301.000100"
    },
    {
        "type": "message",
        "user": "U03C9PL8U",
        "text": "Its only the early stages of the course we'll have plenty of time to use yellow themes later",
        "ts": "1421369486.000101"
    },
    {
        "type": "message",
        "user": "U03BWRML2",
        "text": "Initially there should be no problem. \nBut after using this tool, will it require you to do any programming?\n\nFrom Prof ",
        "ts": "1421370536.000102"
    },
    {
        "type": "message",
        "user": "U03BUNNPT",
        "text": "huh?",
        "ts": "1421370613.000103"
    },
    {
        "type": "message",
        "user": "U03BWRML2",
        "text": "About using tools ",
        "ts": "1421370777.000104"
    },
    {
        "type": "message",
        "user": "U03BUNNPT",
        "text": "Oh, for making the project?",
        "ts": "1421370818.000105"
    },
    {
        "type": "message",
        "user": "U03BWRML2",
        "text": "Question from cath ",
        "ts": "1421370826.000106"
    },
    {
        "type": "message",
        "user": "U03BUNNPT",
        "text": "Yeah",
        "ts": "1421370832.000107"
    },
    {
        "type": "message",
        "user": "U03BWRML2",
        "text": "Yea ",
        "ts": "1421370836.000108"
    },
    {
        "type": "message",
        "user": "U03BUNNPT",
        "text": "I guess we won't be relying on tools all that much",
        "ts": "1421370846.000109"
    },
    {
        "type": "message",
        "user": "U03BUNNPT",
        "text": "More of just using some libraries\/frameworks",
        "ts": "1421370856.000110"
    },
    {
        "type": "message",
        "user": "U03BWRML2",
        "text": "Cool",
        "ts": "1421370872.000111"
    },
    {
        "type": "message",
        "user": "U03BWRML2",
        "text": "Ok",
        "ts": "1421370876.000112"
    },
    {
        "type": "message",
        "user": "U03BWRML2",
        "text": "Btw ",
        "ts": "1421370879.000113"
    },
    {
        "type": "message",
        "subtype": "file_share",
        "text": "A file was shared",
        "file": null,
        "upload": false,
        "ts": "1421370896.000114"
    },
    {
        "type": "message",
        "user": "U03BUNNPT",
        "text": "-_-",
        "ts": "1421370900.000115"
    },
    {
        "type": "message",
        "user": "U03BWRML2",
        "text": "Can I use this lol",
        "ts": "1421370910.000116"
    },
    {
        "type": "message",
        "user": "U03BUNNPT",
        "text": "I'm going to go with a fairly solid _no_",
        "ts": "1421370921.000117"
    },
    {
        "type": "message",
        "user": "U03BWRML2",
        "text": ": (",
        "ts": "1421370931.000118"
    },
    {
        "type": "message",
        "user": "U03BWRML2",
        "text": "K",
        "ts": "1421370936.000119"
    },
    {
        "type": "message",
        "user": "U03BWPJG0",
        "text": "neither is me with a caffeine molecule hat lol",
        "ts": "1421371098.000120"
    },
    {
        "type": "message",
        "user": "U03BWPJG0",
        "text": "do you want a different picture",
        "ts": "1421371102.000121"
    },
    {
        "type": "message",
        "user": "U03BUNNPT",
        "text": "if you want",
        "ts": "1421371126.000122"
    },
    {
        "type": "message",
        "user": "U03BUNNPT",
        "text": "\u00af\\_(\u30c4)_\/\u00af",
        "ts": "1421371127.000123"
    },
    {
        "type": "message",
        "user": "U03BUNNPT",
        "text": "I generally just want a picture when I can see your face",
        "ts": "1421371137.000124"
    },
    {
        "type": "message",
        "user": "U03BWRML2",
        "text": "Aw ",
        "ts": "1421371236.000125"
    },
    {
        "type": "message",
        "user": "U03BWPJG0",
        "text": "that's fine then",
        "ts": "1421371304.000126"
    },
    {
        "type": "message",
        "user": "U03BWPJG0",
        "text": "\"team 1\"",
        "ts": "1421371312.000127"
    },
    {
        "type": "message",
        "user": "U03BWPJG0",
        "text": "this lecturer's no fun",
        "ts": "1421371331.000128"
    },
    {
        "type": "message",
        "user": "U03BWRML2",
        "text": "Hahahaha ",
        "ts": "1421371373.000129"
    },
    {
        "type": "message",
        "user": "U03BUNNPT",
        "text": "We could just write ultrathins",
        "ts": "1421371433.000130"
    },
    {
        "type": "message",
        "user": "U03BX7SQ1",
        "text": "Errr _no_ let's not ",
        "ts": "1421371537.000131"
    },
    {
        "type": "message",
        "user": "U03BWPJG0",
        "text": "the question is, if he made us submit team names",
        "ts": "1421372456.000132"
    },
    {
        "type": "message",
        "user": "U03BWPJG0",
        "text": "would we still be called ultrathins",
        "ts": "1421372461.000133"
    },
    {
        "type": "message",
        "user": "U03C9PL8U",
        "text": "yes",
        "ts": "1421373900.000134"
    },
    {
        "type": "message",
        "user": "U03BUNNPT",
        "text": "yes",
        "ts": "1421373903.000135"
    },
    {
        "type": "message",
        "user": "U03BUNNPT",
        "text": "gotta stick with our roots, y'know",
        "ts": "1421373911.000136"
    },
    {
        "type": "message",
        "user": "U03C9PL8U",
        "text": "like that's not even a question",
        "ts": "1421373918.000137"
    },
    {
        "type": "message",
        "user": "U03C9PL8U",
        "text": "I'd consider jumping ship to sensitives if we abandon our name #SorryNotSorry",
        "ts": "1421373952.000138"
    },
    {
        "type": "message",
        "user": "U03BUNNPT",
        "text": "How dare you abandon us",
        "ts": "1421374014.000139"
    },
    {
        "type": "message",
        "user": "U03BWRML2",
        "text": "eric in Kendo Club?",
        "ts": "1421374060.000140"
    },
    {
        "type": "message",
        "user": "U03BXCW3W",
        "text": "I went to the office hour today. He said we could also talk about some existing related tutorials for our project...",
        "ts": "1421376629.000141"
    },
    {
        "type": "message",
        "user": "U03BXCW3W",
        "text": "<http:\/\/www.codecademy.com\/courses\/python-intermediate-en-KE1UJ\/0\/1>",
        "attachments": [
            {
                "service_name": "Codecademy",
                "title": "Introduction to Bitwise Operators",
                "title_link": "http:\/\/www.codecademy.com\/courses\/python-intermediate-en-KE1UJ\/0\/1",
                "text": "Bitwise operations directly manipulate bits\u2014patterns of 0s and 1s. Though they can be tricky to learn at first, their speed makes them a useful addition to any programmer's toolbox.",
                "fallback": "Codecademy: Introduction to Bitwise Operators",
                "from_url": "http:\/\/www.codecademy.com\/courses\/python-intermediate-en-KE1UJ\/0\/1",
                "id": 1
            }
        ],
        "ts": "1421376804.000142"
    },
    {
        "type": "message",
        "user": "U03BXCW3W",
        "text": "This one provides some \"real-coding\" about bitwise operation...",
        "ts": "1421376825.000144"
    },
    {
        "type": "message",
        "user": "U03BXCW3W",
        "text": "<http:\/\/www.tutorialspoint.com\/cprogramming\/c_bitwise_operators.htm>",
        "attachments": [
            {
                "text": "Bitwise Operators in C - Learn ANSI, GNU and K\/R standard of C programming language with simple and easy examples covering basic C, language basics, literals, data types, functions, loops, arrays, pointers, structures, input and output, memory management, pre-processors, directives etc.",
                "fallback": "Bitwise Operators in C - Learn ANSI, GNU and K\/R standard of C programming language with simple and easy examples covering basic C, language basics, literals, data types, functions, loops, arrays, pointers, structures, input and output, memory management, pre-processors, directives etc.",
                "from_url": "http:\/\/www.tutorialspoint.com\/cprogramming\/c_bitwise_operators.htm",
                "id": 1
            }
        ],
        "ts": "1421376910.000145"
    },
    {
        "type": "message",
        "user": "U03BXCW3W",
        "text": "This one is just summary, explanation, and examples of bitwise operation in C.",
        "ts": "1421377000.000147"
    },
    {
        "type": "message",
        "user": "U03BXCW3W",
        "text": "<http:\/\/www.tutorialspoint.com\/cplusplus\/cpp_bitwise_operators.htm>",
        "attachments": [
            {
                "text": "C++ Bitwise Operators - Learning C++ in simple and easy steps : A beginner's tutorial containing complete knowledge of C++ Syntax Object Oriented Language, Methods, Overriding, Inheritance, Polymorphism, Interfaces, STL, Iterators, Algorithms, Exception Handling, Overloading,Templates, Namespaces and Signal Handling",
                "fallback": "C++ Bitwise Operators - Learning C++ in simple and easy steps : A beginner's tutorial containing complete knowledge of C++ Syntax Object Oriented Language, Methods, Overriding, Inheritance, Polymorphism, Interfaces, STL, Iterators, Algorithms, Exception Handling, Overloading,Templates, Namespaces and Signal Handling",
                "from_url": "http:\/\/www.tutorialspoint.com\/cplusplus\/cpp_bitwise_operators.htm",
                "id": 1
            }
        ],
        "ts": "1421377033.000148"
    },
    {
        "type": "message",
        "user": "U03BXCW3W",
        "text": "This is about the same as the previous one, but for C++",
        "ts": "1421377054.000150"
    },
    {
        "type": "message",
        "user": "U03BXCW3W",
        "text": "And I found that all other tutorials were about the same, just explained in words.",
        "ts": "1421377110.000151"
    },
    {
        "type": "message",
        "user": "U03BXCW3W",
        "text": "<@U03BUNNPT>: I really don't like my photos T.T... Is this one big enough for you to see my face...",
        "ts": "1421379017.000152"
    },
    {
        "type": "message",
        "user": "U03BUNNPT",
        "text": "<@U03BXCW3W>: did you post a picture...?",
        "ts": "1421380896.000153"
    },
    {
        "type": "message",
        "user": "U03BUNNPT",
        "text": "or do you mean your display picture",
        "ts": "1421380901.000154"
    },
    {
        "type": "message",
        "user": "U03C8TPEQ",
        "text": "i still think it's too easy...",
        "ts": "1421381749.000155"
    },
    {
        "type": "message",
        "user": "U03C8TPEQ",
        "text": "how about",
        "ts": "1421381750.000156"
    },
    {
        "type": "message",
        "user": "U03C8TPEQ",
        "text": "CONCURRENT DATA STRUCTURES!?",
        "ts": "1421381757.000157"
    },
    {
        "type": "message",
        "user": "U03C8TPEQ",
        "text": "doesnt that sound fun",
        "ts": "1421381760.000158"
    },
    {
        "type": "message",
        "user": "U03BUNNPT",
        "text": "This course isn't about the material that the thing teaches",
        "edited": {
            "user": "U03BUNNPT",
            "ts": "1421381862.000000"
        },
        "ts": "1421381857.000159"
    },
    {
        "type": "message",
        "user": "U03C8TPEQ",
        "text": "yeah but isnt it more interesting to actually learn conceptual stuff while doing the project",
        "ts": "1421381916.000161"
    },
    {
        "type": "message",
        "user": "U03C8TPEQ",
        "text": "it's like...",
        "ts": "1421381918.000162"
    },
    {
        "type": "message",
        "user": "U03C8TPEQ",
        "text": "two birds with 1 stone!",
        "ts": "1421381923.000163"
    },
    {
        "type": "message",
        "user": "U03BXCW3W",
        "text": "<@U03BUNNPT>:  Yeah... I mean my display picture... I didn't find the place to upload photo in my profile...",
        "ts": "1421385178.000164"
    },
    {
        "type": "message",
        "user": "U03BUNNPT",
        "text": "Beside the normal chat box there's an arrow icon. You can upload photos with that",
        "ts": "1421385334.000165"
    },
    {
        "type": "message",
        "user": "U03BUNNPT",
        "text": "I do need a bigger copy, but the photo should be fine",
        "ts": "1421385353.000166"
    },
    {
        "type": "message",
        "user": "U03BXCW3W",
        "text": "I see! Thanks",
        "ts": "1421385457.000167"
    },
    {
        "type": "message",
        "user": "U03BURB6R",
        "text": "Oh",
        "ts": "1421394067.000168"
    },
    {
        "type": "message",
        "user": "U03BURB6R",
        "text": "I forgot about the other slack",
        "ts": "1421394071.000169"
    },
    {
        "type": "message",
        "user": "U03BURB6R",
        "text": "<@U03BUNNPT>: tell me whatever I need to do theres too much text",
        "ts": "1421394089.000170"
    },
    {
        "type": "message",
        "user": "U03BURB6R",
        "text": "I'll sort it out tomorrow",
        "ts": "1421394096.000171"
    }
]