[
    {
        "type": "message",
        "user": "U03BWRML2",
        "text": "Wifi back ",
        "ts": "1424523919.000002"
    },
    {
        "type": "message",
        "subtype": "file_share",
        "text": "<@U03BWPJG0|christina> uploaded a file: <https:\/\/ultrathins.slack.com\/files\/christina\/F03PH2ANB\/screen_shot_2015-02-22_at_8.35.32_am.png|what.png>",
        "file": {
            "id": "F03PH2ANB",
            "created": 1424561803,
            "timestamp": 1424561803,
            "name": "Screen Shot 2015-02-22 at 8.35.32 AM.png",
            "title": "what.png",
            "mimetype": "image\/png",
            "filetype": "png",
            "pretty_type": "PNG",
            "user": "U03BWPJG0",
            "editable": false,
            "size": 56395,
            "mode": "hosted",
            "is_external": false,
            "external_type": "",
            "is_public": true,
            "public_url_shared": false,
            "url": "https:\/\/slack-files.com\/files-pub\/T03BUNNPM-F03PH2ANB-0c51589d6d\/screen_shot_2015-02-22_at_8.35.32_am.png",
            "url_download": "https:\/\/slack-files.com\/files-pub\/T03BUNNPM-F03PH2ANB-0c51589d6d\/download\/screen_shot_2015-02-22_at_8.35.32_am.png",
            "url_private": "https:\/\/files.slack.com\/files-pri\/T03BUNNPM-F03PH2ANB\/screen_shot_2015-02-22_at_8.35.32_am.png",
            "url_private_download": "https:\/\/files.slack.com\/files-pri\/T03BUNNPM-F03PH2ANB\/download\/screen_shot_2015-02-22_at_8.35.32_am.png",
            "thumb_64": "https:\/\/slack-files.com\/files-tmb\/T03BUNNPM-F03PH2ANB-b2199880ed\/screen_shot_2015-02-22_at_8.35.32_am_64.png",
            "thumb_80": "https:\/\/slack-files.com\/files-tmb\/T03BUNNPM-F03PH2ANB-b2199880ed\/screen_shot_2015-02-22_at_8.35.32_am_80.png",
            "thumb_360": "https:\/\/slack-files.com\/files-tmb\/T03BUNNPM-F03PH2ANB-b2199880ed\/screen_shot_2015-02-22_at_8.35.32_am_360.png",
            "thumb_360_w": 360,
            "thumb_360_h": 108,
            "thumb_160": "https:\/\/slack-files.com\/files-tmb\/T03BUNNPM-F03PH2ANB-b2199880ed\/screen_shot_2015-02-22_at_8.35.32_am_160.png",
            "thumb_720": "https:\/\/slack-files.com\/files-tmb\/T03BUNNPM-F03PH2ANB-b2199880ed\/screen_shot_2015-02-22_at_8.35.32_am_720.png",
            "thumb_720_w": 720,
            "thumb_720_h": 215,
            "thumb_1024": "https:\/\/slack-files.com\/files-tmb\/T03BUNNPM-F03PH2ANB-b2199880ed\/screen_shot_2015-02-22_at_8.35.32_am_1024.png",
            "thumb_1024_w": 1024,
            "thumb_1024_h": 306,
            "image_exif_rotation": 1,
            "permalink": "https:\/\/ultrathins.slack.com\/files\/christina\/F03PH2ANB\/screen_shot_2015-02-22_at_8.35.32_am.png",
            "permalink_public": "https:\/\/slack-files.com\/T03BUNNPM-F03PH2ANB-0c51589d6d",
            "channels": [
                "C03BUNNQR"
            ],
            "groups": [],
            "ims": [],
            "comments_count": 0
        },
        "user": "U03BWPJG0",
        "upload": true,
        "ts": "1424561806.000002"
    },
    {
        "type": "message",
        "user": "U03BWPJG0",
        "text": "did anyone get that email",
        "ts": "1424561811.000003"
    },
    {
        "type": "message",
        "user": "U03BUNNPT",
        "text": "hrm I think I did and just deleted it",
        "ts": "1424561833.000004"
    },
    {
        "type": "message",
        "user": "U03BUNNPT",
        "text": "tbh we probably won't use ZenHub for long",
        "ts": "1424561854.000005"
    },
    {
        "type": "message",
        "user": "U03BUNNPT",
        "text": "I think it's only a 1 month trial",
        "ts": "1424561857.000006"
    },
    {
        "type": "message",
        "user": "U03C9PL8U",
        "text": "He's my main guy &lt;3",
        "ts": "1424562988.000007"
    }
]