[
    {
        "type": "message",
        "user": "U03C9PL8U",
        "text": "<@U03BX7SQ1> come to office whenever you're ready",
        "ts": "1421683443.000002"
    },
    {
        "type": "message",
        "user": "U03BUNNPT",
        "text": "<!group> I edited the PPT a bit to make the text bigger and included screenshots of flippy bit",
        "ts": "1421687995.000003"
    },
    {
        "type": "message",
        "user": "U03BUNNPT",
        "text": "not really worth including screenshots of the other tutorial things though",
        "ts": "1421688006.000004"
    },
    {
        "type": "message",
        "user": "U03BWRML2",
        "text": "Thanks :thumbsup:",
        "ts": "1421688752.000005"
    },
    {
        "type": "message",
        "user": "U03BX7SQ1",
        "text": "If we ran out of things to say we'll show tutorials of the other things ",
        "ts": "1421689147.000006"
    },
    {
        "type": "message",
        "user": "U03C9PL8U",
        "text": "So this could also be some filler\n\"Hi, we're team ultrathins. If you're wondering how we cane up with this please refer to the red bucket in the cssu office\"",
        "edited": {
            "user": "U03C9PL8U",
            "ts": "1421692053.000000"
        },
        "ts": "1421692030.000007"
    },
    {
        "type": "message",
        "user": "U03BUNNPT",
        "text": "just start off with that",
        "ts": "1421695363.000002"
    },
    {
        "type": "message",
        "user": "U03C8TPEQ",
        "text": "so how are we doing introductions?",
        "ts": "1421698579.000002"
    },
    {
        "type": "message",
        "user": "U03BXCW3W",
        "text": "Thanks for the presentation prep! If there's anything I can help, please let me know :simple_smile:",
        "ts": "1421699524.000003"
    },
    {
        "type": "message",
        "user": "U03BX7SQ1",
        "text": "I think just Ben and I going up would be fine <@U03C8TPEQ> ",
        "ts": "1421702096.000004"
    },
    {
        "type": "message",
        "user": "U03C9PL8U",
        "text": "PLEASE SHOW THAT COMIC ONE MORE TIME",
        "ts": "1421709420.000002"
    },
    {
        "type": "message",
        "user": "U03C9PL8U",
        "text": "PLEASE",
        "ts": "1421709422.000003"
    },
    {
        "type": "message",
        "user": "U03BUNNPT",
        "text": "He granted your wish",
        "ts": "1421709500.000004"
    },
    {
        "type": "message",
        "user": "U03C9PL8U",
        "text": "Look at this group. Only 1\/8 are women. Get on our 50% level",
        "ts": "1421710507.000002"
    },
    {
        "type": "message",
        "user": "U03BWRML2",
        "text": "We ar dominating lel ",
        "ts": "1421710643.000003"
    },
    {
        "type": "message",
        "user": "U03BX7SQ1",
        "text": "So glad we went first ",
        "ts": "1421710946.000004"
    },
    {
        "type": "message",
        "user": "U03BUNNPT",
        "text": "why's that",
        "ts": "1421711443.000005"
    },
    {
        "type": "message",
        "user": "U03BX7SQ1",
        "text": "Less expectations, and easier questions from the prof ",
        "ts": "1421711565.000006"
    },
    {
        "type": "message",
        "user": "U03BWPJG0",
        "text": "well, I'm glad we threw the data structure idea out",
        "ts": "1421712624.000007"
    },
    {
        "type": "message",
        "user": "U03C9PL8U",
        "text": "shout outs to us an sensitives being the only non DS idea",
        "ts": "1421712781.000008"
    },
    {
        "type": "message",
        "user": "U03BX7SQ1",
        "text": "\u2606*:.\uff61. o(\u2267\u25bd\u2266)o .\uff61.:*\u2606",
        "ts": "1421712936.000009"
    },
    {
        "type": "message",
        "user": "U03BUNNPT",
        "text": "&gt; interviews",
        "ts": "1421715349.000010"
    },
    {
        "type": "message",
        "user": "U03BUNNPT",
        "text": "nope sry gotta do data structures",
        "ts": "1421715358.000011"
    },
    {
        "type": "message",
        "user": "U03BWRML2",
        "text": "hue",
        "ts": "1421715882.000012"
    }
]