[
    {
        "type": "message",
        "user": "U03BUNNPT",
        "text": "Do you think you can all get the models by today or tomorrow?",
        "edited": {
            "user": "U03BUNNPT",
            "ts": "1425223769.000000"
        },
        "ts": "1425223758.000034"
    },
    {
        "text": "",
        "bot_id": "B03K8JC7P",
        "mrkdwn": true,
        "attachments": [
            {
                "id": 1,
                "fallback": "Card moved: \"<https:\/\/trello.com\/c\/bOETDXnD|Database schema>\" from list \"In Progress\" to list \"Completed\"",
                "text": "Card moved: \"<https:\/\/trello.com\/c\/bOETDXnD|Database schema>\" from list \"In Progress\" to list \"Completed\"",
                "color": "8daec2",
                "mrkdwn_in": [
                    "text"
                ]
            }
        ],
        "type": "message",
        "subtype": "bot_message",
        "ts": "1425223792.000036"
    },
    {
        "type": "message",
        "user": "U03BUNNPT",
        "text": "<@U03C8TPEQ>: <https:\/\/github.com\/UoT-CSC30x-W15\/301W15-Prj-Team1-repo\/blob\/master\/api\/models\/Users.js>",
        "ts": "1425225376.000037"
    },
    {
        "type": "message",
        "user": "U03BUNNPT",
        "text": "does this help?",
        "ts": "1425225378.000038"
    },
    {
        "type": "message",
        "user": "U03BUNNPT",
        "text": "All the info is at <http:\/\/sailsjs.org\/#!\/documentation\/concepts\/ORM>",
        "attachments": [
            {
                "text": "Sails.js makes it easy to build custom, enterprise-grade Node.js apps. It is designed to resemble the MVC architecture from frameworks like Ruby on Rails, but with support for the more modern, data-oriented style of web app development. It's especially good for building realtime features like chat.",
                "fallback": "Sails.js makes it easy to build custom, enterprise-grade Node.js apps. It is designed to resemble the MVC architecture from frameworks like Ruby on Rails, but with support for the more modern, data-oriented style of web app development. It's especially good for building realtime features like chat.",
                "from_url": "http:\/\/sailsjs.org\/#!\/documentation\/concepts\/ORM",
                "id": 1
            }
        ],
        "ts": "1425225389.000039"
    },
    {
        "type": "message",
        "user": "U03BUNNPT",
        "text": "well, in the subcategories of Models and ORM, rather",
        "ts": "1425225423.000041"
    },
    {
        "type": "message",
        "user": "U03BWPJG0",
        "text": "so...how do we want to split the work up lol",
        "ts": "1425227952.000042"
    },
    {
        "type": "message",
        "user": "U03BWPJG0",
        "text": "is there an attribute for foreign key constraint?",
        "ts": "1425227966.000043"
    },
    {
        "type": "message",
        "user": "U03BUNNPT",
        "text": "eeer",
        "ts": "1425228189.000044"
    },
    {
        "type": "message",
        "user": "U03BUNNPT",
        "text": "<http:\/\/sailsjs.org\/#!\/documentation\/concepts\/ORM\/Associations\/ManytoMany.html>",
        "ts": "1425228190.000045"
    },
    {
        "type": "message",
        "user": "U03BUNNPT",
        "text": "might be similiar",
        "ts": "1425228194.000046"
    },
    {
        "type": "message",
        "user": "U03BUNNPT",
        "text": "I think you can do  like",
        "ts": "1425228379.000047"
    },
    {
        "type": "message",
        "user": "U03BUNNPT",
        "text": "```\nuser_id: {\n    model: 'Users'\n}\n```",
        "ts": "1425228395.000048"
    },
    {
        "type": "message",
        "user": "U03BUNNPT",
        "text": "and that'll associate the `user_id` attribute in whatever model this is to `user_id` in the Users model?",
        "ts": "1425228417.000049"
    },
    {
        "type": "message",
        "user": "U03BWPJG0",
        "text": "k thank you",
        "ts": "1425228525.000050"
    },
    {
        "type": "message",
        "user": "U03BWPJG0",
        "text": "y u no document :anguished:",
        "ts": "1425228531.000051"
    },
    {
        "type": "message",
        "user": "U03BUNNPT",
        "text": "<http:\/\/sailsjs.org\/#!\/documentation\/concepts\/ORM\/Associations\/OneWayAssociation.html>",
        "ts": "1425228898.000052"
    },
    {
        "type": "message",
        "user": "U03BUNNPT",
        "text": "maybe",
        "ts": "1425228899.000053"
    },
    {
        "type": "message",
        "user": "U03BUNNPT",
        "text": "I discovered Sails documentation isn't really the best..",
        "ts": "1425228906.000054"
    },
    {
        "user": "U03BWRML2",
        "topic": "Tut: BA2165, DL+Watch: http:\/\/sailsjs.org\/, User stories: https:\/\/docs.google.com\/document\/d\/1o7jtxKKr6_KftXxWWNwcjtDUIml6NywLIG5jy4cAqVA\/edit?usp=sharing ; Tutorial contents: https:\/\/docs.google.com\/document\/d\/1ucmQF-MtIOfTrj524FAUV_I7IHppsEwS-OBx96",
        "type": "message",
        "subtype": "channel_topic",
        "text": "<@U03BWRML2|inks> set the channel topic: Tut: BA2165, DL+Watch: http:\/\/sailsjs.org\/, User stories: https:\/\/docs.google.com\/document\/d\/1o7jtxKKr6_KftXxWWNwcjtDUIml6NywLIG5jy4cAqVA\/edit?usp=sharing ; Tutorial contents: https:\/\/docs.google.com\/document\/d\/1ucmQF-MtIOfTrj524FAUV_I7IHppsEwS-OBx96",
        "ts": "1425242940.000055"
    },
    {
        "type": "message",
        "user": "U03C8TPEQ",
        "text": "...wait so they're all done now?",
        "ts": "1425258375.000056"
    },
    {
        "type": "message",
        "user": "U03BWPJG0",
        "text": "wait",
        "ts": "1425258868.000057"
    },
    {
        "type": "message",
        "user": "U03BWPJG0",
        "text": "are they?",
        "ts": "1425258870.000058"
    },
    {
        "type": "message",
        "user": "U03BWPJG0",
        "text": "I did not mean to do that .-. sorry",
        "ts": "1425258891.000059"
    },
    {
        "type": "message",
        "user": "U03C8TPEQ",
        "text": "lol it's fine",
        "ts": "1425258906.000060"
    },
    {
        "type": "message",
        "user": "U03C8TPEQ",
        "text": "i think the sails.js page just broke",
        "ts": "1425258946.000061"
    },
    {
        "type": "message",
        "user": "U03BWPJG0",
        "text": "really?",
        "ts": "1425258972.000062"
    },
    {
        "type": "message",
        "user": "U03BWPJG0",
        "text": "mine works",
        "ts": "1425258973.000063"
    },
    {
        "type": "message",
        "user": "U03C8TPEQ",
        "text": "<http:\/\/sailsjs.org\/#\/documentation\/concepts\/ORM>",
        "attachments": [
            {
                "text": "Sails.js makes it easy to build custom, enterprise-grade Node.js apps. It is designed to resemble the MVC architecture from frameworks like Ruby on Rails, but with support for the more modern, data-oriented style of web app development. It's especially good for building realtime features like chat.",
                "fallback": "Sails.js makes it easy to build custom, enterprise-grade Node.js apps. It is designed to resemble the MVC architecture from frameworks like Ruby on Rails, but with support for the more modern, data-oriented style of web app development. It's especially good for building realtime features like chat.",
                "from_url": "http:\/\/sailsjs.org\/#\/documentation\/concepts\/ORM",
                "id": 1
            }
        ],
        "ts": "1425258980.000064"
    },
    {
        "type": "message",
        "user": "U03BWPJG0",
        "text": "oh",
        "ts": "1425258989.000066"
    },
    {
        "type": "message",
        "user": "U03C8TPEQ",
        "text": "they all go back to homepage?",
        "ts": "1425258994.000067"
    },
    {
        "type": "message",
        "user": "U03C8TPEQ",
        "text": "all the concepts",
        "ts": "1425259014.000068"
    },
    {
        "type": "message",
        "user": "U03BWPJG0",
        "text": "\u00af\\_(\u30c4)_\/\u00af",
        "ts": "1425259019.000069"
    },
    {
        "type": "message",
        "user": "U03BWPJG0",
        "text": "it'll probably be back soon",
        "ts": "1425259027.000070"
    },
    {
        "type": "message",
        "user": "U03C8TPEQ",
        "text": "<@U03BUNNPT> time to start working on controllers?",
        "ts": "1425259034.000071"
    },
    {
        "type": "message",
        "user": "U03BWPJG0",
        "text": "was there anyone who was supposed to work on the models who has not written code yet?",
        "ts": "1425259167.000072"
    },
    {
        "type": "message",
        "user": "U03C8TPEQ",
        "text": "i think catherine and eric",
        "ts": "1425259189.000073"
    },
    {
        "type": "message",
        "user": "U03BURB6R",
        "text": "When's this thing due again",
        "ts": "1425259381.000074"
    },
    {
        "type": "message",
        "user": "U03BWPJG0",
        "text": "this thursday",
        "ts": "1425259399.000075"
    },
    {
        "type": "message",
        "user": "U03BURB6R",
        "text": "aite, plenty of time",
        "edited": {
            "user": "U03BURB6R",
            "ts": "1425259451.000000"
        },
        "ts": "1425259443.000076"
    },
    {
        "type": "message",
        "user": "U03BXCW3W",
        "text": "Sorry about it... But what do I need to do with model?... I guess I can start now...",
        "ts": "1425259457.000078"
    },
    {
        "type": "message",
        "user": "U03BWPJG0",
        "text": "sorry, I sort of finished it by accident :sweat:",
        "ts": "1425259481.000079"
    },
    {
        "type": "message",
        "user": "U03BXCW3W",
        "text": "No, no, no need to say sorry...",
        "ts": "1425259528.000080"
    },
    {
        "type": "message",
        "user": "U03BXCW3W",
        "text": "I should have started earlier...",
        "ts": "1425259539.000081"
    },
    {
        "type": "message",
        "user": "U03BXCW3W",
        "text": "Well, is it the time we can start coding tutorials?",
        "ts": "1425259558.000082"
    },
    {
        "type": "message",
        "user": "U03BUNNPT",
        "text": "<@U03BWPJG0> <@U03BXCW3W> <@U03BURB6R> <https:\/\/github.com\/UoT-CSC30x-W15\/301W15-Prj-Team1-repo\/issues\/16> this first?",
        "ts": "1425259658.000083"
    },
    {
        "type": "message",
        "user": "U03BUNNPT",
        "text": "it should ideally be a view that you can access via something like localhost:1337\/tutorials\/bits\/levels\/ or something",
        "ts": "1425259721.000084"
    },
    {
        "type": "message",
        "user": "U03BUNNPT",
        "text": "you'll need to write stuff in controllers, and deal with the routes in config\/routes.js",
        "ts": "1425259742.000085"
    },
    {
        "type": "message",
        "user": "U03BXCW3W",
        "text": "Thanks eugene",
        "ts": "1425259750.000086"
    },
    {
        "type": "message",
        "user": "U03BUNNPT",
        "text": "along with creating views (don't worry about styling)",
        "ts": "1425259752.000087"
    },
    {
        "type": "message",
        "user": "U03BUNNPT",
        "text": "<@U03BWRML2> too",
        "ts": "1425259766.000088"
    },
    {
        "type": "message",
        "user": "U03BUNNPT",
        "text": "you can all work on it together",
        "ts": "1425259770.000089"
    },
    {
        "type": "message",
        "user": "U03BWRML2",
        "text": "ok",
        "ts": "1425260018.000090"
    },
    {
        "type": "message",
        "user": "U03BUNNPT",
        "text": "<https:\/\/github.com\/UoT-CSC30x-W15\/301W15-Prj-Team1-repo\/issues\/16>",
        "ts": "1425260018.000091"
    },
    {
        "type": "message",
        "user": "U03BUNNPT",
        "text": "I updated the issue description, which should help you guys understand what I'm looking for..?",
        "ts": "1425260035.000092"
    },
    {
        "type": "message",
        "user": "U03BUNNPT",
        "text": "lemme know if you don't know what I'm asking for lol",
        "ts": "1425260044.000093"
    },
    {
        "type": "message",
        "user": "U03C8TPEQ",
        "text": "can u assign me to something",
        "ts": "1425260078.000094"
    },
    {
        "type": "message",
        "user": "U03BUNNPT",
        "text": "ooh yeah",
        "ts": "1425260128.000095"
    },
    {
        "type": "message",
        "user": "U03BUNNPT",
        "text": "can you look into <https:\/\/github.com\/BlueHotDog\/sails-migrations\/> and see how to generate a migration?",
        "attachments": [
            {
                "service_name": "GitHub",
                "title": "BlueHotDog\/sails-migrations",
                "title_link": "https:\/\/github.com\/BlueHotDog\/sails-migrations\/",
                "text": "sails-migrations - The missing, migrations, arm of the octopus",
                "fallback": "GitHub: BlueHotDog\/sails-migrations",
                "thumb_url": "https:\/\/avatars0.githubusercontent.com\/u\/231539?v=3&s=400",
                "from_url": "https:\/\/github.com\/BlueHotDog\/sails-migrations\/",
                "thumb_width": 400,
                "thumb_height": 400,
                "id": 1
            }
        ],
        "ts": "1425260140.000096"
    },
    {
        "type": "message",
        "user": "U03BUNNPT",
        "text": "that'll help us have test data to work with",
        "ts": "1425260146.000098"
    },
    {
        "type": "message",
        "user": "U03C8TPEQ",
        "text": "ok",
        "ts": "1425260151.000099"
    },
    {
        "type": "message",
        "user": "U03BUNNPT",
        "text": "<!group> remember your weekly logs",
        "ts": "1425260822.000100"
    },
    {
        "type": "message",
        "user": "U03BUNNPT",
        "text": "<!group> also can someone with gmail copy the log of that hangouts meeting we had with sukwon and put it on github?",
        "ts": "1425260970.000101"
    },
    {
        "type": "message",
        "user": "U03C9PL8U",
        "text": "I'm on it",
        "ts": "1425260988.000102"
    },
    {
        "type": "message",
        "user": "U03BWPJG0",
        "text": "<@U03BXCW3W>: is the text-form of the tutorial done already?",
        "ts": "1425261758.000103"
    },
    {
        "user": "U03BWRML2",
        "topic": "Tut: BA2165, DL+Watch: http:\/\/sailsjs.org\/, User stories: https:\/\/docs.google.com\/document\/d\/1o7jtxKKr6_KftXxWWNwcjtDUIml6NywLIG5jy4cAqVA\/edit?usp=sharing ; Tutorial contents: https:\/\/docs.google.com\/document\/d\/1ucmQF-MtIOfTrj524FAUV_I7IHppsEwS-OBx96",
        "type": "message",
        "subtype": "channel_topic",
        "text": "<@U03BWRML2|inks> set the channel topic: Tut: BA2165, DL+Watch: http:\/\/sailsjs.org\/, User stories: https:\/\/docs.google.com\/document\/d\/1o7jtxKKr6_KftXxWWNwcjtDUIml6NywLIG5jy4cAqVA\/edit?usp=sharing ; Tutorial contents: https:\/\/docs.google.com\/document\/d\/1ucmQF-MtIOfTrj524FAUV_I7IHppsEwS-OBx96",
        "ts": "1425262374.000104"
    },
    {
        "type": "message",
        "user": "U03BWPJG0",
        "text": "<@U03BWRML2>: what are you trying to do lol",
        "ts": "1425262399.000105"
    },
    {
        "type": "message",
        "user": "U03BWPJG0",
        "text": "the tutorial contents link doesn't work fyi",
        "ts": "1425262412.000106"
    },
    {
        "user": "U03BWRML2",
        "topic": "Tut: BA2165, DL+Watch: http:\/\/sailsjs.org\/, User stories: https:\/\/docs.google.com\/document\/d\/1o7jtxKKr6_KftXxWWNwcjtDUIml6NywLIG5jy4cAqVA\/edit?usp=sharing ; Tutorial contents: https:\/\/docs.google.com\/document\/d\/1ucmQF-MtIOfTrj524FAUV_I7IHppsEwS-OBx96",
        "type": "message",
        "subtype": "channel_topic",
        "text": "<@U03BWRML2|inks> set the channel topic: Tut: BA2165, DL+Watch: http:\/\/sailsjs.org\/, User stories: https:\/\/docs.google.com\/document\/d\/1o7jtxKKr6_KftXxWWNwcjtDUIml6NywLIG5jy4cAqVA\/edit?usp=sharing ; Tutorial contents: https:\/\/docs.google.com\/document\/d\/1ucmQF-MtIOfTrj524FAUV_I7IHppsEwS-OBx96",
        "ts": "1425262429.000107"
    },
    {
        "type": "message",
        "user": "U03BWRML2",
        "text": "oh",
        "ts": "1425262432.000108"
    },
    {
        "type": "message",
        "user": "U03BWRML2",
        "text": "i know why",
        "ts": "1425262435.000109"
    },
    {
        "type": "message",
        "user": "U03BWRML2",
        "text": "<https:\/\/docs.google.com\/document\/d\/1ucmQF-MtIOfTrj524FAUV_I7IHppsEwS-OBx96UFjl4\/edit?usp=sharing>",
        "ts": "1425262435.000110"
    },
    {
        "type": "message",
        "user": "U03BWRML2",
        "text": "word limit...",
        "ts": "1425262442.000111"
    },
    {
        "type": "message",
        "user": "U03BWRML2",
        "text": "contents not done yet : _|",
        "ts": "1425262463.000112"
    },
    {
        "user": "U03BWPJG0",
        "topic": "Tut: BA2165, DL+Watch: http:\/\/sailsjs.org\/ , User stories: http:\/\/bit.ly\/1AtBB4f ; Tutorial contents: http:\/\/bit.ly\/1BvjvEK",
        "type": "message",
        "subtype": "channel_topic",
        "text": "<@U03BWPJG0|christina> set the channel topic: Tut: BA2165, DL+Watch: http:\/\/sailsjs.org\/ , User stories: http:\/\/bit.ly\/1AtBB4f ; Tutorial contents: http:\/\/bit.ly\/1BvjvEK",
        "ts": "1425262598.000113"
    },
    {
        "type": "message",
        "user": "U03BWRML2",
        "text": "wolo",
        "ts": "1425262624.000114"
    },
    {
        "type": "message",
        "user": "U03BWRML2",
        "text": "thanks",
        "ts": "1425262626.000115"
    },
    {
        "type": "message",
        "user": "U03BWPJG0",
        "text": ":thumbsup:",
        "ts": "1425262677.000116"
    },
    {
        "type": "message",
        "user": "U03BWPJG0",
        "text": "also, are you a priest in age of empires now",
        "edited": {
            "user": "U03BWPJG0",
            "ts": "1425262694.000000"
        },
        "ts": "1425262683.000117"
    },
    {
        "type": "message",
        "user": "U03BWRML2",
        "text": "hahahaha",
        "ts": "1425262725.000119"
    },
    {
        "type": "message",
        "user": "U03C9PL8U",
        "text": "why not just link to a shared folder?",
        "ts": "1425263087.000120"
    },
    {
        "user": "U03BWPJG0",
        "topic": "Tut: BA2165, DL+Watch: http:\/\/sailsjs.org\/ ,  Phase 2 GDocs: https:\/\/drive.google.com\/folderview?id=0B86y9O74STpMZFBPNElpWW9mdU0&amp;usp=sharing",
        "type": "message",
        "subtype": "channel_topic",
        "text": "<@U03BWPJG0|christina> set the channel topic: Tut: BA2165, DL+Watch: http:\/\/sailsjs.org\/ ,  Phase 2 GDocs: https:\/\/drive.google.com\/folderview?id=0B86y9O74STpMZFBPNElpWW9mdU0&amp;usp=sharing",
        "ts": "1425263292.000121"
    },
    {
        "type": "message",
        "user": "U03BWRML2",
        "text": "we lost Catherine and Eric so contents are not completed yet",
        "ts": "1425271382.000122"
    },
    {
        "type": "message",
        "user": "U03BWRML2",
        "text": "I believe they can make it tmr",
        "ts": "1425271391.000123"
    },
    {
        "type": "message",
        "user": "U03BWRML2",
        "text": "for my part, I am not sure the decimal to hex is the best conversion method",
        "ts": "1425271424.000124"
    },
    {
        "type": "message",
        "user": "U03BWRML2",
        "text": "And my sad grammar",
        "ts": "1425271456.000125"
    },
    {
        "type": "message",
        "user": "U03BWPJG0",
        "text": "\"lost\"?",
        "ts": "1425271465.000126"
    },
    {
        "type": "message",
        "user": "U03BWPJG0",
        "text": "the base method for converting between every base should be the same, just some bases might have shortcuts",
        "ts": "1425271483.000127"
    },
    {
        "type": "message",
        "user": "U03BURB6R",
        "text": "I'm writing it now",
        "ts": "1425271504.000128"
    },
    {
        "type": "message",
        "user": "U03BURB6R",
        "text": "Its just about done",
        "ts": "1425271510.000129"
    },
    {
        "type": "message",
        "user": "U03BWRML2",
        "text": "yes",
        "ts": "1425271516.000130"
    },
    {
        "type": "message",
        "user": "U03BWPJG0",
        "text": "I'm looking at the tutorial content and there is this thing",
        "ts": "1425271650.000131"
    },
    {
        "type": "message",
        "user": "U03BWPJG0",
        "text": "Binary to Heximal:",
        "ts": "1425271652.000132"
    },
    {
        "type": "message",
        "user": "U03BWPJG0",
        "text": "is that...decimal or hexadecimal?",
        "ts": "1425271661.000133"
    },
    {
        "type": "message",
        "user": "U03BXCW3W",
        "text": "I thought we don't need to upload the tutorial",
        "ts": "1425271673.000134"
    },
    {
        "type": "message",
        "user": "U03BWRML2",
        "text": "I was confused",
        "ts": "1425271675.000135"
    },
    {
        "type": "message",
        "user": "U03BWRML2",
        "text": "hex or hexadecimal, which one is correct",
        "ts": "1425271685.000136"
    },
    {
        "type": "message",
        "user": "U03BXCW3W",
        "text": "Just prepare when we need to code",
        "ts": "1425271689.000137"
    },
    {
        "type": "message",
        "user": "U03BWPJG0",
        "text": "both, hex is just short for hexadecimal",
        "ts": "1425271697.000138"
    },
    {
        "type": "message",
        "user": "U03BWPJG0",
        "text": "put it in the google docs please, if you've written it already",
        "ts": "1425271713.000139"
    },
    {
        "type": "message",
        "user": "U03BXCW3W",
        "text": "I can upload the context tmr... Sorry for the delay",
        "ts": "1425271714.000140"
    },
    {
        "type": "message",
        "user": "U03BWPJG0",
        "text": "would be nice to see the tutorial first before coding it",
        "ts": "1425271721.000141"
    },
    {
        "type": "message",
        "user": "U03BWPJG0",
        "text": "also, I need to match the cheat sheet to the methods used in the tutorial first so",
        "ts": "1425271735.000142"
    },
    {
        "type": "message",
        "user": "U03BWRML2",
        "text": "Need a Decimal to Hex cheat sheet",
        "ts": "1425271774.000143"
    },
    {
        "type": "message",
        "user": "U03BWRML2",
        "text": "convert 0-9, 10-15 into hex",
        "ts": "1425271791.000144"
    },
    {
        "type": "message",
        "user": "U03BWRML2",
        "text": "so I am going to use hexadecimal..",
        "ts": "1425271834.000145"
    },
    {
        "type": "message",
        "user": "U03BXCW3W",
        "text": "<@U03BWPJG0> sure, I'll paste them on google doc tmr",
        "ts": "1425272001.000146"
    },
    {
        "type": "message",
        "user": "U03BURB6R",
        "text": "There, its up",
        "ts": "1425272332.000147"
    },
    {
        "type": "message",
        "user": "U03BURB6R",
        "text": "Google docs fucked up the linebreaks but whatever",
        "ts": "1425272342.000148"
    },
    {
        "type": "message",
        "user": "U03BURB6R",
        "text": "Eugene or whoever can get at me tomorrow about what coding thing I need to do before thursday",
        "ts": "1425272396.000149"
    },
    {
        "type": "message",
        "user": "U03BUNNPT",
        "text": "Yeah we'll need to figure it out so we can all do \"code review\"",
        "ts": "1425274322.000150"
    }
]