[
    {
        "type": "message",
        "user": "U03BWPJG0",
        "text": "what days do \"this week\" cover",
        "ts": "1424250856.000002"
    },
    {
        "type": "message",
        "user": "U03BWPJG0",
        "text": "sorry, time zone thing",
        "ts": "1424251020.000003"
    },
    {
        "type": "message",
        "user": "U03BURB6R",
        "text": "ugh",
        "ts": "1424268476.000004"
    },
    {
        "type": "message",
        "user": "U03BUNNPT",
        "text": "Ugh",
        "ts": "1424272800.000005"
    },
    {
        "type": "message",
        "user": "U03BUNNPT",
        "text": "Friday via Hangouts?",
        "ts": "1424272844.000006"
    },
    {
        "type": "message",
        "user": "U03BUNNPT",
        "text": "<@U03C8TPEQ> you started designing the database yet?",
        "ts": "1424274047.000007"
    },
    {
        "type": "message",
        "user": "U03BWPJG0",
        "text": "I basically can't do Thursday and Friday, probably just do the meeting without me :x sorry",
        "ts": "1424274261.000008"
    },
    {
        "type": "message",
        "user": "U03BWPJG0",
        "text": "I'll be online sometime on Friday, just at like 6am",
        "ts": "1424274297.000009"
    },
    {
        "type": "message",
        "user": "U03BWPJG0",
        "text": "is there anything else that needs doing in the meantime?",
        "ts": "1424274311.000010"
    },
    {
        "type": "message",
        "user": "U03BWPJG0",
        "text": "kind of confused about our milestones and stuff",
        "ts": "1424274321.000011"
    },
    {
        "type": "message",
        "user": "U03BUNNPT",
        "text": "You want to write some tutorials or the overview sheets, <@U03BWPJG0> ?",
        "ts": "1424275458.000012"
    },
    {
        "type": "message",
        "user": "U03BUNNPT",
        "text": "<!group> what are your google account emails? I want to add you to a Doc for the tutorial stuff, but I need to just invite you all so I can put a link publicly on GH too",
        "ts": "1424275730.000013"
    },
    {
        "type": "message",
        "user": "U03BWRML2",
        "text": "<mailto:leebang31698@gmail.com|leebang31698@gmail.com>",
        "ts": "1424275845.000014"
    },
    {
        "type": "message",
        "user": "U03BUNNPT",
        "text": "I invited <@U03BWRML2> , <@U03BX7SQ1> , and <@U03BURB6R> already",
        "ts": "1424275866.000015"
    },
    {
        "type": "message",
        "user": "U03BWRML2",
        "text": "I will be online for this week",
        "ts": "1424275913.000016"
    },
    {
        "type": "message",
        "user": "U03BWRML2",
        "text": "Already in China : p ",
        "ts": "1424275935.000017"
    },
    {
        "type": "message",
        "user": "U03BUNNPT",
        "text": "is there skype or hangouts in China...?",
        "ts": "1424275949.000018"
    },
    {
        "type": "message",
        "user": "U03C9PL8U",
        "text": "What do you mean put the link publically on GH? Like with all the emails cause I would prefer my main gmail not to be public",
        "ts": "1424276121.000019"
    },
    {
        "type": "message",
        "user": "U03BUNNPT",
        "text": "hrm",
        "ts": "1424276149.000020"
    },
    {
        "type": "message",
        "user": "U03BUNNPT",
        "text": "can you view the people's emails when looking at a GDoc?",
        "edited": {
            "user": "U03BUNNPT",
            "ts": "1424276172.000000"
        },
        "ts": "1424276157.000021"
    },
    {
        "type": "message",
        "user": "U03BUNNPT",
        "text": "naw I don't think you can. the link is for view only",
        "ts": "1424276212.000023"
    },
    {
        "type": "message",
        "user": "U03BWPJG0",
        "text": "<mailto:winged.crocodile@gmail.com|winged.crocodile@gmail.com>",
        "ts": "1424276245.000024"
    },
    {
        "type": "message",
        "user": "U03BWRML2",
        "text": "skype seems working ",
        "ts": "1424276414.000025"
    },
    {
        "type": "message",
        "user": "U03BWPJG0",
        "text": "<@U03BWRML2>: lol well, happy Chinese new year :P",
        "ts": "1424276441.000026"
    },
    {
        "type": "message",
        "user": "U03BWPJG0",
        "text": "I don't think you can do GDoc without VPN there though?",
        "ts": "1424276449.000027"
    },
    {
        "type": "message",
        "user": "U03BWRML2",
        "text": "Thx happy new year, crazy busy in this two days",
        "ts": "1424276490.000028"
    },
    {
        "type": "message",
        "user": "U03BWPJG0",
        "text": "<@U03BUNNPT>: what format should the thing be in?",
        "ts": "1424276549.000029"
    },
    {
        "type": "message",
        "user": "U03BWPJG0",
        "text": "lol I actually have no idea what's going on right now",
        "ts": "1424276555.000030"
    },
    {
        "type": "message",
        "user": "U03BWRML2",
        "text": "Need Vpn yes, so the easy way to do is asking someone transfer it into PDF...",
        "ts": "1424276556.000031"
    },
    {
        "type": "message",
        "user": "U03BUNNPT",
        "text": "<@U03BWPJG0> something like &lt;material teaching about the topic&gt;, &lt;question w\/ expected answer (waits for user input)&gt;, repeat..., end of level",
        "ts": "1424276759.000032"
    },
    {
        "type": "message",
        "user": "U03BUNNPT",
        "text": "if that makes sense?",
        "ts": "1424276764.000033"
    },
    {
        "type": "message",
        "user": "U03BUNNPT",
        "text": "Vaguely like <https:\/\/try.github.io\/levels\/1\/challenges\/1>",
        "attachments": [
            {
                "title": "Try Git",
                "title_link": "https:\/\/try.github.io\/levels\/1\/challenges\/1",
                "text": "Learn to use Git",
                "fallback": "Try Git",
                "from_url": "https:\/\/try.github.io\/levels\/1\/challenges\/1",
                "id": 1
            }
        ],
        "ts": "1424276784.000034"
    },
    {
        "type": "message",
        "user": "U03BX7SQ1",
        "text": "Happy Chinese New Year! ",
        "ts": "1424277044.000036"
    },
    {
        "type": "message",
        "user": "U03BWRML2",
        "text": "yay",
        "ts": "1424277084.000037"
    },
    {
        "type": "message",
        "user": "U03BUNNPT",
        "text": "happy new year, <@U03BWRML2> :simple_smile:",
        "ts": "1424277144.000038"
    },
    {
        "type": "message",
        "user": "U03BUNNPT",
        "text": "and <@U03BWPJG0> ?",
        "ts": "1424277151.000039"
    },
    {
        "text": "",
        "bot_id": "B03K8JC7P",
        "mrkdwn": true,
        "attachments": [
            {
                "id": 1,
                "fallback": "Card moved: \"<https:\/\/trello.com\/c\/0XCltGBl|Add GitHub issues + milestones>\" from list \"To Do\" to list \"Completed\"",
                "text": "Card moved: \"<https:\/\/trello.com\/c\/0XCltGBl|Add GitHub issues + milestones>\" from list \"To Do\" to list \"Completed\"",
                "color": "8daec2",
                "mrkdwn_in": [
                    "text"
                ]
            }
        ],
        "type": "message",
        "subtype": "bot_message",
        "ts": "1424277186.000040"
    },
    {
        "type": "message",
        "user": "U03BWRML2",
        "text": "happy new yeah",
        "ts": "1424277335.000041"
    },
    {
        "type": "message",
        "user": "U03BWRML2",
        "text": "year",
        "ts": "1424277336.000042"
    },
    {
        "type": "message",
        "user": "U03BWRML2",
        "text": ": )))",
        "ts": "1424277425.000043"
    },
    {
        "type": "message",
        "user": "U03BUNNPT",
        "text": "<!group> we should probably have a scrum before meeting with sukwon",
        "ts": "1424277656.000044"
    },
    {
        "type": "message",
        "user": "U03BWPJG0",
        "text": "&gt;Konami code easter egg",
        "ts": "1424277674.000045"
    },
    {
        "type": "message",
        "user": "U03C9PL8U",
        "text": "thought it would be funny \u00af\\_(\u30c4)_\/\u00af",
        "ts": "1424277861.000046"
    },
    {
        "type": "message",
        "user": "U03BWPJG0",
        "text": "<@U03BUNNPT>: oh sorry, meant file format",
        "ts": "1424278279.000047"
    },
    {
        "type": "message",
        "user": "U03BUNNPT",
        "text": "<@U03BWPJG0>: Oh, just in the GDoc for now is fine. We'll probably put it into JSON later",
        "ts": "1424278308.000048"
    },
    {
        "type": "message",
        "user": "U03BWPJG0",
        "text": "alright",
        "ts": "1424278344.000049"
    },
    {
        "type": "message",
        "user": "U03BX7SQ1",
        "text": "So which day do you guys want to have the meeting with Sukwon?",
        "ts": "1424279827.000050"
    },
    {
        "type": "message",
        "user": "U03BX7SQ1",
        "text": "I want to email him back soon ",
        "ts": "1424279840.000051"
    },
    {
        "type": "message",
        "user": "U03BUNNPT",
        "text": "This Friday, maybe?",
        "ts": "1424279910.000052"
    },
    {
        "type": "message",
        "user": "U03BWRML2",
        "text": "using Skype?",
        "ts": "1424279979.000053"
    },
    {
        "type": "message",
        "user": "U03BUNNPT",
        "text": "I guess, if that's not blocked in China :stuck_out_tongue:",
        "ts": "1424280014.000054"
    },
    {
        "type": "message",
        "user": "U03BWPJG0",
        "text": "I'll be on a plane for almost all of Friday so, probably can't make it",
        "ts": "1424280018.000055"
    },
    {
        "type": "message",
        "user": "U03BUNNPT",
        "text": ":disappointed:",
        "ts": "1424280025.000056"
    },
    {
        "type": "message",
        "user": "U03BUNNPT",
        "text": "<@U03BX7SQ1> what did the time booking link in the email say?",
        "ts": "1424280044.000057"
    },
    {
        "type": "message",
        "user": "U03BWPJG0",
        "text": "sorry D: this week is kind of chaotic",
        "ts": "1424280095.000058"
    },
    {
        "type": "message",
        "user": "U03BWRML2",
        "text": "not blocked. I may make it on Friday morning - noon, Toronto time",
        "ts": "1424280102.000059"
    },
    {
        "type": "message",
        "user": "U03BUNNPT",
        "text": "<@U03BWPJG0>: Don't worry about it",
        "ts": "1424280150.000060"
    },
    {
        "type": "message",
        "user": "U03BWPJG0",
        "text": "if it's in the morning I can try",
        "ts": "1424280152.000061"
    },
    {
        "type": "message",
        "user": "U03BX7SQ1",
        "text": "I think It said today at 8pm =_= ",
        "ts": "1424280543.000062"
    },
    {
        "type": "message",
        "user": "U03BUNNPT",
        "text": "...that's it?",
        "ts": "1424280674.000063"
    },
    {
        "type": "message",
        "user": "U03BX7SQ1",
        "text": "I'll check when I get home, the booking link doesn't work on phone ",
        "ts": "1424280691.000064"
    },
    {
        "type": "message",
        "user": "U03BWRML2",
        "text": "\uff1a\uff09",
        "ts": "1424280962.000065"
    },
    {
        "type": "message",
        "user": "U03BWRML2",
        "text": "I may wake up at 8. Maybe ",
        "ts": "1424280979.000066"
    },
    {
        "type": "message",
        "user": "U03C8TPEQ",
        "text": "are we linking multiple types of accounts together?",
        "ts": "1424282541.000067"
    },
    {
        "type": "message",
        "user": "U03C8TPEQ",
        "text": "fb\/g+\/twitter etc",
        "ts": "1424282546.000068"
    },
    {
        "type": "message",
        "user": "U03C8TPEQ",
        "text": "allowing",
        "ts": "1424282549.000069"
    },
    {
        "type": "message",
        "user": "U03BURB6R",
        "text": "What's going on",
        "ts": "1424283045.000070"
    },
    {
        "type": "message",
        "user": "U03C8TPEQ",
        "text": "u want to allow account linking?",
        "ts": "1424283084.000071"
    },
    {
        "type": "message",
        "user": "U03C8TPEQ",
        "text": "i'm reading up authenticating with fb\/google\/twitter",
        "ts": "1424283122.000072"
    },
    {
        "type": "message",
        "user": "U03C8TPEQ",
        "text": "<https:\/\/scotch.io\/tutorials\/easy-node-authentication-linking-all-accounts-together>",
        "attachments": [
            {
                "service_name": "Scotch",
                "title": "Easy Node Authentication: Linking All Accounts Together",
                "title_link": "https:\/\/scotch.io\/tutorials\/easy-node-authentication-linking-all-accounts-together",
                "fallback": "Scotch: Easy Node Authentication: Linking All Accounts Together",
                "image_url": "https:\/\/scotch.io\/wp-content\/uploads\/2014\/01\/node-authentication-all.jpg",
                "from_url": "https:\/\/scotch.io\/tutorials\/easy-node-authentication-linking-all-accounts-together",
                "image_width": 600,
                "image_height": 250,
                "image_bytes": 28907,
                "id": 1
            }
        ],
        "ts": "1424283122.000073"
    },
    {
        "type": "message",
        "user": "U03C8TPEQ",
        "text": "it uses mongo though",
        "ts": "1424283131.000075"
    },
    {
        "type": "message",
        "user": "U03BUNNPT",
        "text": "<@U03C8TPEQ> you can decide that",
        "ts": "1424283808.000076"
    },
    {
        "type": "message",
        "user": "U03C8TPEQ",
        "text": "store tutorial info in a database or do manual linking?",
        "ts": "1424283865.000077"
    },
    {
        "type": "message",
        "user": "U03BUNNPT",
        "text": "Hmm what do you think about it",
        "ts": "1424284088.000078"
    },
    {
        "type": "message",
        "user": "U03C8TPEQ",
        "text": "well these are my ideas so far",
        "ts": "1424284110.000079"
    },
    {
        "type": "message",
        "user": "U03C8TPEQ",
        "text": "```\nUser\n---------\n- ID\n- Profile Picture\n- FB\n- G+\n- TWITTER\n- Achievements\n- tutorials completion status (?)\n- total points\n- email\n- password\n\nAchievements\n----------------\n- Name\n- Description\n- Requirements\n\nTutorial\n-----------------\n- ID\n- Name\n- Description\n- Difficulty\n- Type\n\nRankings\n---------------\n- Rank (range from 1 - 10)\n- <http:\/\/User.ID|User.ID>```",
        "edited": {
            "user": "U03C8TPEQ",
            "ts": "1424284447.000000"
        },
        "ts": "1424284114.000080"
    },
    {
        "type": "message",
        "user": "U03C8TPEQ",
        "text": "any other tables we need or can take out?",
        "ts": "1424284163.000081"
    },
    {
        "type": "message",
        "user": "U03BUNNPT",
        "text": "Achievement needs to be associated with how to unlock it somehow",
        "ts": "1424284170.000082"
    },
    {
        "type": "message",
        "user": "U03BUNNPT",
        "text": "(Requirements)",
        "ts": "1424284207.000083"
    },
    {
        "type": "message",
        "user": "U03BUNNPT",
        "text": "Overall point score for user too",
        "ts": "1424284223.000084"
    },
    {
        "type": "message",
        "user": "U03BUNNPT",
        "text": "And email\/password, if they sign up normally",
        "ts": "1424284248.000086"
    },
    {
        "type": "message",
        "user": "U03BUNNPT",
        "text": "What's link in tutorial?",
        "ts": "1424284296.000089"
    },
    {
        "type": "message",
        "user": "U03C8TPEQ",
        "text": "just url to tutorial?",
        "ts": "1424284308.000090"
    },
    {
        "type": "message",
        "user": "U03C8TPEQ",
        "text": "oh yeah dont need that",
        "ts": "1424284341.000091"
    },
    {
        "type": "message",
        "user": "U03BUNNPT",
        "text": "A Section in Tutorial?",
        "ts": "1424284395.000093"
    },
    {
        "type": "message",
        "user": "U03BUNNPT",
        "text": "Would be like Bitwise or Bases ",
        "ts": "1424284410.000094"
    },
    {
        "type": "message",
        "user": "U03BUNNPT",
        "text": "I think we'll have leaderboards for different levels and for overall points too",
        "ts": "1424284488.000096"
    },
    {
        "type": "message",
        "user": "U03C8TPEQ",
        "text": "leaderboard for each tutorial?",
        "ts": "1424284520.000097"
    },
    {
        "type": "message",
        "user": "U03BUNNPT",
        "text": "Yeah",
        "ts": "1424284558.000098"
    },
    {
        "type": "message",
        "user": "U03C8TPEQ",
        "text": "we can put them all into 1 right",
        "ts": "1424284707.000099"
    },
    {
        "type": "message",
        "user": "U03C8TPEQ",
        "text": "idk, list of user ids?",
        "ts": "1424284711.000100"
    },
    {
        "type": "message",
        "user": "U03BUNNPT",
        "text": "Each Tutorial can have a Leaderboard, which is the ID of a Ranking?",
        "ts": "1424285087.000101"
    },
    {
        "type": "message",
        "user": "U03C8TPEQ",
        "text": "i was thinking this",
        "ts": "1424285627.000102"
    },
    {
        "type": "message",
        "user": "U03C8TPEQ",
        "text": "``` Rankings\n---------------\n- ID\n- <http:\/\/Tutorial.ID|Tutorial.ID>\n- list of <http:\/\/user.id|user.id> (blob)```",
        "ts": "1424285631.000103"
    },
    {
        "type": "message",
        "user": "U03C8TPEQ",
        "text": "maybe list of <http:\/\/user.id|user.id> with score",
        "ts": "1424285644.000104"
    },
    {
        "type": "message",
        "user": "U03C8TPEQ",
        "text": "i guess the user would have a different score for each tutorial then",
        "ts": "1424285679.000105"
    },
    {
        "type": "message",
        "user": "U03C8TPEQ",
        "text": "so something also stored in user?",
        "ts": "1424285697.000106"
    },
    {
        "type": "message",
        "user": "U03BUNNPT",
        "text": "could be part of `tutorials completion status` ?",
        "ts": "1424285789.000107"
    },
    {
        "type": "message",
        "user": "U03C8TPEQ",
        "text": "ok",
        "ts": "1424285826.000108"
    },
    {
        "type": "message",
        "user": "U03C9PL8U",
        "text": "<@U03BURB6R>: our TA wants to have a meeting over skype",
        "ts": "1424287728.000002"
    },
    {
        "type": "message",
        "user": "U03C9PL8U",
        "text": "<@U03C8TPEQ>: Should tutorials have point values with them? Like on XBox they have points which are added up and displayed in a user's profile. Similarly on PlayStation they're bronze-silver-gold-platinum and it shows the amount of each someone has",
        "ts": "1424287854.000003"
    },
    {
        "type": "message",
        "user": "U03C9PL8U",
        "text": "Either way it would be pretty neat to also have something like Steam where you could see what % of the userbase has each achievement (which we could do with the schema as-is)",
        "ts": "1424287914.000004"
    },
    {
        "type": "message",
        "user": "U03BURB6R",
        "text": "Fuck the TA man",
        "ts": "1424288637.000002"
    },
    {
        "type": "message",
        "user": "U03BX7SQ1",
        "text": "<http:\/\/puu.sh\/g2GJo\/36ef4a9910.png>",
        "attachments": [
            {
                "from_url": "http:\/\/puu.sh\/g2GJo\/36ef4a9910.png",
                "fallback": "800x354px image",
                "image_url": "http:\/\/puu.sh\/g2GJo\/36ef4a9910.png",
                "image_width": 800,
                "image_height": 354,
                "image_bytes": 51425,
                "id": 1
            }
        ],
        "ts": "1424292466.000002"
    },
    {
        "type": "message",
        "user": "U03BX7SQ1",
        "text": "the link is not there anymore O__O\"",
        "ts": "1424292477.000004"
    },
    {
        "type": "message",
        "user": "U03BUNNPT",
        "text": "wot",
        "ts": "1424292554.000005"
    },
    {
        "type": "message",
        "user": "U03BUNNPT",
        "text": "is this using outlook...?",
        "ts": "1424292564.000006"
    },
    {
        "type": "message",
        "user": "U03BX7SQ1",
        "text": "yuppp",
        "ts": "1424293277.000007"
    },
    {
        "type": "message",
        "user": "U03C8TPEQ",
        "text": "since we have total points, we can display it in the profile section",
        "ts": "1424293713.000008"
    },
    {
        "type": "message",
        "user": "U03C8TPEQ",
        "text": "do we even need total points? it'd be a bit more effort but you can probably get each section and add it up from the tutorial completion status",
        "ts": "1424293750.000009"
    },
    {
        "type": "message",
        "user": "U03C8TPEQ",
        "text": "and the silver-bronze-plat stuff imo is all frontend",
        "ts": "1424293795.000010"
    },
    {
        "type": "message",
        "user": "U03C8TPEQ",
        "text": "idk use an if statement and if the points is above certain threshhold change some icons or colours or something?",
        "ts": "1424293814.000011"
    },
    {
        "type": "message",
        "user": "U03BUNNPT",
        "text": "I guess you can add it up each time",
        "ts": "1424295488.000002"
    },
    {
        "type": "message",
        "user": "U03BUNNPT",
        "text": "But that's kind of expensive to do every time",
        "ts": "1424295501.000003"
    },
    {
        "type": "message",
        "user": "U03C8TPEQ",
        "text": "Is it today 8pm?",
        "ts": "1424304940.000002"
    },
    {
        "type": "message",
        "user": "U03C8TPEQ",
        "text": "When we change something don't we have to readd up?",
        "ts": "1424304982.000003"
    },
    {
        "type": "message",
        "user": "U03BUNNPT",
        "text": "What?",
        "ts": "1424305097.000004"
    },
    {
        "type": "message",
        "user": "U03C8TPEQ",
        "text": "Hmmm nm should be ok? ",
        "ts": "1424305230.000005"
    },
    {
        "type": "message",
        "user": "U03C8TPEQ",
        "text": "The talk with TA is at 8 today?",
        "ts": "1424305255.000006"
    },
    {
        "type": "message",
        "user": "U03BX7SQ1",
        "text": "not really, i sent him back and email saying we're deciding on a date",
        "ts": "1424305881.000007"
    },
    {
        "type": "message",
        "user": "U03C8TPEQ",
        "text": "ok",
        "ts": "1424306598.000008"
    }
]