[
    {
        "text": "",
        "bot_id": "B03K8JC7P",
        "mrkdwn": true,
        "attachments": [
            {
                "id": 1,
                "fallback": "Card moved: \"<https:\/\/trello.com\/c\/bOETDXnD|Database schema>\" from list \"To Do\" to list \"In Progress\"",
                "text": "Card moved: \"<https:\/\/trello.com\/c\/bOETDXnD|Database schema>\" from list \"To Do\" to list \"In Progress\"",
                "color": "8daec2",
                "mrkdwn_in": [
                    "text"
                ]
            }
        ],
        "type": "message",
        "subtype": "bot_message",
        "ts": "1424370106.000002"
    },
    {
        "type": "message",
        "user": "U03C8TPEQ",
        "text": "in the profile do we need a total score or just have scores of each section?",
        "ts": "1424386679.000002"
    },
    {
        "type": "message",
        "user": "U03BUNNPT",
        "text": "both?",
        "ts": "1424386699.000003"
    },
    {
        "type": "message",
        "user": "U03C8TPEQ",
        "text": "store both or just scores of each section?",
        "ts": "1424386743.000004"
    },
    {
        "type": "message",
        "user": "U03BUNNPT",
        "text": "well there should be the users's score in each level\/tutorial",
        "ts": "1424386812.000005"
    },
    {
        "type": "message",
        "user": "U03BUNNPT",
        "text": "and the total, which could be stored too, or depending on your db schema could be calculated with a sum?",
        "ts": "1424386849.000006"
    },
    {
        "type": "message",
        "user": "U03BX7SQ1",
        "text": "so did we pick a date at the end?",
        "ts": "1424386854.000007"
    },
    {
        "type": "message",
        "user": "U03BUNNPT",
        "text": "did sukwon ever respond?",
        "ts": "1424386865.000008"
    },
    {
        "type": "message",
        "user": "U03BX7SQ1",
        "text": "not to my email yesterday",
        "ts": "1424386884.000009"
    },
    {
        "type": "message",
        "user": "U03C8TPEQ",
        "text": "oh so if we just store all the scores in a separate table",
        "ts": "1424386886.000010"
    },
    {
        "type": "message",
        "user": "U03C8TPEQ",
        "text": "we can use sum i guess",
        "ts": "1424386899.000011"
    },
    {
        "type": "message",
        "user": "U03C8TPEQ",
        "text": "i was just gonna have a dictionary of the scores or something",
        "ts": "1424386939.000012"
    },
    {
        "type": "message",
        "user": "U03C8TPEQ",
        "text": "so a blob",
        "ts": "1424386941.000013"
    },
    {
        "type": "message",
        "user": "U03BUNNPT",
        "text": "wut",
        "ts": "1424386944.000014"
    },
    {
        "type": "message",
        "user": "U03BUNNPT",
        "text": "that sort of defeats the purpose of a database if everything's just a blob :stuck_out_tongue:",
        "ts": "1424386960.000015"
    },
    {
        "type": "message",
        "user": "U03C8TPEQ",
        "text": "only that",
        "ts": "1424386966.000016"
    },
    {
        "type": "message",
        "user": "U03BUNNPT",
        "text": "You can just have a Leaderboard table, with attributes userID, levelID, score",
        "ts": "1424387007.000017"
    },
    {
        "type": "message",
        "user": "U03BUNNPT",
        "text": "...right?",
        "ts": "1424387029.000018"
    },
    {
        "type": "message",
        "user": "U03BUNNPT",
        "text": "I'm only halfway through 343 :confused:",
        "ts": "1424387042.000019"
    },
    {
        "type": "message",
        "user": "U03C8TPEQ",
        "text": "yeah",
        "ts": "1424387084.000020"
    },
    {
        "type": "message",
        "user": "U03C8TPEQ",
        "text": "i wrote this ```Scores\n----------------\n- <http:\/\/User.ID|User.ID>\n- game\n- level\n- score```",
        "ts": "1424387101.000021"
    },
    {
        "type": "message",
        "user": "U03BUNNPT",
        "text": "What's `game` ?",
        "ts": "1424387112.000022"
    },
    {
        "type": "message",
        "user": "U03C8TPEQ",
        "text": "game type? idk name is pending",
        "ts": "1424387127.000023"
    },
    {
        "type": "message",
        "user": "U03BUNNPT",
        "text": "that's redundant if you know which specific level it is already",
        "ts": "1424387138.000024"
    },
    {
        "type": "message",
        "user": "U03C8TPEQ",
        "text": "oh i thought each one is going to have different levels",
        "ts": "1424387161.000025"
    },
    {
        "type": "message",
        "user": "U03C8TPEQ",
        "text": "like one type have 3 different levels or something",
        "ts": "1424387171.000026"
    },
    {
        "type": "message",
        "user": "U03BUNNPT",
        "text": "levelIDs would have to be unique",
        "ts": "1424387174.000027"
    },
    {
        "type": "message",
        "user": "U03BUNNPT",
        "text": "and a level would have that game type",
        "ts": "1424387186.000028"
    },
    {
        "type": "message",
        "user": "U03BUNNPT",
        "text": "so I guess if you really need to figure out what type it is, you'd just do a join",
        "ts": "1424387196.000029"
    },
    {
        "type": "message",
        "user": "U03C8TPEQ",
        "text": "wait so each tutorial is going to have a scoring",
        "ts": "1424387230.000030"
    },
    {
        "type": "message",
        "user": "U03C8TPEQ",
        "text": "or are we going to have specific \"level\" tasks",
        "ts": "1424387240.000031"
    },
    {
        "type": "message",
        "user": "U03BUNNPT",
        "text": "?",
        "ts": "1424387249.000032"
    },
    {
        "type": "message",
        "user": "U03C8TPEQ",
        "text": "that are scored",
        "ts": "1424387252.000033"
    },
    {
        "type": "message",
        "user": "U03BUNNPT",
        "text": "I think <@U03BURB6R> was supposed to figure out how points are given",
        "ts": "1424387268.000034"
    },
    {
        "type": "message",
        "user": "U03C8TPEQ",
        "text": "k i think i need to know that first",
        "ts": "1424387284.000035"
    },
    {
        "type": "message",
        "user": "U03C8TPEQ",
        "text": "because if each tutorial counts as a different 'level' or whatever i can just link it with <http:\/\/tutorial.id|tutorial.id>",
        "ts": "1424387312.000036"
    },
    {
        "type": "message",
        "user": "U03BUNNPT",
        "text": "I think we're thinking of the same thing when we say tutorial and level",
        "ts": "1424387346.000037"
    },
    {
        "type": "message",
        "user": "U03C8TPEQ",
        "text": "ok",
        "ts": "1424387372.000038"
    },
    {
        "type": "message",
        "user": "U03BUNNPT",
        "text": "but yeah that needs more thought",
        "ts": "1424387372.000039"
    },
    {
        "type": "message",
        "user": "U03BURB6R",
        "text": "I was?",
        "ts": "1424388447.000040"
    },
    {
        "type": "message",
        "user": "U03BUNNPT",
        "text": "Yes, it was assigned to you",
        "ts": "1424388483.000041"
    },
    {
        "type": "message",
        "user": "U03BURB6R",
        "text": "Well shit",
        "ts": "1424388983.000042"
    },
    {
        "type": "message",
        "user": "U03BX7SQ1",
        "text": "<http:\/\/puu.sh\/g4CV2\/67c64f7dc9.png>",
        "attachments": [
            {
                "from_url": "http:\/\/puu.sh\/g4CV2\/67c64f7dc9.png",
                "fallback": "785x199px image",
                "image_url": "http:\/\/puu.sh\/g4CV2\/67c64f7dc9.png",
                "image_width": 785,
                "image_height": 199,
                "image_bytes": 35991,
                "id": 1
            }
        ],
        "ts": "1424408068.000002"
    },
    {
        "type": "message",
        "user": "U03BX7SQ1",
        "text": "<http:\/\/puu.sh\/g4D0a\/7310ee6f46.png>",
        "attachments": [
            {
                "from_url": "http:\/\/puu.sh\/g4D0a\/7310ee6f46.png",
                "fallback": "790x237px image",
                "image_url": "http:\/\/puu.sh\/g4D0a\/7310ee6f46.png",
                "image_width": 790,
                "image_height": 237,
                "image_bytes": 33285,
                "id": 1
            }
        ],
        "ts": "1424408114.000004"
    },
    {
        "type": "message",
        "user": "U03BX7SQ1",
        "text": "that's my email to him if anyone's wondering",
        "ts": "1424408123.000006"
    },
    {
        "type": "message",
        "user": "U03BUNNPT",
        "text": "<!everyone> ",
        "ts": "1424408198.000007"
    },
    {
        "type": "message",
        "user": "U03BUNNPT",
        "text": "I could do tomorrow, probably",
        "ts": "1424408223.000008"
    },
    {
        "type": "message",
        "user": "U03BUNNPT",
        "text": "Weekend might give more time for us to actually work on something first",
        "ts": "1424408241.000009"
    },
    {
        "type": "message",
        "user": "U03BURB6R",
        "text": "I can make any day work, but either our people are doing it from China or are jetlagged",
        "ts": "1424408321.000010"
    },
    {
        "type": "message",
        "user": "U03BURB6R",
        "text": "Depending on when they return",
        "ts": "1424408334.000011"
    },
    {
        "type": "message",
        "user": "U03C8TPEQ",
        "text": "tomorrow is probably ok for me?",
        "ts": "1424408930.000012"
    },
    {
        "type": "message",
        "user": "U03C8TPEQ",
        "text": "i mean today",
        "ts": "1424408933.000013"
    },
    {
        "type": "message",
        "user": "U03BX7SQ1",
        "text": "with google doc?",
        "edited": {
            "user": "U03BX7SQ1",
            "ts": "1424411399.000000"
        },
        "ts": "1424411390.000014"
    },
    {
        "type": "message",
        "user": "U03BX7SQ1",
        "text": "i would like to send back and email tomorrow morning, so plz decide by then &gt;~&lt;",
        "ts": "1424411496.000016"
    },
    {
        "type": "message",
        "user": "U03BX7SQ1",
        "text": "<!everyone>:",
        "ts": "1424411501.000017"
    },
    {
        "type": "message",
        "user": "U03BUNNPT",
        "text": "Google Doc seems like a really weird communication tool, but sure",
        "ts": "1424411703.000018"
    },
    {
        "type": "message",
        "user": "U03BUNNPT",
        "text": "Skype doesn't support multiple people for free, does it?",
        "ts": "1424411718.000019"
    },
    {
        "type": "message",
        "user": "U03BX7SQ1",
        "text": "actually, i think it's free now",
        "ts": "1424411905.000020"
    },
    {
        "type": "message",
        "user": "U03BUNNPT",
        "text": "Oh cool",
        "ts": "1424411987.000021"
    },
    {
        "type": "message",
        "user": "U03BX7SQ1",
        "text": "so skype?",
        "ts": "1424412123.000022"
    },
    {
        "type": "message",
        "user": "U03BUNNPT",
        "text": "I'm fine with that. <!group> ?",
        "ts": "1424412366.000023"
    },
    {
        "type": "message",
        "user": "U03BURB6R",
        "text": "Yeah sure",
        "ts": "1424412412.000024"
    },
    {
        "type": "message",
        "user": "U03BURB6R",
        "text": "I'm busy till noon tomorrow",
        "ts": "1424412438.000025"
    },
    {
        "type": "message",
        "user": "U03BURB6R",
        "text": "After that is all good",
        "ts": "1424412448.000026"
    },
    {
        "type": "message",
        "user": "U03BX7SQ1",
        "text": "i can only really do 5",
        "ts": "1424412586.000027"
    },
    {
        "type": "message",
        "user": "U03BUNNPT",
        "text": "Tomorrow at 5 on Skype <!everyone> ",
        "ts": "1424412607.000028"
    },
    {
        "type": "message",
        "user": "U03BUNNPT",
        "text": "Post your usernames and Sharon will add you, I guess...",
        "ts": "1424412629.000029"
    },
    {
        "type": "message",
        "user": "U03BUNNPT",
        "text": "<@U03BX7SQ1> my username is arkongs I think",
        "ts": "1424412644.000030"
    },
    {
        "type": "message",
        "user": "U03BWRML2",
        "text": "<@U03BX7SQ1> iNks1943",
        "ts": "1424412886.000031"
    },
    {
        "type": "message",
        "user": "U03BX7SQ1",
        "text": "i'll add u guys, but just so u guys know, my skype account uses name Sharon Zhang",
        "ts": "1424413146.000032"
    },
    {
        "type": "message",
        "user": "U03BWRML2",
        "text": ":thumbsup:",
        "ts": "1424413811.000033"
    }
]