[
    {
        "type": "message",
        "user": "U03BWRML2",
        "text": "anyone in startup expo?",
        "ts": "1422631496.000002"
    },
    {
        "type": "message",
        "user": "U03BUNNPT",
        "text": "<!group> make sure you talk about skills (languages, frameworks, webdev, etc) in your bios",
        "ts": "1422651436.000003"
    },
    {
        "type": "message",
        "user": "U03C9PL8U",
        "text": "Oh we actually need to? ",
        "ts": "1422651495.000004"
    },
    {
        "type": "message",
        "user": "U03BUNNPT",
        "text": "It'll help with figuring out who can do stuff later",
        "ts": "1422651590.000005"
    },
    {
        "type": "message",
        "user": "U03C9PL8U",
        "text": "Holy shit Inks 10\/10\n\"I had a dream to become a professional Counter Strike player when I was a kid. Due to reality and its name, I chose Computer Science as my major field of study in university\"",
        "ts": "1422651857.000006"
    },
    {
        "type": "message",
        "user": "U03BWRML2",
        "text": "lol",
        "ts": "1422654615.000007"
    },
    {
        "type": "message",
        "user": "U03BWRML2",
        "text": "True story :thumbsup:",
        "ts": "1422655004.000008"
    },
    {
        "type": "message",
        "user": "U03BUNNPT",
        "text": "<!group> are we still going with games",
        "ts": "1422656232.000009"
    },
    {
        "type": "message",
        "user": "U03BWRML2",
        "text": "agree",
        "ts": "1422656262.000010"
    },
    {
        "type": "message",
        "user": "U03BUNNPT",
        "text": "what",
        "ts": "1422656271.000011"
    },
    {
        "type": "message",
        "user": "U03BWRML2",
        "text": "game",
        "ts": "1422656324.000012"
    },
    {
        "type": "message",
        "user": "U03BUNNPT",
        "text": "so you're saying you want game?",
        "ts": "1422656356.000013"
    },
    {
        "type": "message",
        "user": "U03BUNNPT",
        "text": "idk I feel like it's a bit tough to gamify the stuff well",
        "ts": "1422656377.000014"
    },
    {
        "type": "message",
        "user": "U03BUNNPT",
        "text": "and I'm not sure the skillset our group has is strong enough to build it",
        "ts": "1422656389.000015"
    },
    {
        "type": "message",
        "user": "U03C9PL8U",
        "text": "It would be nice but unless someone wants to do full-time art and music then we can't really",
        "ts": "1422656414.000016"
    },
    {
        "type": "message",
        "user": "U03BWRML2",
        "text": "hm",
        "ts": "1422656438.000017"
    },
    {
        "type": "message",
        "user": "U03C9PL8U",
        "text": "But we can have gameified things like khan academy (achievements, points, stuff like that)",
        "ts": "1422656441.000018"
    },
    {
        "type": "message",
        "user": "U03BWRML2",
        "text": "ok",
        "ts": "1422656509.000019"
    },
    {
        "type": "message",
        "user": "U03BWRML2",
        "text": "if we don't have enough resource then ben's idea?",
        "ts": "1422656570.000020"
    },
    {
        "type": "message",
        "user": "U03BWRML2",
        "text": "need more ppl to discuss..",
        "ts": "1422656605.000021"
    },
    {
        "type": "message",
        "user": "U03C9PL8U",
        "text": "Like making a WarioWare style game with many low level bit manipulation mini games would be awesome for me but like I wouldn't want to throw someone under the bus like they took this course to code but now they just do the art\/design",
        "ts": "1422656776.000022"
    },
    {
        "type": "message",
        "user": "U03BWRML2",
        "text": "do we allow to use free resource as long as we put the name and author on credit list?",
        "ts": "1422657250.000023"
    },
    {
        "type": "message",
        "user": "U03BWRML2",
        "text": "I am more worrying about the coding cuz I don't have related experience",
        "ts": "1422657377.000024"
    },
    {
        "type": "message",
        "user": "U03BWRML2",
        "text": "the only game I made was using verilog",
        "ts": "1422657390.000025"
    },
    {
        "type": "message",
        "user": "U03C9PL8U",
        "text": "free resources wont look good \u00af\\_(\u30c4)_\/\u00af",
        "ts": "1422657664.000026"
    },
    {
        "type": "message",
        "user": "U03C9PL8U",
        "text": "and yeah... no to verilog",
        "ts": "1422657676.000027"
    },
    {
        "type": "message",
        "user": "U03BWRML2",
        "text": "So I basically agree with any decision you guys make tep",
        "ts": "1422657689.000028"
    },
    {
        "type": "message",
        "user": "U03BWRML2",
        "text": "yep",
        "ts": "1422657696.000029"
    },
    {
        "type": "message",
        "user": "U03C9PL8U",
        "text": "in an ideal world we'd get paired with an art student for one of their project courses. But since that's not a thing I'd put my vote in for the KhanAcademy idea",
        "ts": "1422657807.000030"
    },
    {
        "type": "message",
        "user": "U03BWRML2",
        "text": ":thumbsup:",
        "ts": "1422657885.000031"
    },
    {
        "type": "message",
        "user": "U03BWRML2",
        "text": "final decision on Monday?",
        "ts": "1422660590.000032"
    },
    {
        "type": "message",
        "user": "U03BUNNPT",
        "text": "I'm not sure if we have enough resources to create all the minigames \u00af\\_(\u30c4)_\/\u00af",
        "ts": "1422662205.000033"
    },
    {
        "type": "message",
        "user": "U03BWRML2",
        "text": "ok...",
        "ts": "1422665110.000034"
    },
    {
        "type": "message",
        "user": "U03BWRML2",
        "text": "means images and music?",
        "ts": "1422665128.000035"
    },
    {
        "type": "message",
        "user": "U03BWPJG0",
        "text": "just the games themselves are pretty complicated",
        "ts": "1422665153.000036"
    },
    {
        "type": "message",
        "user": "U03BWPJG0",
        "text": "how many were we even planning to make?",
        "ts": "1422665236.000037"
    },
    {
        "type": "message",
        "user": "U03BWRML2",
        "text": "4\uff1f",
        "ts": "1422665412.000038"
    },
    {
        "type": "message",
        "user": "U03BWPJG0",
        "text": "I mean, I'll agree that maybe we didn't think this through enough lol",
        "ts": "1422665479.000039"
    },
    {
        "type": "message",
        "user": "U03BWRML2",
        "text": "i have no idea about the detail of game yet...",
        "ts": "1422665690.000040"
    },
    {
        "type": "message",
        "user": "U03BWPJG0",
        "text": "2 weeks per game is kind of a crunch, assuming everyone can even do everything",
        "ts": "1422667858.000041"
    },
    {
        "type": "message",
        "user": "U03BWPJG0",
        "text": "given that there's other courses to worry about..",
        "ts": "1422667921.000042"
    },
    {
        "type": "message",
        "user": "U03BWPJG0",
        "text": "finished persona and user stories, I'm a horrible story teller",
        "ts": "1422669851.000043"
    },
    {
        "type": "message",
        "user": "U03BWRML2",
        "text": "369 saviour",
        "ts": "1422670479.000044"
    },
    {
        "type": "message",
        "user": "U03BUNNPT",
        "text": "Yeah we don't have enough time to do the game, I think",
        "ts": "1422677728.000045"
    },
    {
        "type": "message",
        "user": "U03BWRML2",
        "text": ":thumbsup:",
        "ts": "1422680217.000046"
    }
]