[
    {
        "type": "message",
        "user": "U03C8TPEQ",
        "text": "i'm just asking because it says it's great for building real-time features like chat",
        "ts": "1423084424.000002"
    },
    {
        "type": "message",
        "user": "U03BWPJG0",
        "text": "who would you chat with?",
        "edited": {
            "user": "U03BWPJG0",
            "ts": "1423084479.000000"
        },
        "ts": "1423084473.000003"
    },
    {
        "type": "message",
        "user": "U03C8TPEQ",
        "text": "other people learning?",
        "ts": "1423084487.000005"
    },
    {
        "type": "message",
        "user": "U03BWPJG0",
        "text": "I guess that makes sense",
        "ts": "1423084643.000006"
    },
    {
        "type": "message",
        "user": "U03BWPJG0",
        "text": "my mental image was of people insulting each other's moms over achievements or points lol",
        "ts": "1423084643.000007"
    },
    {
        "type": "message",
        "user": "U03C8TPEQ",
        "text": "that could happen?",
        "ts": "1423084675.000008"
    },
    {
        "type": "message",
        "user": "U03BWPJG0",
        "text": "probably not with something like this",
        "ts": "1423084684.000009"
    },
    {
        "type": "message",
        "user": "U03BWPJG0",
        "text": "I just couldn't visualize a chat working in this environment",
        "ts": "1423084703.000010"
    },
    {
        "type": "message",
        "user": "U03BWPJG0",
        "text": "be like online chess on Windows pre-Vista with its drop down menu of chat options",
        "edited": {
            "user": "U03BWPJG0",
            "ts": "1423084919.000000"
        },
        "ts": "1423084909.000011"
    },
    {
        "type": "message",
        "user": "U03BWRML2",
        "text": "So chat with whom in the same lesson?",
        "ts": "1423085401.000013"
    },
    {
        "type": "message",
        "user": "U03C8TPEQ",
        "text": "general site chat?",
        "ts": "1423085424.000014"
    },
    {
        "type": "message",
        "user": "U03C8TPEQ",
        "text": "guys, i'm just suggesting a really bad idea here",
        "ts": "1423085434.000015"
    },
    {
        "type": "message",
        "user": "U03C8TPEQ",
        "text": "no need to go in depth about it",
        "ts": "1423085437.000016"
    },
    {
        "type": "message",
        "user": "U03BWRML2",
        "text": ": p ok ",
        "ts": "1423085445.000017"
    },
    {
        "type": "message",
        "user": "U03BWPJG0",
        "text": "could do a forum",
        "ts": "1423085464.000018"
    },
    {
        "type": "message",
        "user": "U03BWPJG0",
        "text": "this is all extra stuff anyway",
        "ts": "1423085492.000019"
    },
    {
        "type": "message",
        "user": "U03BWRML2",
        "text": "I will go with QA like... ",
        "ts": "1423085495.000020"
    },
    {
        "type": "message",
        "user": "U03BWRML2",
        "text": "En ",
        "ts": "1423085498.000021"
    },
    {
        "type": "message",
        "user": "U03BWPJG0",
        "text": "do personas need photos",
        "ts": "1423091912.000022"
    },
    {
        "type": "message",
        "user": "U03BWPJG0",
        "text": "the ones in the slides did",
        "ts": "1423091916.000023"
    },
    {
        "type": "message",
        "user": "U03BWRML2",
        "text": "we could put oak on it : p",
        "ts": "1423092486.000024"
    },
    {
        "type": "message",
        "user": "U03BWRML2",
        "text": "Personas\n\n\u25cf Should be detailed:\n\no Name, Photo, Age, Gender.\n\no Personality\n\no Skills\n\no Environment (where do they live, what do they \n\nusually do, at what time, and where)\n\no What drives\/motivates them.",
        "ts": "1423092571.000025"
    },
    {
        "type": "message",
        "user": "U03BWRML2",
        "text": "Name Photo Age Gender",
        "ts": "1423092583.000026"
    },
    {
        "type": "message",
        "subtype": "file_share",
        "text": "<@U03BWRML2|inks> uploaded a file: <https:\/\/ultrathins.slack.com\/files\/inks\/F03J7FH7R\/pasted_image_at_2015_02_04_06_33_pm.png|oak>",
        "file": {
            "id": "F03J7FH7R",
            "created": 1423092821,
            "timestamp": 1423092821,
            "name": "Pasted image at 2015_02_04 06_33 PM.png",
            "title": "oak",
            "mimetype": "image\/png",
            "filetype": "png",
            "pretty_type": "PNG",
            "user": "U03BWRML2",
            "editable": false,
            "size": 37167,
            "mode": "hosted",
            "is_external": false,
            "external_type": "",
            "is_public": true,
            "public_url_shared": false,
            "url": "https:\/\/slack-files.com\/files-pub\/T03BUNNPM-F03J7FH7R-eeaef5eb04\/pasted_image_at_2015_02_04_06_33_pm.png",
            "url_download": "https:\/\/slack-files.com\/files-pub\/T03BUNNPM-F03J7FH7R-eeaef5eb04\/download\/pasted_image_at_2015_02_04_06_33_pm.png",
            "url_private": "https:\/\/files.slack.com\/files-pri\/T03BUNNPM-F03J7FH7R\/pasted_image_at_2015_02_04_06_33_pm.png",
            "url_private_download": "https:\/\/files.slack.com\/files-pri\/T03BUNNPM-F03J7FH7R\/download\/pasted_image_at_2015_02_04_06_33_pm.png",
            "thumb_64": "https:\/\/slack-files.com\/files-tmb\/T03BUNNPM-F03J7FH7R-7768dd9c84\/pasted_image_at_2015_02_04_06_33_pm_64.png",
            "thumb_80": "https:\/\/slack-files.com\/files-tmb\/T03BUNNPM-F03J7FH7R-7768dd9c84\/pasted_image_at_2015_02_04_06_33_pm_80.png",
            "thumb_360": "https:\/\/slack-files.com\/files-tmb\/T03BUNNPM-F03J7FH7R-7768dd9c84\/pasted_image_at_2015_02_04_06_33_pm_360.png",
            "thumb_360_w": 360,
            "thumb_360_h": 332,
            "thumb_160": "https:\/\/slack-files.com\/files-tmb\/T03BUNNPM-F03J7FH7R-7768dd9c84\/pasted_image_at_2015_02_04_06_33_pm_160.png",
            "image_exif_rotation": 1,
            "permalink": "https:\/\/ultrathins.slack.com\/files\/inks\/F03J7FH7R\/pasted_image_at_2015_02_04_06_33_pm.png",
            "permalink_public": "https:\/\/slack-files.com\/T03BUNNPM-F03J7FH7R-eeaef5eb04",
            "channels": [
                "C03BUNNQR"
            ],
            "groups": [],
            "ims": [],
            "comments_count": 0
        },
        "user": "U03BWRML2",
        "upload": true,
        "ts": "1423092823.000027"
    },
    {
        "type": "message",
        "user": "U03BWPJG0",
        "text": "that doesn't count, he wasn't a professor yet",
        "ts": "1423092870.000028"
    },
    {
        "type": "message",
        "user": "U03BWRML2",
        "text": "ah",
        "ts": "1423092892.000029"
    },
    {
        "type": "message",
        "user": "U03BWRML2",
        "text": "dang",
        "ts": "1423092895.000030"
    },
    {
        "type": "message",
        "user": "U03BWPJG0",
        "text": "there, that counts",
        "ts": "1423092936.000031"
    },
    {
        "type": "message",
        "user": "U03BWRML2",
        "text": "sad : (",
        "ts": "1423092951.000032"
    },
    {
        "type": "message",
        "user": "U03BWPJG0",
        "text": "sorry, his young self is too badass to bother teaching 258",
        "ts": "1423092966.000033"
    },
    {
        "type": "message",
        "user": "U03BWRML2",
        "text": "hahahahaha",
        "ts": "1423092978.000034"
    },
    {
        "type": "message",
        "subtype": "file_share",
        "text": "<@U03BWRML2|inks> uploaded a file: <https:\/\/ultrathins.slack.com\/files\/inks\/F03J7GC2F\/pasted_image_at_2015_02_04_06_36_pm.png|this>",
        "file": {
            "id": "F03J7GC2F",
            "created": 1423093005,
            "timestamp": 1423093005,
            "name": "Pasted image at 2015_02_04 06_36 PM.png",
            "title": "this",
            "mimetype": "image\/png",
            "filetype": "png",
            "pretty_type": "PNG",
            "user": "U03BWRML2",
            "editable": false,
            "size": 1594610,
            "mode": "hosted",
            "is_external": false,
            "external_type": "",
            "is_public": true,
            "public_url_shared": false,
            "url": "https:\/\/slack-files.com\/files-pub\/T03BUNNPM-F03J7GC2F-01225eb2b0\/pasted_image_at_2015_02_04_06_36_pm.png",
            "url_download": "https:\/\/slack-files.com\/files-pub\/T03BUNNPM-F03J7GC2F-01225eb2b0\/download\/pasted_image_at_2015_02_04_06_36_pm.png",
            "url_private": "https:\/\/files.slack.com\/files-pri\/T03BUNNPM-F03J7GC2F\/pasted_image_at_2015_02_04_06_36_pm.png",
            "url_private_download": "https:\/\/files.slack.com\/files-pri\/T03BUNNPM-F03J7GC2F\/download\/pasted_image_at_2015_02_04_06_36_pm.png",
            "thumb_64": "https:\/\/slack-files.com\/files-tmb\/T03BUNNPM-F03J7GC2F-6369cce57c\/pasted_image_at_2015_02_04_06_36_pm_64.png",
            "thumb_80": "https:\/\/slack-files.com\/files-tmb\/T03BUNNPM-F03J7GC2F-6369cce57c\/pasted_image_at_2015_02_04_06_36_pm_80.png",
            "thumb_360": "https:\/\/slack-files.com\/files-tmb\/T03BUNNPM-F03J7GC2F-6369cce57c\/pasted_image_at_2015_02_04_06_36_pm_360.png",
            "thumb_360_w": 270,
            "thumb_360_h": 360,
            "thumb_160": "https:\/\/slack-files.com\/files-tmb\/T03BUNNPM-F03J7GC2F-6369cce57c\/pasted_image_at_2015_02_04_06_36_pm_160.png",
            "thumb_720": "https:\/\/slack-files.com\/files-tmb\/T03BUNNPM-F03J7GC2F-6369cce57c\/pasted_image_at_2015_02_04_06_36_pm_720.png",
            "thumb_720_w": 540,
            "thumb_720_h": 720,
            "thumb_1024": "https:\/\/slack-files.com\/files-tmb\/T03BUNNPM-F03J7GC2F-6369cce57c\/pasted_image_at_2015_02_04_06_36_pm_1024.png",
            "thumb_1024_w": 768,
            "thumb_1024_h": 1024,
            "image_exif_rotation": 1,
            "permalink": "https:\/\/ultrathins.slack.com\/files\/inks\/F03J7GC2F\/pasted_image_at_2015_02_04_06_36_pm.png",
            "permalink_public": "https:\/\/slack-files.com\/T03BUNNPM-F03J7GC2F-01225eb2b0",
            "channels": [
                "C03BUNNQR"
            ],
            "groups": [],
            "ims": [],
            "comments_count": 0
        },
        "user": "U03BWRML2",
        "upload": true,
        "ts": "1423093013.000035"
    },
    {
        "type": "message",
        "user": "U03BWPJG0",
        "text": "what",
        "ts": "1423093056.000036"
    },
    {
        "type": "message",
        "user": "U03BWRML2",
        "text": "oak cosplay I guess",
        "ts": "1423093148.000037"
    },
    {
        "type": "message",
        "user": "U03BWPJG0",
        "text": "he looks so sad",
        "ts": "1423093163.000038"
    },
    {
        "type": "message",
        "user": "U03BWPJG0",
        "text": "and that hair",
        "ts": "1423093165.000039"
    },
    {
        "type": "message",
        "user": "U03BWRML2",
        "text": "where does Studious Sarah come from",
        "ts": "1423093184.000040"
    },
    {
        "type": "message",
        "user": "U03BWRML2",
        "text": "wow",
        "ts": "1423093193.000041"
    },
    {
        "type": "message",
        "user": "U03BWRML2",
        "text": "nvm lol",
        "ts": "1423093200.000042"
    },
    {
        "type": "message",
        "user": "U03BWPJG0",
        "text": "lol I picked a random Texas city",
        "ts": "1423093209.000043"
    },
    {
        "type": "message",
        "user": "U03BWRML2",
        "text": "neat",
        "ts": "1423093227.000044"
    },
    {
        "type": "message",
        "user": "U03C9PL8U",
        "text": "So heads up for team evals he says if you rate someone a 5\/5 they'll actually question you for why",
        "ts": "1423095898.000045"
    },
    {
        "type": "message",
        "user": "U03BWRML2",
        "text": "\"like a boss\"",
        "ts": "1423097424.000046"
    }
]