[
    {
        "type": "message",
        "user": "U03C8TPEQ",
        "text": "<@U03BURB6R> pls",
        "ts": "1422213969.000002"
    },
    {
        "type": "message",
        "user": "U03BURB6R",
        "text": "you guys were so close",
        "ts": "1422214989.000003"
    },
    {
        "type": "message",
        "user": "U03BURB6R",
        "text": "but you didnt look far enough down the ime",
        "ts": "1422214998.000004"
    },
    {
        "type": "message",
        "user": "U03BURB6R",
        "text": "\u8ae6\u3081\u639b\u3051\u3066\u3044\u308b",
        "ts": "1422215155.000005"
    },
    {
        "type": "message",
        "user": "U03BURB6R",
        "text": "the same as \u8a71\u3057\u639b\u3051\u308b",
        "ts": "1422215185.000006"
    },
    {
        "type": "message",
        "user": "U03BURB6R",
        "text": "well, its actually a different meaning of \u639b\u3051\u308b but its the same idea i guess, you can just put that word wherever because it means like 20 different things",
        "ts": "1422215289.000007"
    }
]