[
    {
        "type": "message",
        "user": "U03BURB6R",
        "text": "Alright I'm actually going to read the phase 2 handout and write the cliffnotes of it because I know no one wants to do that shit",
        "ts": "1423658647.000002"
    },
    {
        "type": "message",
        "user": "U03BURB6R",
        "text": "As the scrum master and product owner I will bear this cross",
        "ts": "1423658658.000003"
    },
    {
        "type": "message",
        "user": "U03BURB6R",
        "text": "Also added the difficulty in addition to the priority for all the user stories, though most of them are probably 1 person jobs I think writing the tutorials will probably take 2 in total",
        "ts": "1423659938.000004"
    },
    {
        "type": "message",
        "user": "U03BUNNPT",
        "text": "Yeah I'll look them over and see if there's any that are technically more challenging and up the difficulty",
        "ts": "1423660108.000005"
    },
    {
        "type": "message",
        "user": "U03BURB6R",
        "text": "Thanks arkon-chan",
        "ts": "1423660119.000006"
    },
    {
        "type": "message",
        "user": "U03BUNNPT",
        "text": "Some of them might be overlapping too ",
        "ts": "1423660124.000007"
    },
    {
        "type": "message",
        "user": "U03BURB6R",
        "text": "I'm going to start on the scrum meeting log I suppose",
        "ts": "1423660138.000008"
    },
    {
        "type": "message",
        "user": "U03BURB6R",
        "text": "Look over the phase 2 summary also, if you didn't read the main document",
        "ts": "1423660153.000009"
    },
    {
        "type": "message",
        "user": "U03BURB6R",
        "text": "It was 7 fucking pages jesus",
        "ts": "1423660158.000010"
    },
    {
        "type": "message",
        "user": "U03BUNNPT",
        "text": "Yeah I'll do that when I get to school or something",
        "ts": "1423660220.000011"
    },
    {
        "text": "",
        "bot_id": "B03K8JC7P",
        "mrkdwn": true,
        "attachments": [
            {
                "id": 1,
                "fallback": "New card \"<https:\/\/trello.com\/c\/b2xtelt9|Revise release plan>\" added to list \"<https:\/\/trello.com\/b\/7Ni5gNcI|To Do>\"",
                "text": "New card \"<https:\/\/trello.com\/c\/b2xtelt9|Revise release plan>\" added to list \"<https:\/\/trello.com\/b\/7Ni5gNcI|To Do>\"",
                "color": "8daec2"
            }
        ],
        "type": "message",
        "subtype": "bot_message",
        "ts": "1423678225.000002"
    },
    {
        "text": "",
        "bot_id": "B03K8JC7P",
        "mrkdwn": true,
        "attachments": [
            {
                "id": 1,
                "fallback": "New card \"<https:\/\/trello.com\/c\/0XCltGBl|Add GitHub issues + milestones>\" added to list \"<https:\/\/trello.com\/b\/7Ni5gNcI|To Do>\"",
                "text": "New card \"<https:\/\/trello.com\/c\/0XCltGBl|Add GitHub issues + milestones>\" added to list \"<https:\/\/trello.com\/b\/7Ni5gNcI|To Do>\"",
                "color": "8daec2"
            }
        ],
        "type": "message",
        "subtype": "bot_message",
        "ts": "1423679477.000003"
    },
    {
        "type": "message",
        "user": "U03BUNNPT",
        "text": "ight there's 26 user stories",
        "ts": "1423685662.000002"
    },
    {
        "type": "message",
        "user": "U03BUNNPT",
        "text": "they just need to be edited, maybe reordered a bit",
        "ts": "1423685670.000003"
    },
    {
        "type": "message",
        "user": "U03C9PL8U",
        "text": "Is that enough? Dean said for his 301 last sem they had ~40",
        "ts": "1423686288.000004"
    },
    {
        "type": "message",
        "user": "U03BUNNPT",
        "text": "apparently sensatives had less than us",
        "ts": "1423686307.000005"
    },
    {
        "type": "message",
        "user": "U03BURB6R",
        "text": "TA said to add about 8 more to what we had so",
        "ts": "1423686309.000006"
    },
    {
        "type": "message",
        "user": "U03BURB6R",
        "text": "Or something",
        "ts": "1423686317.000007"
    },
    {
        "type": "message",
        "user": "U03BURB6R",
        "text": "I think that was what he said",
        "ts": "1423686321.000008"
    }
]