[
    {
        "type": "message",
        "user": "U03BUNNPT",
        "text": "<!group> k we're supposed to have user stories for every potential feature",
        "ts": "1422720358.000002"
    },
    {
        "type": "message",
        "user": "U03BUNNPT",
        "text": "I might've missed some features that we thought of",
        "ts": "1422720367.000003"
    },
    {
        "type": "message",
        "user": "U03BWPJG0",
        "text": "oh huh",
        "ts": "1422727963.000002"
    },
    {
        "type": "message",
        "user": "U03BWPJG0",
        "text": "and we probably have to redo features",
        "ts": "1422727971.000003"
    },
    {
        "type": "message",
        "user": "U03BWPJG0",
        "text": "the MVP",
        "ts": "1422727973.000004"
    }
]