[
    {
        "type": "message",
        "user": "U03C9PL8U",
        "text": "<https:\/\/piazza.com\/class\/i4jfwzvni6g24f?cid=28>",
        "attachments": [
            {
                "title": "Piazza \u2022 Ask. Answer. Explore. Whenever.",
                "title_link": "https:\/\/piazza.com\/class\/i4jfwzvni6g24f?cid=28",
                "text": "With Piazza, easily answer questions, manage course materials, and track student participation. It'll save you time, and your students will love using it. It's free, and easy to get started.",
                "fallback": "Piazza \u2022 Ask. Answer. Explore. Whenever.",
                "from_url": "https:\/\/piazza.com\/class\/i4jfwzvni6g24f?cid=28",
                "id": 1
            }
        ],
        "ts": "1421961171.000002"
    },
    {
        "type": "message",
        "user": "U03BWPJG0",
        "text": "lol that was me :hushed:",
        "ts": "1421961349.000004"
    },
    {
        "type": "message",
        "user": "U03BUNNPT",
        "text": "gj :thumbsup:",
        "ts": "1421961370.000005"
    },
    {
        "type": "message",
        "user": "U03BWPJG0",
        "text": "not that he's going to see it",
        "edited": {
            "user": "U03BWPJG0",
            "ts": "1421961486.000000"
        },
        "ts": "1421961395.000006"
    },
    {
        "type": "message",
        "user": "U03C9PL8U",
        "text": "mfw",
        "ts": "1421963294.000008"
    },
    {
        "type": "message",
        "user": "U03C8TPEQ",
        "text": "lol gj",
        "ts": "1421990061.000009"
    }
]