[
    {
        "type": "message",
        "user": "U03BUNNPT",
        "text": "that's cool",
        "ts": "1423854251.000002"
    },
    {
        "type": "message",
        "user": "U03BWRML2",
        "text": "room\uff1f",
        "ts": "1423854459.000003"
    },
    {
        "type": "message",
        "user": "U03BWRML2",
        "text": "2270?",
        "ts": "1423854505.000004"
    },
    {
        "type": "message",
        "user": "U03BX7SQ1",
        "text": "yes",
        "ts": "1423854593.000005"
    },
    {
        "type": "message",
        "user": "U03BUNNPT",
        "text": "yeah",
        "ts": "1423854594.000006"
    },
    {
        "type": "message",
        "user": "U03BWRML2",
        "text": "Cool ",
        "ts": "1423854602.000007"
    },
    {
        "type": "message",
        "user": "U03BWRML2",
        "text": "Coming ",
        "ts": "1423854606.000008"
    },
    {
        "type": "message",
        "user": "U03C9PL8U",
        "text": "<@U03BURB6R> is my favorite Scrum Hooker\n<http:\/\/m.wikihow.com\/Play-Hooker-in-Rugby>",
        "attachments": [
            {
                "text": "How to Play Hooker in Rugby. Okay, you are obviously here because you have started playing \"hooker\". Rugby is a very intense sport, and the Hooker is a very important position in the running of the Game play. Start with the scrum. In the...",
                "fallback": "How to Play Hooker in Rugby. Okay, you are obviously here because you have started playing \"hooker\". Rugby is a very intense sport, and the Hooker is a very important position in the running of the Game play. Start with the scrum. In the...",
                "from_url": "http:\/\/m.wikihow.com\/Play-Hooker-in-Rugby",
                "id": 1
            }
        ],
        "ts": "1423857244.000009"
    },
    {
        "type": "message",
        "user": "U03BURB6R",
        "text": "RUDE",
        "ts": "1423857258.000011"
    },
    {
        "type": "message",
        "user": "U03BURB6R",
        "text": "WHAT IF THE TA SAW THAT",
        "ts": "1423857261.000012"
    },
    {
        "type": "message",
        "user": "U03BURB6R",
        "text": "<!everyone>:  I put the \"minutes\" of our planning meeting from today on the google drive, at some point I'll put them in actual english in the markdown file but its roughly what people are doing",
        "ts": "1423873706.000013"
    },
    {
        "type": "message",
        "user": "U03BURB6R",
        "text": "From here Eugene will get the server ready and Cindy will set up the database, then the rest of us can begin working on writing the first few tutorials and parts of the website for the phase 1 demo",
        "ts": "1423873757.000014"
    },
    {
        "type": "message",
        "user": "U03BURB6R",
        "text": "At some point we need to have 3 scrum meetings during this phase on slack as no one is around next week about roughly what we're doing",
        "ts": "1423873788.000015"
    },
    {
        "type": "message",
        "user": "U03BURB6R",
        "text": "And then when we get back I guess we can have the final meeting for week 1 and the first meeting of week 2 in person",
        "ts": "1423873818.000016"
    },
    {
        "type": "message",
        "user": "U03BWRML2",
        "text": "5\/5",
        "ts": "1423874035.000017"
    }
]