[
    {
        "type": "message",
        "user": "U03BUNNPT",
        "text": "<@U03BURB6R> get the ta or prof to add you to the team repo",
        "ts": "1421423124.000002"
    },
    {
        "type": "message",
        "user": "U03BUNNPT",
        "text": "And send me a photo, or I'll use your fb picture",
        "ts": "1421423142.000003"
    },
    {
        "type": "message",
        "user": "U03BURB6R",
        "text": "fb photo is fine",
        "ts": "1421424616.000004"
    },
    {
        "type": "message",
        "user": "U03BUNNPT",
        "text": "Cool",
        "ts": "1421428257.000005"
    },
    {
        "type": "message",
        "user": "U03BURB6R",
        "text": "Alright, emailed the prof too",
        "ts": "1421430814.000006"
    },
    {
        "type": "message",
        "user": "U03BUNNPT",
        "text": "<!group> we should figure out the details of the project\/product",
        "ts": "1421443179.000007"
    },
    {
        "type": "message",
        "user": "U03BWRML2",
        "text": "Bit operation in practice question?",
        "ts": "1421443467.000008"
    },
    {
        "type": "message",
        "user": "U03BUNNPT",
        "text": "I mean who's talking and stuff",
        "ts": "1421443627.000009"
    },
    {
        "type": "message",
        "user": "U03BWRML2",
        "text": "Oh ",
        "ts": "1421443770.000010"
    },
    {
        "type": "message",
        "user": "U03BWRML2",
        "text": ": ).",
        "ts": "1421443827.000011"
    },
    {
        "type": "message",
        "user": "U03C9PL8U",
        "text": "I don't have a problem with talking",
        "ts": "1421445315.000014"
    },
    {
        "type": "message",
        "user": "U03C9PL8U",
        "text": "Also when I get home I'll be able to suggest some things to fluff up anything that needs it",
        "ts": "1421445348.000015"
    },
    {
        "type": "message",
        "user": "U03C9PL8U",
        "text": "TFW I sent that message on the subway and still not home yet :'(",
        "ts": "1421449846.000016"
    },
    {
        "type": "message",
        "user": "U03BWRML2",
        "text": "lel",
        "ts": "1421451025.000017"
    },
    {
        "type": "message",
        "user": "U03BWRML2",
        "text": "!blame ttc ",
        "ts": "1421451052.000018"
    },
    {
        "type": "message",
        "user": "U03BWPJG0",
        "text": "Do we have a better idea how we want to implement this idea?",
        "ts": "1421453703.000019"
    },
    {
        "type": "message",
        "user": "U03BWPJG0",
        "text": "It's kind of hard to talk for 5 min just with what we have right now",
        "ts": "1421453722.000020"
    },
    {
        "type": "message",
        "user": "U03C9PL8U",
        "text": "We can talk about it being on both mobile and web and stuff",
        "ts": "1421454201.000021"
    },
    {
        "type": "message",
        "user": "U03BUNNPT",
        "text": "Should it be mobile? Might be easier or make more sense for it to just be a desktop-oriented web site",
        "ts": "1421454283.000022"
    },
    {
        "type": "message",
        "user": "U03C9PL8U",
        "text": "Meh we'll tack on mobile if we get told just the base idea is too simple",
        "ts": "1421454552.000023"
    },
    {
        "type": "message",
        "user": "U03C8TPEQ",
        "text": "feels like this should be something they approve BEFORE we present about it",
        "ts": "1421455700.000024"
    },
    {
        "type": "message",
        "user": "U03C9PL8U",
        "text": "oh well it won't be an organized course \u00af\\_(\u30c4)_\/\u00af",
        "ts": "1421455947.000025"
    },
    {
        "type": "message",
        "user": "U03BX7SQ1",
        "text": "I can do the presentation with Ben ",
        "ts": "1421457062.000026"
    },
    {
        "type": "message",
        "user": "U03C9PL8U",
        "text": ":thumbsup: ",
        "ts": "1421457270.000027"
    },
    {
        "type": "message",
        "user": "U03BWPJG0",
        "text": "I can do some talking... Even though it seems like I'm the least vocal out of the entire team",
        "ts": "1421457713.000028"
    },
    {
        "type": "message",
        "user": "U03C8TPEQ",
        "text": "i dont like talking so u guys have fun :smile:",
        "ts": "1421462985.000029"
    },
    {
        "type": "message",
        "user": "U03BXCW3W",
        "text": "As I suggested... I really think we can talk about current existing tutorials...",
        "ts": "1421463013.000030"
    },
    {
        "type": "message",
        "user": "U03C8TPEQ",
        "text": "do we have to do self introductions or something",
        "ts": "1421463014.000031"
    },
    {
        "type": "message",
        "user": "U03BXCW3W",
        "text": "I just posted three links T.T...",
        "ts": "1421463027.000032"
    },
    {
        "type": "message",
        "user": "U03BXCW3W",
        "text": "He didn't say that each of us had to speak...",
        "ts": "1421463075.000033"
    },
    {
        "type": "message",
        "user": "U03BX7SQ1",
        "text": "i think we just need a few ppl to speak, 2-3 ppl is enough",
        "ts": "1421464052.000034"
    },
    {
        "type": "message",
        "user": "U03BUNNPT",
        "text": "<@U03BXCW3W> yeah I included those in the ppt. Feel free to expand on them if you want",
        "ts": "1421464391.000035"
    },
    {
        "type": "message",
        "user": "U03BX7SQ1",
        "text": "<@U03C9PL8U>: and who ever wants to present, wanna meet up on monday at some point to go over the presentation?",
        "ts": "1421464444.000036"
    },
    {
        "type": "message",
        "user": "U03C9PL8U",
        "text": "Sure. I'm free from 11 to 1 then 2 to 3 then 5 to 6 iirc",
        "ts": "1421464693.000037"
    },
    {
        "type": "message",
        "user": "U03BX7SQ1",
        "text": "i'm free from 11- 4",
        "ts": "1421464776.000038"
    },
    {
        "type": "message",
        "user": "U03BX7SQ1",
        "text": "maybe meet up around 11?",
        "ts": "1421464815.000039"
    },
    {
        "type": "message",
        "user": "U03C9PL8U",
        "text": ":thumbsup: laptop lounge?",
        "ts": "1421468323.000040"
    },
    {
        "type": "message",
        "user": "U03BX7SQ1",
        "text": "alright~",
        "ts": "1421468377.000041"
    },
    {
        "type": "message",
        "user": "U03BWRML2",
        "text": "before 12 or after 5",
        "ts": "1421469083.000042"
    }
]