[
    {
        "type": "message",
        "user": "U03BX7SQ1",
        "text": "<http:\/\/puu.sh\/g1Zkp\/295d1a16f3.png>",
        "attachments": [
            {
                "from_url": "http:\/\/puu.sh\/g1Zkp\/295d1a16f3.png",
                "fallback": "822x462px image",
                "image_url": "http:\/\/puu.sh\/g1Zkp\/295d1a16f3.png",
                "image_width": 822,
                "image_height": 462,
                "image_bytes": 59159,
                "id": 1
            }
        ],
        "ts": "1424243280.000002"
    },
    {
        "type": "message",
        "user": "U03BX7SQ1",
        "text": "<!everyone>:",
        "ts": "1424243290.000004"
    },
    {
        "type": "message",
        "user": "U03C9PL8U",
        "text": "anything but skype",
        "ts": "1424243659.000005"
    }
]