[
    {
        "type": "message",
        "user": "U03BURB6R",
        "text": "forgot this fucking class existed again",
        "ts": "1422793016.000002"
    },
    {
        "type": "message",
        "user": "U03BURB6R",
        "text": "I can write the MVP whenever, just need to know what exactly we're doing now if we're not doing games",
        "ts": "1422794251.000003"
    },
    {
        "type": "message",
        "user": "U03BUNNPT",
        "text": "Interactive tutorials (it gives instructions and the user can input stuff, which gets validated)",
        "ts": "1422809146.000002"
    },
    {
        "type": "message",
        "user": "U03BUNNPT",
        "text": "There should be levels and different categories for the different subjects",
        "ts": "1422809180.000003"
    },
    {
        "type": "message",
        "user": "U03BUNNPT",
        "text": "And eventually a game-ish aspect with achievements, points\/score, leaderboard (?)",
        "ts": "1422809218.000004"
    },
    {
        "type": "message",
        "user": "U03BWPJG0",
        "text": "<http:\/\/www.reddit.com\/r\/funny\/comments\/2uekvi\/as_an_engineer_this_is_very_relevant\/>",
        "attachments": [
            {
                "service_name": "reddit",
                "title": "As an engineer this is very relevant \u2022 \/r\/funny",
                "title_link": "http:\/\/www.reddit.com\/r\/funny\/comments\/2uekvi\/as_an_engineer_this_is_very_relevant\/",
                "text": "4786 points and 376 comments so far on reddit",
                "fallback": "reddit: As an engineer this is very relevant \u2022 \/r\/funny",
                "thumb_url": "http:\/\/a.thumbs.redditmedia.com\/oen6E7bCx57KFf4sP5BA1x1psfNqRWOflpTjjqmbqj4.jpg",
                "from_url": "http:\/\/www.reddit.com\/r\/funny\/comments\/2uekvi\/as_an_engineer_this_is_very_relevant\/",
                "thumb_width": 140,
                "thumb_height": 140,
                "id": 1
            }
        ],
        "ts": "1422811184.000002"
    },
    {
        "type": "message",
        "user": "U03BUNNPT",
        "text": "First comment on the Imgur post",
        "ts": "1422811261.000004"
    },
    {
        "type": "message",
        "user": "U03BUNNPT",
        "text": "<@U03BWRML2> <@U03BXCW3W> still need your trello usernames or emails",
        "edited": {
            "user": "U03BUNNPT",
            "ts": "1422813069.000000"
        },
        "ts": "1422813065.000005"
    },
    {
        "type": "message",
        "user": "U03BWRML2",
        "text": "inks\n<mailto:leebang31698@gmail.com|leebang31698@gmail.com>",
        "ts": "1422813202.000007"
    },
    {
        "type": "message",
        "user": "U03BXCW3W",
        "text": "Sorry that I was quite busy for these two weeks...",
        "ts": "1422813349.000008"
    },
    {
        "type": "message",
        "user": "U03BXCW3W",
        "text": "Ah... What is trello username?...",
        "ts": "1422813404.000009"
    },
    {
        "type": "message",
        "user": "U03BXCW3W",
        "text": "I didn't receive any invitation... So I just create an account?...",
        "ts": "1422813492.000010"
    },
    {
        "type": "message",
        "user": "U03BWRML2",
        "text": "<https:\/\/trello.com\/>",
        "ts": "1422813514.000011"
    },
    {
        "type": "message",
        "user": "U03BXCW3W",
        "text": "Thx, I'm doing it right now",
        "ts": "1422813549.000012"
    },
    {
        "type": "message",
        "user": "U03BXCW3W",
        "text": "nishikiw",
        "ts": "1422813586.000013"
    },
    {
        "type": "message",
        "user": "U03BXCW3W",
        "text": "<mailto:yijin.wang@mail.utoronto.ca|yijin.wang@mail.utoronto.ca>",
        "ts": "1422813592.000014"
    }
]