[
    {
        "type": "message",
        "user": "U03C8TPEQ",
        "text": "are we changing names?",
        "ts": "1424644185.000002"
    },
    {
        "type": "message",
        "user": "U03BUNNPT",
        "text": "<https:\/\/piazza.com\/class\/i4jfwzvni6g24f?cid=41>",
        "attachments": [
            {
                "title": "Piazza \u2022 Ask. Answer. Explore. Whenever.",
                "title_link": "https:\/\/piazza.com\/class\/i4jfwzvni6g24f?cid=41",
                "text": "With Piazza, easily answer questions, manage course materials, and track student participation. It'll save you time, and your students will love using it. It's free, and easy to get started.",
                "fallback": "Piazza \u2022 Ask. Answer. Explore. Whenever.",
                "from_url": "https:\/\/piazza.com\/class\/i4jfwzvni6g24f?cid=41",
                "id": 1
            }
        ],
        "ts": "1424667339.000003"
    },
    {
        "type": "message",
        "user": "U03BUNNPT",
        "text": "so _apparently_ we have tutorial after the midterm",
        "ts": "1424667345.000005"
    },
    {
        "type": "message",
        "user": "U03BWPJG0",
        "text": "so...no lecture?",
        "ts": "1424667418.000006"
    },
    {
        "type": "message",
        "user": "U03BUNNPT",
        "text": "yeah",
        "ts": "1424667436.000007"
    },
    {
        "type": "message",
        "user": "U03BUNNPT",
        "text": "I always thought it'd just be the 1 hour midterm and that's it",
        "ts": "1424667444.000008"
    },
    {
        "type": "message",
        "user": "U03BUNNPT",
        "text": "\u00af\\_(\u30c4)_\/\u00af",
        "ts": "1424667446.000009"
    },
    {
        "type": "message",
        "user": "U03BWPJG0",
        "text": "I thought it would've been in the tutorial timeslot",
        "ts": "1424667489.000010"
    },
    {
        "type": "message",
        "user": "U03BUNNPT",
        "text": "#BestWorstClassEver",
        "ts": "1424667503.000012"
    },
    {
        "type": "message",
        "user": "U03BWPJG0",
        "text": "this class is like an entire semester of that substitute teacher in grade school who has no idea what's going on",
        "ts": "1424667567.000013"
    },
    {
        "type": "message",
        "user": "U03BUNNPT",
        "text": "heyo good point",
        "ts": "1424667751.000014"
    },
    {
        "type": "message",
        "user": "U03BWPJG0",
        "text": "what I learned this semester: never take a \"project course\" at UofT :weary:",
        "ts": "1424668152.000016"
    },
    {
        "type": "message",
        "user": "U03BUNNPT",
        "text": "the 490s\/494s are better",
        "ts": "1424668225.000017"
    },
    {
        "type": "message",
        "user": "U03BWRML2",
        "text": "so the midterm will be 1hr?",
        "ts": "1424668247.000018"
    },
    {
        "type": "message",
        "user": "U03BUNNPT",
        "text": "yeah",
        "ts": "1424668258.000019"
    },
    {
        "type": "message",
        "user": "U03BWRML2",
        "text": "alright",
        "ts": "1424668359.000020"
    },
    {
        "type": "message",
        "user": "U03BWPJG0",
        "text": "&gt; too people-phobic to go find a supervisor for 494",
        "ts": "1424668432.000021"
    },
    {
        "type": "message",
        "user": "U03BWPJG0",
        "text": "lol 301 and 309 constitutes half my courses this term",
        "ts": "1424668441.000022"
    },
    {
        "type": "message",
        "user": "U03BWPJG0",
        "text": "it feels like there's too much work and no work at the same time",
        "edited": {
            "user": "U03BWPJG0",
            "ts": "1424668987.000000"
        },
        "ts": "1424668442.000023"
    },
    {
        "type": "message",
        "user": "U03BUNNPT",
        "text": "don't worry, 301 work will commence soon enough",
        "ts": "1424668483.000024"
    },
    {
        "type": "message",
        "user": "U03BUNNPT",
        "text": "we have to, there's less than 2 weeks left in the phase lol",
        "edited": {
            "user": "U03BUNNPT",
            "ts": "1424668496.000000"
        },
        "ts": "1424668492.000025"
    },
    {
        "type": "message",
        "user": "U03BX7SQ1",
        "text": "it's due on mar 5th right?",
        "ts": "1424669296.000028"
    },
    {
        "type": "message",
        "user": "U03BX7SQ1",
        "text": "so we have a week + 3 days",
        "ts": "1424669307.000029"
    },
    {
        "type": "message",
        "user": "U03BWPJG0",
        "text": "yeah",
        "ts": "1424669344.000030"
    },
    {
        "type": "message",
        "user": "U03BX7SQ1",
        "text": ":scream::scream::scream:",
        "ts": "1424669357.000031"
    }
]