[
    {
        "type": "message",
        "user": "U03BUNNPT",
        "text": "<!group> I guess we should get a domain",
        "ts": "1421800831.000002"
    },
    {
        "type": "message",
        "subtype": "file_share",
        "text": "<@U03BUNNPT|arkon> uploaded a file: <https:\/\/ultrathins.slack.com\/files\/arkon\/F03DSS9ES\/pasted_image_at_2015_01_20_19_40.png|Pasted image at 2015-01-20, 19:40>",
        "file": {
            "id": "F03DSS9ES",
            "created": 1421800834,
            "timestamp": 1421800834,
            "name": "Pasted image at 2015_01_20 19_40.png",
            "title": "Pasted image at 2015-01-20, 19:40",
            "mimetype": "image\/png",
            "filetype": "png",
            "pretty_type": "PNG",
            "user": "U03BUNNPT",
            "editable": false,
            "size": 50148,
            "mode": "hosted",
            "is_external": false,
            "external_type": "",
            "is_public": true,
            "public_url_shared": false,
            "url": "https:\/\/slack-files.com\/files-pub\/T03BUNNPM-F03DSS9ES-3630a9b096\/pasted_image_at_2015_01_20_19_40.png",
            "url_download": "https:\/\/slack-files.com\/files-pub\/T03BUNNPM-F03DSS9ES-3630a9b096\/download\/pasted_image_at_2015_01_20_19_40.png",
            "url_private": "https:\/\/files.slack.com\/files-pri\/T03BUNNPM-F03DSS9ES\/pasted_image_at_2015_01_20_19_40.png",
            "url_private_download": "https:\/\/files.slack.com\/files-pri\/T03BUNNPM-F03DSS9ES\/download\/pasted_image_at_2015_01_20_19_40.png",
            "thumb_64": "https:\/\/slack-files.com\/files-tmb\/T03BUNNPM-F03DSS9ES-834feab4de\/pasted_image_at_2015_01_20_19_40_64.png",
            "thumb_80": "https:\/\/slack-files.com\/files-tmb\/T03BUNNPM-F03DSS9ES-834feab4de\/pasted_image_at_2015_01_20_19_40_80.png",
            "thumb_360": "https:\/\/slack-files.com\/files-tmb\/T03BUNNPM-F03DSS9ES-834feab4de\/pasted_image_at_2015_01_20_19_40_360.png",
            "thumb_360_w": 312,
            "thumb_360_h": 360,
            "thumb_160": "https:\/\/slack-files.com\/files-tmb\/T03BUNNPM-F03DSS9ES-834feab4de\/pasted_image_at_2015_01_20_19_40_160.png",
            "image_exif_rotation": 1,
            "permalink": "https:\/\/ultrathins.slack.com\/files\/arkon\/F03DSS9ES\/pasted_image_at_2015_01_20_19_40.png",
            "permalink_public": "https:\/\/slack-files.com\/T03BUNNPM-F03DSS9ES-3630a9b096",
            "channels": [
                "C03BUNNQR"
            ],
            "groups": [],
            "ims": [],
            "comments_count": 0
        },
        "user": "U03BUNNPT",
        "upload": true,
        "ts": "1421800836.000003"
    },
    {
        "type": "message",
        "user": "U03BX7SQ1",
        "text": "we can go with <http:\/\/ittybitty.me|ittybitty.me>",
        "ts": "1421800867.000004"
    },
    {
        "type": "message",
        "user": "U03BWPJG0",
        "text": "lol I searched up <http:\/\/ittybitty.com|ittybitty.com> :neutral_face:",
        "ts": "1421800934.000005"
    },
    {
        "type": "message",
        "user": "U03BUNNPT",
        "text": "is it bad?",
        "ts": "1421800954.000006"
    },
    {
        "type": "message",
        "user": "U03BUNNPT",
        "text": "(I'm in lecture and slightly wary of it)",
        "ts": "1421800966.000007"
    },
    {
        "type": "message",
        "user": "U03BWPJG0",
        "text": "yeah don't",
        "ts": "1421800984.000008"
    },
    {
        "type": "message",
        "user": "U03BX7SQ1",
        "text": "= =",
        "ts": "1421800990.000009"
    },
    {
        "type": "message",
        "user": "U03BX7SQ1",
        "text": "yeah...",
        "ts": "1421800994.000010"
    },
    {
        "type": "message",
        "user": "U03BUNNPT",
        "text": "we should probs get something a bit different then",
        "ts": "1421801004.000011"
    },
    {
        "type": "message",
        "user": "U03BUNNPT",
        "text": "there's a _lot_ of weird TLDs",
        "ts": "1421801042.000013"
    },
    {
        "type": "message",
        "user": "U03BUNNPT",
        "text": "we can get one",
        "ts": "1421801045.000014"
    },
    {
        "type": "message",
        "user": "U03BUNNPT",
        "text": "<https:\/\/www.namecheap.com\/domains\/registration\/results.aspx?domain=ittybitty>",
        "ts": "1421801062.000015"
    },
    {
        "type": "message",
        "user": "U03BUNNPT",
        "text": "(click the **New** tab)",
        "ts": "1421801071.000016"
    },
    {
        "type": "message",
        "user": "U03BWPJG0",
        "text": "ittybitty.dentist",
        "ts": "1421801101.000017"
    },
    {
        "type": "message",
        "user": "U03BUNNPT",
        "text": "ittybitty.education",
        "ts": "1421801160.000018"
    },
    {
        "type": "message",
        "user": "U03BUNNPT",
        "text": "\u00af\\_(\u30c4)_\/\u00af",
        "ts": "1421801161.000019"
    },
    {
        "type": "message",
        "user": "U03BUNNPT",
        "text": "ittybitty.codes",
        "ts": "1421801185.000020"
    },
    {
        "type": "message",
        "user": "U03BUNNPT",
        "text": "ittybitty.xn--3ds443g",
        "ts": "1421801186.000021"
    },
    {
        "type": "message",
        "user": "U03BUNNPT",
        "text": "wat",
        "ts": "1421801187.000022"
    },
    {
        "type": "message",
        "user": "U03BWPJG0",
        "text": "maybe I'll get one of those so my mom can stop riding my ass about not going into medicine",
        "ts": "1421801205.000023"
    },
    {
        "type": "message",
        "user": "U03BWPJG0",
        "text": "ittybitty.fail",
        "ts": "1421801208.000024"
    },
    {
        "type": "message",
        "user": "U03BUNNPT",
        "text": "ittybitty.computer?",
        "ts": "1421801236.000025"
    },
    {
        "type": "message",
        "user": "U03BUNNPT",
        "text": "ittybitty.academy",
        "ts": "1421801245.000026"
    },
    {
        "type": "message",
        "user": "U03BX7SQ1",
        "text": "ittybitty.software ?",
        "ts": "1421801261.000027"
    },
    {
        "type": "message",
        "user": "U03BUNNPT",
        "text": "ofc, we can just do like <http:\/\/learnittybitty.com|learnittybitty.com>",
        "ts": "1421801265.000028"
    },
    {
        "type": "message",
        "user": "U03BUNNPT",
        "text": "We could go with ittybitty.academy and have like a tiny school on the website",
        "ts": "1421801291.000030"
    },
    {
        "type": "message",
        "user": "U03BUNNPT",
        "text": "lol",
        "ts": "1421801292.000031"
    },
    {
        "type": "message",
        "user": "U03BX7SQ1",
        "text": "ittybitty.rocks ;D",
        "ts": "1421801372.000032"
    },
    {
        "type": "message",
        "user": "U03BUNNPT",
        "text": "&gt; <http:\/\/ittybitty.xxx|ittybitty.xxx>",
        "ts": "1421801377.000033"
    },
    {
        "type": "message",
        "user": "U03BX7SQ1",
        "text": "ittybitty.ninja!!",
        "ts": "1421801409.000034"
    },
    {
        "type": "message",
        "user": "U03BUNNPT",
        "text": "I'm wary of people forgetting the TLD and accidentally going to .com",
        "ts": "1421801414.000035"
    },
    {
        "type": "message",
        "user": "U03BX7SQ1",
        "text": "lol yeah",
        "ts": "1421801424.000036"
    },
    {
        "type": "message",
        "user": "U03BX7SQ1",
        "text": "like in the middle of class",
        "ts": "1421801438.000037"
    },
    {
        "type": "message",
        "user": "U03BUNNPT",
        "text": "but yeah, <http:\/\/learnittybitty.com|learnittybitty.com> isn't taken",
        "ts": "1421801633.000038"
    },
    {
        "type": "message",
        "user": "U03BX7SQ1",
        "text": "i'm okay with that",
        "ts": "1421801663.000039"
    },
    {
        "type": "message",
        "user": "U03BUNNPT",
        "text": "<!group> thoughts on <http:\/\/learnittybitty.com|learnittybitty.com> ?",
        "ts": "1421801709.000040"
    },
    {
        "type": "message",
        "user": "U03BWPJG0",
        "text": "&gt;ultrathins.com",
        "ts": "1421801720.000041"
    },
    {
        "type": "message",
        "user": "U03BWPJG0",
        "text": "but really, <http:\/\/learnittybitty.com|learnittybitty.com> sounds fine",
        "ts": "1421801724.000042"
    },
    {
        "type": "message",
        "user": "U03BUNNPT",
        "text": "<!group> also, who hasn't used their <http:\/\/nc.me|nc.me> discount yet?",
        "ts": "1421801731.000043"
    },
    {
        "type": "message",
        "user": "U03C9PL8U",
        "text": "<http:\/\/learnittybitty.com|learnittybitty.com> sounds good",
        "ts": "1421801928.000044"
    },
    {
        "type": "message",
        "user": "U03BWRML2",
        "text": "never use ncme before",
        "ts": "1421801993.000045"
    },
    {
        "type": "message",
        "user": "U03BUNNPT",
        "text": "oh nvm I can do it",
        "ts": "1421802220.000046"
    },
    {
        "type": "message",
        "user": "U03BWRML2",
        "text": "k",
        "ts": "1421802232.000047"
    },
    {
        "type": "message",
        "user": "U03BUNNPT",
        "text": "I own <http:\/\/learnittybitty.com\/> now",
        "ts": "1421802389.000048"
    },
    {
        "type": "message",
        "user": "U03BUNNPT",
        "text": "\u00af\\_(\u30c4)_\/\u00af",
        "ts": "1421802390.000049"
    },
    {
        "type": "message",
        "user": "U03BX7SQ1",
        "text": "how much was it?",
        "ts": "1421802406.000050"
    },
    {
        "type": "message",
        "user": "U03BUNNPT",
        "text": "$5",
        "ts": "1421802409.000051"
    },
    {
        "type": "message",
        "user": "U03BX7SQ1",
        "text": "do u want us to pay u back?",
        "ts": "1421802441.000052"
    },
    {
        "type": "message",
        "user": "U03C9PL8U",
        "text": "Man, Waterloo is killing the leaderboard\n<https:\/\/nc.me\/leaderboard>",
        "attachments": [
            {
                "text": "The Namecheap Education Program provides free domains and email hosting for university students in the US, UK, and Canada.",
                "fallback": "The Namecheap Education Program provides free domains and email hosting for university students in the US, UK, and Canada.",
                "from_url": "https:\/\/nc.me\/leaderboard",
                "id": 1
            }
        ],
        "ts": "1421802445.000053"
    },
    {
        "type": "message",
        "user": "U03BUNNPT",
        "text": "<@U03BX7SQ1>: naw it's good",
        "ts": "1421802493.000055"
    },
    {
        "type": "message",
        "user": "U03BUNNPT",
        "text": "I'd rather not get a lot of change from 7 people",
        "ts": "1421802500.000056"
    },
    {
        "type": "message",
        "user": "U03BWRML2",
        "text": "a pop per person \" )",
        "ts": "1421802543.000057"
    },
    {
        "type": "message",
        "user": "U03C9PL8U",
        "text": "kay first order of business, we need there to be the words \"POWERED BY ULTRATHINS\" doing the delara illusion scroll on the  site",
        "ts": "1421802547.000058"
    },
    {
        "type": "message",
        "user": "U03BX7SQ1",
        "text": "thanksss ~~~",
        "ts": "1421802551.000059"
    },
    {
        "type": "message",
        "user": "U03BUNNPT",
        "text": "<@U03BWRML2>: I'd be okay with that :stuck_out_tongue:",
        "ts": "1421802570.000060"
    },
    {
        "type": "message",
        "user": "U03BWRML2",
        "text": "haha",
        "ts": "1421802599.000061"
    },
    {
        "type": "message",
        "user": "U03BX7SQ1",
        "text": "lol let's go with that then",
        "ts": "1421802610.000062"
    },
    {
        "type": "message",
        "user": "U03C9PL8U",
        "text": "gonna get the George W Bush ice tea on the house 7 times?",
        "ts": "1421802623.000063"
    },
    {
        "type": "message",
        "user": "U03BUNNPT",
        "text": "I think they're all gone",
        "ts": "1421802822.000064"
    },
    {
        "type": "message",
        "user": "U03BUNNPT",
        "text": ":cry:",
        "ts": "1421802824.000065"
    },
    {
        "type": "message",
        "user": "U03C9PL8U",
        "text": "shit what a short life span",
        "ts": "1421803114.000066"
    },
    {
        "type": "message",
        "user": "U03BWPJG0",
        "text": "isn't phase 1 supposed to be out or something?",
        "ts": "1421803360.000067"
    },
    {
        "type": "message",
        "user": "U03BWRML2",
        "text": "this prof is a superdelay type. feedback from last semester",
        "ts": "1421803579.000068"
    },
    {
        "type": "message",
        "user": "U03BWRML2",
        "text": "deadline on feb 2",
        "ts": "1421803606.000069"
    },
    {
        "type": "message",
        "user": "U03BWPJG0",
        "text": "well nvm, it's out now",
        "ts": "1421804594.000070"
    },
    {
        "type": "message",
        "user": "U03BWPJG0",
        "text": "nvm, wrong course",
        "ts": "1421804636.000071"
    },
    {
        "type": "message",
        "user": "U03BX7SQ1",
        "text": "309?",
        "ts": "1421804647.000072"
    },
    {
        "type": "message",
        "user": "U03BX7SQ1",
        "text": "lol",
        "ts": "1421804650.000073"
    },
    {
        "type": "message",
        "user": "U03BWPJG0",
        "text": "lol yeah",
        "ts": "1421805172.000074"
    },
    {
        "type": "message",
        "user": "U03BUNNPT",
        "text": "Yeah don't rely on this lecturer to be punctual....",
        "ts": "1421807818.000075"
    },
    {
        "type": "message",
        "user": "U03BUNNPT",
        "text": "I was a TA for him last semester and it wasn't great",
        "ts": "1421807836.000076"
    },
    {
        "type": "message",
        "user": "U03BXCW3W",
        "text": "Sorry to hear that... If we need budget for this project, I don't mind that everyone needs to contribute some : ) Even if there's money left, we can use it to celebrate... yeah... although we haven't started yet...",
        "ts": "1421810678.000077"
    },
    {
        "type": "message",
        "user": "U03BUNNPT",
        "text": "Don't be concerned by the $5, it's fine if I pay for it myself :stuck_out_tongue:",
        "ts": "1421811255.000078"
    },
    {
        "type": "message",
        "user": "U03BWPJG0",
        "text": "but that's like, one bubble tea",
        "ts": "1421811284.000079"
    },
    {
        "type": "message",
        "user": "U03BWRML2",
        "text": "two ultrathins",
        "ts": "1421812044.000080"
    },
    {
        "type": "message",
        "user": "U03C9PL8U",
        "text": "Wait did you put the loonie I gave you in the cssu register or something? I meant like buy yourself a drink with it :-P",
        "ts": "1421812421.000081"
    },
    {
        "type": "message",
        "user": "U03BUNNPT",
        "text": "@ben. Yeah I kind of mindlessly did that. I'll just take a drink later",
        "ts": "1421813426.000082"
    },
    {
        "type": "message",
        "user": "U03C9PL8U",
        "text": ":thumbsup: ",
        "ts": "1421814055.000083"
    }
]