[
    {
        "type": "message",
        "user": "U03BWRML2",
        "text": "For this phrase, the order of level will be: Base Conversion -&gt; Bitwise",
        "ts": "1425410078.000002"
    },
    {
        "type": "message",
        "user": "U03BWRML2",
        "text": "Base Conversion: Base 2-10, 10-2, 2-16, 16-2, 10-16, 16-10",
        "ts": "1425410123.000003"
    },
    {
        "type": "message",
        "user": "U03BWRML2",
        "text": "Bitwise: not, and, or, xor, nand, nor, left shift, right shift",
        "ts": "1425410162.000004"
    }
]