[
    {
        "type": "message",
        "user": "U03C9PL8U",
        "text": "So I'll actually be able to do this meeting",
        "ts": "1425056327.000002"
    },
    {
        "type": "message",
        "user": "U03C8TPEQ",
        "text": "time to find out what's so good about this hangouts thing",
        "ts": "1425062723.000002"
    },
    {
        "type": "message",
        "user": "U03BWPJG0",
        "text": "it's eh, but better than Skype",
        "ts": "1425062808.000003"
    },
    {
        "type": "message",
        "user": "U03BWPJG0",
        "text": "should've kept MSN",
        "ts": "1425062839.000004"
    },
    {
        "type": "message",
        "user": "U03BWRML2",
        "text": "even qq is better",
        "ts": "1425063911.000005"
    },
    {
        "type": "message",
        "user": "U03BWPJG0",
        "text": "qq has chat?",
        "ts": "1425063987.000006"
    },
    {
        "type": "message",
        "user": "U03BWRML2",
        "text": "Video or chat only",
        "ts": "1425064032.000007"
    },
    {
        "type": "message",
        "user": "U03BWRML2",
        "text": "Have both lol ",
        "ts": "1425064036.000008"
    },
    {
        "type": "message",
        "user": "U03BWPJG0",
        "text": "what's weibo (or whatever it was called) used for then",
        "ts": "1425064176.000009"
    },
    {
        "type": "message",
        "user": "U03BWPJG0",
        "text": "this should probably go in <#C03BUNNR1> lol",
        "ts": "1425064182.000010"
    },
    {
        "type": "message",
        "user": "U03BWRML2",
        "text": "ok",
        "ts": "1425064356.000011"
    },
    {
        "type": "message",
        "user": "U03BX7SQ1",
        "text": "<!everyone>: go on hangouts",
        "ts": "1425070980.000002"
    },
    {
        "type": "message",
        "user": "U03BURB6R",
        "text": "Sorry still at services Canada can't make the meeting",
        "ts": "1425071025.000003"
    },
    {
        "type": "message",
        "user": "U03C8TPEQ",
        "text": "yo i added you",
        "ts": "1425071059.000004"
    },
    {
        "type": "message",
        "user": "U03BWRML2",
        "text": "wait",
        "ts": "1425071066.000005"
    },
    {
        "type": "message",
        "user": "U03BWRML2",
        "text": "meeting on 4\uff1f",
        "ts": "1425071071.000006"
    },
    {
        "type": "message",
        "user": "U03C8TPEQ",
        "text": "yeah",
        "ts": "1425071099.000007"
    },
    {
        "type": "message",
        "user": "U03BWRML2",
        "text": "Did not see anything on the page...downloading app ",
        "ts": "1425071668.000008"
    },
    {
        "type": "message",
        "user": "U03C8TPEQ",
        "text": "?",
        "ts": "1425071688.000009"
    },
    {
        "type": "message",
        "user": "U03C8TPEQ",
        "text": "just go to <http:\/\/plus.google.com|plus.google.com>",
        "ts": "1425071697.000010"
    },
    {
        "type": "message",
        "user": "U03BUNNPT",
        "text": "So I need to jiggle around some issue assignments so everyone writes at least some code",
        "ts": "1425074191.000013"
    },
    {
        "type": "message",
        "user": "U03C8TPEQ",
        "text": "&gt;jiggle",
        "ts": "1425074214.000014"
    },
    {
        "type": "message",
        "user": "U03BUNNPT",
        "text": "essentially throwing people onto writing models or the tutorial system",
        "edited": {
            "user": "U03BUNNPT",
            "ts": "1425074227.000000"
        },
        "ts": "1425074217.000015"
    },
    {
        "type": "message",
        "user": "U03BUNNPT",
        "text": "or even the level selection thing",
        "ts": "1425074240.000017"
    },
    {
        "type": "message",
        "user": "U03C8TPEQ",
        "text": "anyone want to figure out the user authentication thing :disappointed:",
        "ts": "1425074273.000018"
    },
    {
        "type": "message",
        "user": "U03BUNNPT",
        "text": "<http:\/\/passportjs.org\/guide\/facebook\/>",
        "ts": "1425074301.000019"
    },
    {
        "type": "message",
        "user": "U03BUNNPT",
        "text": "?",
        "ts": "1425074302.000020"
    },
    {
        "type": "message",
        "user": "U03BWRML2",
        "text": ":thumbsup:",
        "ts": "1425074352.000021"
    },
    {
        "type": "message",
        "user": "U03BUNNPT",
        "text": "<http:\/\/passportjs.org\/guide\/profile\/>",
        "ts": "1425074398.000022"
    },
    {
        "type": "message",
        "user": "U03BUNNPT",
        "text": "this may be helpful",
        "ts": "1425074402.000023"
    },
    {
        "type": "message",
        "user": "U03C8TPEQ",
        "text": "yeah i read that",
        "ts": "1425074421.000024"
    },
    {
        "type": "message",
        "user": "U03C8TPEQ",
        "text": "ok time to head to school...",
        "ts": "1425074586.000025"
    },
    {
        "type": "message",
        "user": "U03BUNNPT",
        "text": "<@U03C8TPEQ>: can you finish the schema by tonight? need to get the models started asap",
        "ts": "1425074732.000026"
    },
    {
        "type": "message",
        "user": "U03C8TPEQ",
        "text": "are you done the website with postgresql stuff?",
        "ts": "1425078350.000027"
    },
    {
        "type": "message",
        "user": "U03C8TPEQ",
        "text": "ok soo",
        "ts": "1425080331.000028"
    },
    {
        "type": "message",
        "user": "U03C8TPEQ",
        "text": "```CREATE TABLE users (\n\tuser_id serial PRIMARY KEY,\n\tprovider varchar(20),\n\tid text UNIQUE,\n\tdisplayName text NOT NULL,\n\tname json,\n\temail varchar(50) NOT NULL,\n\tphoto text DEFAULT NULL,\n\tachievements json,\n\tpassword text NOT NULL\n);\n\nCREATE TABLE achievements (\n\tachievement_id serial PRIMARY KEY,\n\tname varchar(200) UNIQUE,\n\tdescription text DEFAULT NULL\n);\n\nCREATE TABLE levels (\n\tlevel_id serial PRIMARY KEY,\n\tname varchar(200) UNIQUE,\n\tdescription text DEFAULT NULL,\n\ttype varchar(50) NOT NULL,\n\tdifficulty integer NOT NULL\n);\n\nCREATE TABLE scores (\n\tuser_id integer references users(user_id) NOT NULL,\n\tlevel_id integer references levels(level_id) NOT NULL,\n\tscore integer NOT NULL,\n\tPRIMARY KEY (user_id, level_id)\n);\n\nCREATE TABLE questions (\n\tquestion_id serial PRIMARY KEY,\n\tlevel_id integer references levels(level_id) NOT NULL,\n\tquestion text NOT NULL,\n\tchoice1 text,\n\tchoice2 text,\n\tchoice3 text,\n\tchoice4 text,\n\tanswer text NOT NULL,\n\texplanation text NOT NULL\n);```",
        "ts": "1425080334.000029"
    },
    {
        "type": "message",
        "user": "U03C8TPEQ",
        "text": "no syntax errors when i put them in psql",
        "ts": "1425080345.000030"
    },
    {
        "type": "message",
        "user": "U03C8TPEQ",
        "text": "might need to change user when we do models for that stuff",
        "ts": "1425080364.000031"
    },
    {
        "type": "message",
        "user": "U03BUNNPT",
        "text": "Put it on GitHub",
        "ts": "1425084130.000032"
    },
    {
        "type": "message",
        "user": "U03C8TPEQ",
        "text": "welp",
        "ts": "1425085576.000033"
    },
    {
        "type": "message",
        "user": "U03C8TPEQ",
        "text": "successfully used git",
        "ts": "1425085582.000034"
    },
    {
        "type": "message",
        "user": "U03C8TPEQ",
        "text": "uh did i put it in the wrong location",
        "ts": "1425085638.000035"
    },
    {
        "type": "message",
        "user": "U03BUNNPT",
        "text": "it's fine",
        "edited": {
            "user": "U03BUNNPT",
            "ts": "1425085649.000000"
        },
        "ts": "1425085647.000036"
    },
    {
        "type": "message",
        "subtype": "file_share",
        "text": "<@U03BUNNPT|arkon> uploaded a file: <https:\/\/ultrathins.slack.com\/files\/arkon\/F03RQLE5V\/pasted_image_at_2015_02_27_20_08.png|Pasted image at 2015-02-27, 20:08>",
        "file": {
            "id": "F03RQLE5V",
            "created": 1425085686,
            "timestamp": 1425085686,
            "name": "Pasted image at 2015_02_27 20_08.png",
            "title": "Pasted image at 2015-02-27, 20:08",
            "mimetype": "image\/png",
            "filetype": "png",
            "pretty_type": "PNG",
            "user": "U03BUNNPT",
            "editable": false,
            "size": 466848,
            "mode": "hosted",
            "is_external": false,
            "external_type": "",
            "is_public": true,
            "public_url_shared": false,
            "url": "https:\/\/slack-files.com\/files-pub\/T03BUNNPM-F03RQLE5V-b368fc69f0\/pasted_image_at_2015_02_27_20_08.png",
            "url_download": "https:\/\/slack-files.com\/files-pub\/T03BUNNPM-F03RQLE5V-b368fc69f0\/download\/pasted_image_at_2015_02_27_20_08.png",
            "url_private": "https:\/\/files.slack.com\/files-pri\/T03BUNNPM-F03RQLE5V\/pasted_image_at_2015_02_27_20_08.png",
            "url_private_download": "https:\/\/files.slack.com\/files-pri\/T03BUNNPM-F03RQLE5V\/download\/pasted_image_at_2015_02_27_20_08.png",
            "thumb_64": "https:\/\/slack-files.com\/files-tmb\/T03BUNNPM-F03RQLE5V-e05579803c\/pasted_image_at_2015_02_27_20_08_64.png",
            "thumb_80": "https:\/\/slack-files.com\/files-tmb\/T03BUNNPM-F03RQLE5V-e05579803c\/pasted_image_at_2015_02_27_20_08_80.png",
            "thumb_360": "https:\/\/slack-files.com\/files-tmb\/T03BUNNPM-F03RQLE5V-e05579803c\/pasted_image_at_2015_02_27_20_08_360.png",
            "thumb_360_w": 360,
            "thumb_360_h": 90,
            "thumb_160": "https:\/\/slack-files.com\/files-tmb\/T03BUNNPM-F03RQLE5V-e05579803c\/pasted_image_at_2015_02_27_20_08_160.png",
            "thumb_720": "https:\/\/slack-files.com\/files-tmb\/T03BUNNPM-F03RQLE5V-e05579803c\/pasted_image_at_2015_02_27_20_08_720.png",
            "thumb_720_w": 720,
            "thumb_720_h": 180,
            "thumb_1024": "https:\/\/slack-files.com\/files-tmb\/T03BUNNPM-F03RQLE5V-e05579803c\/pasted_image_at_2015_02_27_20_08_1024.png",
            "thumb_1024_w": 1024,
            "thumb_1024_h": 256,
            "image_exif_rotation": 1,
            "permalink": "https:\/\/ultrathins.slack.com\/files\/arkon\/F03RQLE5V\/pasted_image_at_2015_02_27_20_08.png",
            "permalink_public": "https:\/\/slack-files.com\/T03BUNNPM-F03RQLE5V-b368fc69f0",
            "channels": [
                "C03BUNNQR"
            ],
            "groups": [],
            "ims": [],
            "comments_count": 0
        },
        "user": "U03BUNNPT",
        "upload": true,
        "ts": "1425085690.000038"
    },
    {
        "type": "message",
        "user": "U03BUNNPT",
        "text": "why json for `name`?",
        "ts": "1425085788.000039"
    },
    {
        "type": "message",
        "user": "U03C8TPEQ",
        "text": "the thing uses json",
        "ts": "1425086052.000040"
    },
    {
        "type": "message",
        "user": "U03C8TPEQ",
        "text": "mine works",
        "ts": "1425086054.000041"
    },
    {
        "type": "message",
        "user": "U03C8TPEQ",
        "text": "```xrw@mint:~ &gt; sudo -u postgres psql newdb\npsql (9.3.6)\nType \"help\" for help.\n\nnewdb=# \\i \/home\/xrw\/Documents\/ittybitty\/301W15-Prj-Team1-repo\/tables.sql\nCREATE TABLE\nCREATE TABLE\nCREATE TABLE\nCREATE TABLE\nCREATE TABLE\nnewdb=# \n```",
        "ts": "1425086071.000042"
    },
    {
        "type": "message",
        "user": "U03C8TPEQ",
        "text": "which version of postgre are you using?",
        "ts": "1425086236.000043"
    },
    {
        "type": "message",
        "user": "U03BUNNPT",
        "text": "9.1.x",
        "ts": "1425086336.000044"
    },
    {
        "type": "message",
        "user": "U03BUNNPT",
        "text": "I'll update",
        "ts": "1425086338.000045"
    },
    {
        "type": "message",
        "user": "U03C8TPEQ",
        "text": ":smile:",
        "ts": "1425086361.000046"
    },
    {
        "type": "message",
        "user": "U03BUNNPT",
        "text": "this is far harder to do on elementary than expected",
        "ts": "1425087341.000047"
    },
    {
        "type": "message",
        "user": "U03BUNNPT",
        "text": "<@U03BWPJG0> <@U03BURB6R> <@U03BXCW3W> <@U03C8TPEQ> can you all work on implementing the models?",
        "ts": "1425090164.000048"
    },
    {
        "type": "message",
        "user": "U03BUNNPT",
        "text": "they should be based on the db schema",
        "ts": "1425090171.000049"
    },
    {
        "type": "message",
        "user": "U03BWPJG0",
        "text": ":thumbsup:",
        "ts": "1425090295.000050"
    },
    {
        "type": "message",
        "user": "U03BXCW3W",
        "text": "Sure",
        "ts": "1425090517.000051"
    }
]