[
    {
        "type": "message",
        "user": "U03BUNNPT",
        "text": "<https:\/\/github.com\/settings\/notifications>",
        "attachments": [
            {
                "title": "GitHub",
                "title_link": "https:\/\/github.com\/settings\/notifications",
                "text": "GitHub is the best place to build software together. Over 4 million people use GitHub to share code.",
                "fallback": "GitHub",
                "image_width": 1200,
                "image_height": 1200,
                "from_url": "https:\/\/github.com\/settings\/notifications",
                "id": 1
            }
        ],
        "ts": "1424923533.000002"
    }
]