[
    {
        "type": "message",
        "user": "U03BWPJG0",
        "text": "phase 1 is out",
        "ts": "1422033433.000002"
    },
    {
        "type": "message",
        "user": "U03BWPJG0",
        "text": "finally",
        "ts": "1422033434.000003"
    },
    {
        "type": "message",
        "user": "U03BUNNPT",
        "text": "Bless",
        "ts": "1422033973.000004"
    },
    {
        "type": "message",
        "user": "U03BWPJG0",
        "text": "One picture with all group members.",
        "ts": "1422034150.000005"
    },
    {
        "type": "message",
        "user": "U03BWPJG0",
        "text": "do we have to get together and take a group picture",
        "ts": "1422034159.000006"
    },
    {
        "type": "message",
        "user": "U03BUNNPT",
        "text": "I guess",
        "ts": "1422034205.000007"
    },
    {
        "type": "message",
        "user": "U03BUNNPT",
        "text": "We can take one in lecture next week",
        "ts": "1422034217.000008"
    },
    {
        "type": "message",
        "user": "U03BWPJG0",
        "text": "there goes the dinosaur costume idea",
        "ts": "1422035463.000009"
    },
    {
        "type": "message",
        "user": "U03BWPJG0",
        "text": "why would you put everything on Google Drive when there's already github and piazza D&lt;",
        "edited": {
            "user": "U03BWPJG0",
            "ts": "1422035505.000000"
        },
        "ts": "1422035499.000010"
    },
    {
        "type": "message",
        "user": "U03BWRML2",
        "text": "Lel ",
        "ts": "1422035524.000012"
    },
    {
        "type": "message",
        "user": "U03BUNNPT",
        "text": "scrubs",
        "ts": "1422036511.000013"
    },
    {
        "type": "message",
        "user": "U03BUNNPT",
        "text": "<!group> <https:\/\/drive.google.com\/folderview?id=0B8M829WDBsKEZElyaXk2ZmdQNTA&amp;usp=sharing&amp;tid=0B8M829WDBsKEV1NicTVfME1lMG8>",
        "ts": "1422036936.000014"
    },
    {
        "user": "U03BUNNPT",
        "topic": "",
        "type": "message",
        "subtype": "channel_topic",
        "text": "<@U03BUNNPT|arkon> cleared channel topic",
        "ts": "1422036951.000015"
    },
    {
        "type": "message",
        "user": "U03C9PL8U",
        "text": "Anyone know anyone with a good camera and is willing to take a nice shot of us? ",
        "ts": "1422037723.000016"
    },
    {
        "type": "message",
        "user": "U03BUNNPT",
        "text": "<!group> <https:\/\/docs.google.com\/document\/d\/18lOGGR3R4PVwNT7WyQkcD0-scaZqgcGaGy09wHoSBSo\/edit>",
        "ts": "1422037765.000017"
    },
    {
        "type": "message",
        "subtype": "file_share",
        "text": "<@U03BUNNPT|arkon> shared a file: <https:\/\/ultrathins.slack.com\/files\/arkon\/F03ERD478\/csc301phase1|CSC301: Phase 1>",
        "file": {
            "id": "F03ERD478",
            "created": 1422037774,
            "timestamp": 1422037774,
            "name": "CSC301Phase1",
            "title": "CSC301: Phase 1",
            "mimetype": "application\/vnd.google-apps.document",
            "filetype": "gdoc",
            "pretty_type": "GDocs Document",
            "user": "U03BUNNPT",
            "editable": false,
            "size": 40,
            "mode": "external",
            "is_external": true,
            "external_type": "gdrive",
            "is_public": true,
            "public_url_shared": false,
            "url": "https:\/\/docs.google.com\/document\/d\/18lOGGR3R4PVwNT7WyQkcD0-scaZqgcGaGy09wHoSBSo\/edit?usp=drivesdk",
            "url_private": "https:\/\/docs.google.com\/document\/d\/18lOGGR3R4PVwNT7WyQkcD0-scaZqgcGaGy09wHoSBSo\/edit?usp=drivesdk",
            "thumb_64": "https:\/\/slack.global.ssl.fastly.net\/272a\/img\/files\/gdoc_64.png",
            "thumb_360": "https:\/\/slack.global.ssl.fastly.net\/272a\/img\/files\/gdoc_360.png",
            "thumb_360_w": 360,
            "thumb_360_h": 167,
            "permalink": "https:\/\/ultrathins.slack.com\/files\/arkon\/F03ERD478\/csc301phase1",
            "channels": [
                "C03BUNNQR"
            ],
            "groups": [],
            "ims": [],
            "comments_count": 0
        },
        "user": "U03BUNNPT",
        "upload": false,
        "ts": "1422037774.000018"
    },
    {
        "user": "U03BUNNPT",
        "topic": "https:\/\/docs.google.com\/document\/d\/18lOGGR3R4PVwNT7WyQkcD0-scaZqgcGaGy09wHoSBSo\/edit",
        "type": "message",
        "subtype": "channel_topic",
        "text": "<@U03BUNNPT|arkon> set the channel topic: https:\/\/docs.google.com\/document\/d\/18lOGGR3R4PVwNT7WyQkcD0-scaZqgcGaGy09wHoSBSo\/edit",
        "ts": "1422037781.000019"
    },
    {
        "type": "message",
        "user": "U03BUNNPT",
        "text": "<@U03C9PL8U> I have a DSLR but I don't really want to lug it over here",
        "ts": "1422037810.000020"
    },
    {
        "type": "message",
        "user": "U03BX7SQ1",
        "text": "i can ask my dad for a good camera",
        "ts": "1422037913.000021"
    },
    {
        "type": "message",
        "user": "U03BWRML2",
        "text": "I have one ",
        "ts": "1422037925.000022"
    },
    {
        "type": "message",
        "user": "U03C9PL8U",
        "text": "That's fair",
        "ts": "1422037954.000023"
    },
    {
        "type": "message",
        "user": "U03BUNNPT",
        "text": "perfect",
        "ts": "1422037963.000024"
    },
    {
        "type": "message",
        "user": "U03BWPJG0",
        "text": "also need someone who can work the camera, lest we want a cramped selfie type deal",
        "ts": "1422037975.000025"
    },
    {
        "type": "message",
        "user": "U03BUNNPT",
        "text": "there's people from team sensative",
        "ts": "1422037995.000026"
    },
    {
        "type": "message",
        "user": "U03BWPJG0",
        "text": "right",
        "ts": "1422038008.000027"
    },
    {
        "type": "message",
        "user": "U03BWRML2",
        "text": "X100, should be enough ",
        "ts": "1422038009.000028"
    },
    {
        "type": "message",
        "user": "U03BWPJG0",
        "text": "150 words feels really long for an introduction...",
        "ts": "1422038011.000029"
    },
    {
        "type": "message",
        "user": "U03BUNNPT",
        "text": "<@U03BWRML2>: nice",
        "ts": "1422038036.000030"
    },
    {
        "type": "message",
        "user": "U03BWRML2",
        "text": ":thumbsup:",
        "ts": "1422038057.000031"
    },
    {
        "type": "message",
        "user": "U03BWPJG0",
        "text": "Eugene putting my short bio to shame :(",
        "ts": "1422038363.000032"
    },
    {
        "type": "message",
        "user": "U03BX7SQ1",
        "text": "^^^",
        "ts": "1422038373.000033"
    },
    {
        "type": "message",
        "user": "U03BUNNPT",
        "text": "It's just copied and pasted from my website",
        "ts": "1422038384.000034"
    },
    {
        "type": "message",
        "user": "U03BWPJG0",
        "text": "are they ever going to fix uoft wifi",
        "ts": "1422041862.000037"
    },
    {
        "type": "message",
        "user": "U03BUNNPT",
        "text": "Supposedly, in Bahen",
        "ts": "1422042000.000038"
    },
    {
        "type": "message",
        "user": "U03BUNNPT",
        "text": "They appear to be failing at it",
        "ts": "1422042008.000039"
    },
    {
        "user": "U03BWPJG0",
        "topic": "https:\/\/docs.google.com\/document\/d\/18lOGGR3R4PVwNT7WyQkcD0-scaZqgcGaGy09wHoSBSo\/edit",
        "type": "message",
        "subtype": "channel_topic",
        "text": "<@U03BWPJG0|christina> set the channel topic: https:\/\/docs.google.com\/document\/d\/18lOGGR3R4PVwNT7WyQkcD0-scaZqgcGaGy09wHoSBSo\/edit",
        "ts": "1422046563.000042"
    },
    {
        "type": "message",
        "user": "U03BWPJG0",
        "text": "That was an accident",
        "ts": "1422046576.000043"
    },
    {
        "type": "message",
        "user": "U03BWRML2",
        "text": "So take the pic on next Monday?",
        "ts": "1422047079.000046"
    },
    {
        "type": "message",
        "user": "U03BWPJG0",
        "text": "yeah",
        "ts": "1422047411.000047"
    }
]