[
    {
        "user": "U03BUNNPT",
        "type": "message",
        "subtype": "channel_join",
        "text": "<@U03BUNNPT|arkon> has joined the channel",
        "ts": "1421191493.000000"
    },
    {
        "user": "U03BWPJG0",
        "type": "message",
        "subtype": "channel_join",
        "text": "<@U03BWPJG0|christina> has joined the channel",
        "ts": "1421191758.000002"
    },
    {
        "user": "U03BUNNPT",
        "topic": "https:\/\/docs.google.com\/document\/d\/1ZnSbkToKxW4paA9BOsA4K6cSRFdAIe7ANfncZs-Mpxo\/edit?usp=sharing",
        "type": "message",
        "subtype": "channel_topic",
        "text": "<@U03BUNNPT|arkon> set the channel topic: https:\/\/docs.google.com\/document\/d\/1ZnSbkToKxW4paA9BOsA4K6cSRFdAIe7ANfncZs-Mpxo\/edit?usp=sharing",
        "ts": "1421191945.000003"
    },
    {
        "user": "U03BURB6R",
        "type": "message",
        "subtype": "channel_join",
        "text": "<@U03BURB6R|eric> has joined the channel",
        "ts": "1421192192.000004"
    },
    {
        "user": "U03BWRML2",
        "type": "message",
        "subtype": "channel_join",
        "text": "<@U03BWRML2|inks> has joined the channel",
        "ts": "1421192298.000005"
    },
    {
        "type": "message",
        "user": "U03BWRML2",
        "text": "( \u0361\u00b0 \u035c\u0296 \u0361\u00b0)",
        "ts": "1421192871.000006"
    },
    {
        "type": "message",
        "user": "U03BUNNPT",
        "text": "heyo",
        "ts": "1421193885.000007"
    },
    {
        "type": "message",
        "user": "U03BUNNPT",
        "text": "half the team's made it",
        "ts": "1421193888.000008"
    },
    {
        "type": "message",
        "user": "U03BWPJG0",
        "text": "how much are we supposed to present exactly",
        "ts": "1421194575.000009"
    },
    {
        "type": "message",
        "user": "U03BWPJG0",
        "text": "\"so we're doing this thing with bitwise operations\"",
        "ts": "1421194581.000010"
    },
    {
        "type": "message",
        "user": "U03BWPJG0",
        "text": "\"......\"",
        "ts": "1421194582.000011"
    },
    {
        "type": "message",
        "user": "U03BUNNPT",
        "text": "I guess talk about its relevance to CS",
        "ts": "1421195519.000012"
    },
    {
        "type": "message",
        "user": "U03BUNNPT",
        "text": "how we're doing it (e.g. with game levels or something)",
        "ts": "1421195530.000013"
    },
    {
        "type": "message",
        "user": "U03BUNNPT",
        "text": "what did he even say about the presentation? I wasn't really listening",
        "ts": "1421195548.000014"
    },
    {
        "type": "message",
        "user": "U03BWPJG0",
        "text": "basically nothing",
        "ts": "1421195609.000015"
    },
    {
        "type": "message",
        "user": "U03BUNNPT",
        "text": "great",
        "ts": "1421195621.000016"
    },
    {
        "type": "message",
        "user": "U03BUNNPT",
        "text": "ight I guess we can talk about ourselves too to kill time",
        "ts": "1421195642.000017"
    },
    {
        "type": "message",
        "user": "U03BUNNPT",
        "text": "gg no re",
        "ts": "1421195643.000018"
    },
    {
        "type": "message",
        "user": "U03BUNNPT",
        "text": "we'll just let eric shout a bunch",
        "ts": "1421195670.000019"
    },
    {
        "type": "message",
        "user": "U03BWRML2",
        "text": "Do we need a ppt?",
        "ts": "1421196326.000020"
    },
    {
        "type": "message",
        "user": "U03BWPJG0",
        "text": "i don't think so?",
        "ts": "1421196432.000021"
    },
    {
        "type": "message",
        "user": "U03BWPJG0",
        "text": "don't quote me on it",
        "ts": "1421196435.000022"
    },
    {
        "type": "message",
        "user": "U03BUNNPT",
        "text": "I think he said we can have slides",
        "ts": "1421196523.000023"
    },
    {
        "type": "message",
        "user": "U03BUNNPT",
        "text": "but that involves _effort_",
        "ts": "1421196529.000024"
    },
    {
        "type": "message",
        "user": "U03BWPJG0",
        "text": "copy our google doc into a single slide and put on some clipart :stuck_out_tongue:",
        "ts": "1421196597.000025"
    },
    {
        "type": "message",
        "user": "U03BWRML2",
        "text": ":thumbsup:",
        "ts": "1421196638.000026"
    },
    {
        "type": "message",
        "user": "U03BWRML2",
        "text": "Introduce to ultrathin ",
        "ts": "1421196727.000027"
    },
    {
        "user": "U03BXCW3W",
        "type": "message",
        "subtype": "channel_join",
        "text": "<@U03BXCW3W|catherine> has joined the channel",
        "ts": "1421196884.000028"
    },
    {
        "type": "message",
        "user": "U03BXCW3W",
        "text": "Did he mention when we will have the presentation?",
        "ts": "1421197185.000029"
    },
    {
        "type": "message",
        "user": "U03BUNNPT",
        "text": "next class",
        "ts": "1421197242.000030"
    },
    {
        "type": "message",
        "user": "U03BXCW3W",
        "text": "So... In class presentation?...",
        "ts": "1421197335.000031"
    },
    {
        "type": "message",
        "user": "U03BUNNPT",
        "text": "yeah",
        "ts": "1421197374.000032"
    },
    {
        "type": "message",
        "user": "U03BXCW3W",
        "text": "If we do need a ppt... Maybe I can help add some stuff to it... All about bitwise operation...",
        "ts": "1421197432.000033"
    },
    {
        "type": "message",
        "user": "U03BWPJG0",
        "text": "we probably need to flesh out the idea a bit more first",
        "ts": "1421197459.000034"
    },
    {
        "type": "message",
        "user": "U03BUNNPT",
        "text": "^",
        "ts": "1421197467.000035"
    },
    {
        "type": "message",
        "user": "U03BXCW3W",
        "text": "So... Are we doing brain storm in the google doc?",
        "ts": "1421197496.000036"
    },
    {
        "type": "message",
        "user": "U03BUNNPT",
        "text": "I guess so",
        "ts": "1421197565.000037"
    },
    {
        "type": "message",
        "user": "U03BXCW3W",
        "text": "I'll try 0w0",
        "ts": "1421197586.000038"
    },
    {
        "type": "message",
        "user": "U03BXCW3W",
        "text": "What I remember clearest about bitwise operation is how to change only one bit from 0 to 1 or 1 to 0... in CSC369A3!",
        "ts": "1421198287.000039"
    },
    {
        "type": "message",
        "user": "U03BWPJG0",
        "text": "lol figuring how to properly do bitwise operations took longer than the actual assignment for me",
        "ts": "1421198410.000040"
    },
    {
        "type": "message",
        "user": "U03BWPJG0",
        "text": "never again",
        "ts": "1421198430.000041"
    },
    {
        "type": "message",
        "user": "U03BXCW3W",
        "text": "I can't agree anymore... T T",
        "ts": "1421198674.000042"
    },
    {
        "type": "message",
        "user": "U03BWPJG0",
        "text": "I actually enjoyed the rest of 369 though :(",
        "ts": "1421198727.000043"
    },
    {
        "type": "message",
        "user": "U03BWRML2",
        "text": "it was fun",
        "ts": "1421198873.000044"
    },
    {
        "type": "message",
        "user": "U03BXCW3W",
        "text": "I feel that File System is not that hard and A3 is not hard to understand, BUT there's TOO MUCH work to do in A3! ALL ABOUT THE BITS!!!",
        "ts": "1421198936.000045"
    },
    {
        "type": "message",
        "user": "U03BUNNPT",
        "text": "I spent 3 days on it",
        "ts": "1421198959.000046"
    },
    {
        "type": "message",
        "user": "U03BUNNPT",
        "text": "#yolo",
        "ts": "1421198962.000047"
    },
    {
        "type": "message",
        "user": "U03BWPJG0",
        "text": "almost used a cr\/ncr on that course just because of A3 lol",
        "ts": "1421199104.000048"
    },
    {
        "type": "message",
        "user": "U03BWPJG0",
        "text": "by that time it was too late to use one anyway",
        "ts": "1421199111.000049"
    },
    {
        "type": "message",
        "user": "U03BWPJG0",
        "text": "\u00af\\_(\u30c4)_\/\u00af",
        "edited": {
            "user": "U03BWPJG0",
            "ts": "1421199312.000000"
        },
        "ts": "1421199111.000050"
    },
    {
        "type": "message",
        "user": "U03BUNNPT",
        "text": "Are you doing a major?",
        "ts": "1421199188.000051"
    },
    {
        "type": "message",
        "user": "U03BWPJG0",
        "text": "yeah",
        "ts": "1421199237.000052"
    },
    {
        "type": "message",
        "user": "U03BWRML2",
        "text": "wolo",
        "ts": "1421199403.000054"
    },
    {
        "type": "message",
        "user": "U03BXCW3W",
        "text": "Why did you choose to take CSC369 for major... That was the most time-consuming course I have ever taken...",
        "ts": "1421199420.000055"
    },
    {
        "type": "message",
        "user": "U03BWPJG0",
        "text": "I dunno, it sounded like a useful course at the time",
        "ts": "1421199503.000056"
    },
    {
        "type": "message",
        "user": "U03BWPJG0",
        "text": "not sure how useful it will be, but it was a good thing to know",
        "ts": "1421199512.000057"
    },
    {
        "type": "message",
        "user": "U03BWPJG0",
        "text": "I think",
        "ts": "1421199514.000058"
    },
    {
        "type": "message",
        "user": "U03BUNNPT",
        "text": "It's come up during interviews  for me",
        "ts": "1421199552.000059"
    },
    {
        "type": "message",
        "user": "U03BWPJG0",
        "text": "I mean, there's a reason they make specialists take it",
        "ts": "1421199630.000060"
    },
    {
        "type": "message",
        "user": "U03BXCW3W",
        "text": "You're right... Although I prefer other programming aspects",
        "ts": "1421199759.000061"
    },
    {
        "type": "message",
        "user": "U03BWPJG0",
        "text": "like 301? :P",
        "ts": "1421199798.000062"
    },
    {
        "type": "message",
        "user": "U03BXCW3W",
        "text": "Not so far... I still have no idea what we are learning in the lectures...",
        "ts": "1421199847.000063"
    },
    {
        "type": "message",
        "user": "U03BXCW3W",
        "text": "But I think it will be fun later : )",
        "ts": "1421199868.000064"
    },
    {
        "type": "message",
        "user": "U03BUNNPT",
        "text": "Apparently git",
        "ts": "1421199876.000065"
    },
    {
        "type": "message",
        "user": "U03BWPJG0",
        "text": "that was half sarcasm",
        "ts": "1421199882.000066"
    },
    {
        "type": "message",
        "user": "U03BWPJG0",
        "text": "wouldn't be taking this course if I were doing PEY",
        "ts": "1421199890.000067"
    },
    {
        "type": "message",
        "user": "U03BWPJG0",
        "text": "it's so disorganized D:",
        "ts": "1421199902.000068"
    },
    {
        "type": "message",
        "user": "U03BWPJG0",
        "text": "I fear for the final",
        "ts": "1421199924.000069"
    },
    {
        "type": "message",
        "user": "U03BUNNPT",
        "text": "I'm just taking it as a bird, kinda",
        "ts": "1421199971.000070"
    },
    {
        "type": "message",
        "user": "U03BXCW3W",
        "text": "I feel like he doesn't need to show us how to practice git in class... We can do that on our own",
        "ts": "1421199974.000071"
    },
    {
        "type": "message",
        "user": "U03BUNNPT",
        "text": "I don't think this course satisfies any of my requirements",
        "ts": "1421199985.000072"
    },
    {
        "type": "message",
        "user": "U03BWPJG0",
        "text": "lol you can take 302",
        "ts": "1421200007.000073"
    },
    {
        "type": "message",
        "user": "U03BWPJG0",
        "text": "he didn't even really show us how to practice git",
        "ts": "1421200013.000074"
    },
    {
        "type": "message",
        "user": "U03BXCW3W",
        "text": "It's the requirement for focus in Game Design.",
        "ts": "1421200015.000075"
    },
    {
        "type": "message",
        "user": "U03BWPJG0",
        "text": "he just kind of rambled with the git cheat sheet in the background",
        "ts": "1421200023.000076"
    },
    {
        "type": "message",
        "user": "U03BXCW3W",
        "text": "That's TRUE... So far I feel that I have learned nothing serious yet...",
        "ts": "1421200075.000077"
    },
    {
        "type": "message",
        "user": "U03BWPJG0",
        "text": "something something building a swing",
        "ts": "1421200091.000078"
    },
    {
        "type": "message",
        "user": "U03BXCW3W",
        "text": "LOL",
        "ts": "1421200121.000079"
    },
    {
        "type": "message",
        "user": "U03BWRML2",
        "text": "<http:\/\/www.reddit.com\/r\/UofT\/comments\/2s0s87\/kicked_out_from_the_house\/>",
        "attachments": [
            {
                "service_name": "reddit",
                "title": "Kicked out from the house \u2022 \/r\/UofT",
                "title_link": "http:\/\/www.reddit.com\/r\/UofT\/comments\/2s0s87\/kicked_out_from_the_house\/",
                "text": "Hi, I am a 3rd year student at U of T majoring in Human Biology. I have had a bit of a rollercoaster ride during my 3 years at U of Tears but...",
                "fallback": "reddit: Kicked out from the house \u2022 \/r\/UofT",
                "thumb_url": "http:\/\/www.redditstatic.com\/icon.png",
                "from_url": "http:\/\/www.reddit.com\/r\/UofT\/comments\/2s0s87\/kicked_out_from_the_house\/",
                "thumb_width": 256,
                "thumb_height": 256,
                "id": 1
            }
        ],
        "ts": "1421206116.000080"
    },
    {
        "type": "message",
        "user": "U03BUNNPT",
        "text": "lol I saw that",
        "ts": "1421206786.000082"
    },
    {
        "type": "message",
        "user": "U03BWPJG0",
        "text": "you're not posting the good stuff",
        "ts": "1421206998.000083"
    },
    {
        "type": "message",
        "user": "U03BWPJG0",
        "text": "<http:\/\/www.reddit.com\/r\/UofT\/comments\/2scywy\/superior_history_major_challenges_inferior_ce_and\/>",
        "attachments": [
            {
                "service_name": "reddit",
                "title": "Superior History Major Challenges Inferior CE and CS... \u2022 \/r\/UofT",
                "title_link": "http:\/\/www.reddit.com\/r\/UofT\/comments\/2scywy\/superior_history_major_challenges_inferior_ce_and\/",
                "text": "Listen you chump CE and CS majors. I'm challenging you to a music contest. I'm willing to challenge any inferior CE or CS majors. I will use any...",
                "fallback": "reddit: Superior History Major Challenges Inferior CE and CS... \u2022 \/r\/UofT",
                "thumb_url": "http:\/\/www.redditstatic.com\/icon.png",
                "from_url": "http:\/\/www.reddit.com\/r\/UofT\/comments\/2scywy\/superior_history_major_challenges_inferior_ce_and\/",
                "thumb_width": 256,
                "thumb_height": 256,
                "id": 1
            }
        ],
        "ts": "1421206999.000084"
    },
    {
        "type": "message",
        "user": "U03BWRML2",
        "text": "yay",
        "ts": "1421207075.000086"
    },
    {
        "type": "message",
        "user": "U03BWRML2",
        "text": "i know a guy is doing double major on CS and music",
        "ts": "1421207139.000087"
    },
    {
        "type": "message",
        "user": "U03BWRML2",
        "text": "time to fight",
        "ts": "1421207144.000088"
    },
    {
        "type": "message",
        "user": "U03BUNNPT",
        "text": "get rekt",
        "ts": "1421207245.000089"
    },
    {
        "type": "message",
        "user": "U03BUNNPT",
        "text": "oh lawdy they're finally setting up git repos for us",
        "edited": {
            "user": "U03BUNNPT",
            "ts": "1421211661.000000"
        },
        "ts": "1421211658.000090"
    },
    {
        "type": "message",
        "user": "U03BWRML2",
        "text": "aw",
        "ts": "1421211755.000092"
    },
    {
        "type": "message",
        "user": "U03BWPJG0",
        "text": "I was legit expecting us to go through half the semester before they set it up lol",
        "ts": "1421211809.000093"
    },
    {
        "type": "message",
        "user": "U03BWRML2",
        "text": "dats for mini ex i think",
        "ts": "1421212175.000094"
    },
    {
        "user": "U03BX7SQ1",
        "type": "message",
        "subtype": "channel_join",
        "text": "<@U03BX7SQ1|sharon> has joined the channel",
        "ts": "1421216177.000095"
    }
]