[
    {
        "type": "message",
        "user": "U03C9PL8U",
        "text": "<!group> We have a guest lecture happening with the 302 class in MP202 today",
        "ts": "1425328089.000151"
    },
    {
        "type": "message",
        "user": "U03BURB6R",
        "text": "Are we meeting after",
        "ts": "1425328318.000152"
    },
    {
        "type": "message",
        "user": "U03BURB6R",
        "text": "Actually the TA won't be there so fuck it I'm going home",
        "ts": "1425328418.000153"
    },
    {
        "type": "message",
        "user": "U03BWRML2",
        "text": ":stuck_out_tongue_winking_eye:",
        "ts": "1425329240.000154"
    },
    {
        "type": "message",
        "user": "U03C8TPEQ",
        "text": "we have to do  a scrum though",
        "ts": "1425333041.000155"
    },
    {
        "type": "message",
        "user": "U03BWRML2",
        "text": "So scrum at 8 or earlier?",
        "ts": "1425333654.000156"
    },
    {
        "type": "message",
        "user": "U03BWPJG0",
        "text": "well, depends how long the lecture is",
        "ts": "1425333736.000157"
    },
    {
        "type": "message",
        "user": "U03BWRML2",
        "text": "So no skipping ",
        "ts": "1425333967.000158"
    },
    {
        "type": "message",
        "user": "U03BWRML2",
        "text": ": o",
        "ts": "1425333973.000159"
    },
    {
        "type": "message",
        "user": "U03C9PL8U",
        "text": "<!group> turns out tutorials arent canceled for this course",
        "ts": "1425338507.000160"
    },
    {
        "type": "message",
        "user": "U03BXCW3W",
        "text": "Do we have to go back to BA for the SCRUM meeting?",
        "ts": "1425338628.000161"
    },
    {
        "type": "message",
        "user": "U03C9PL8U",
        "text": "looks like it",
        "ts": "1425338644.000162"
    },
    {
        "type": "message",
        "user": "U03BWPJG0",
        "text": "we can steal the physics lounge maybe, if it's empty enough",
        "edited": {
            "user": "U03BWPJG0",
            "ts": "1425338661.000000"
        },
        "ts": "1425338656.000163"
    },
    {
        "type": "message",
        "user": "U03BUNNPT",
        "text": ":thumbsup: ",
        "ts": "1425339772.000165"
    },
    {
        "type": "message",
        "user": "U03BURB6R",
        "text": "Alright well I'm at the cssu if we're meeting",
        "edited": {
            "user": "U03BURB6R",
            "ts": "1425341345.000000"
        },
        "ts": "1425341339.000166"
    },
    {
        "type": "message",
        "subtype": "file_share",
        "text": "<@U03BUNNPT|arkon> uploaded a file: <https:\/\/ultrathins.slack.com\/files\/arkon\/F03SHUPFL\/pasted_image_at_2015_03_02_20_37.png|Pasted image at 2015-03-02, 20:37>",
        "file": {
            "id": "F03SHUPFL",
            "created": 1425346677,
            "timestamp": 1425346677,
            "name": "Pasted image at 2015_03_02 20_37.png",
            "title": "Pasted image at 2015-03-02, 20:37",
            "mimetype": "image\/png",
            "filetype": "png",
            "pretty_type": "PNG",
            "user": "U03BUNNPT",
            "editable": false,
            "size": 114242,
            "mode": "hosted",
            "is_external": false,
            "external_type": "",
            "is_public": true,
            "public_url_shared": false,
            "url": "https:\/\/slack-files.com\/files-pub\/T03BUNNPM-F03SHUPFL-57b474e325\/pasted_image_at_2015_03_02_20_37.png",
            "url_download": "https:\/\/slack-files.com\/files-pub\/T03BUNNPM-F03SHUPFL-57b474e325\/download\/pasted_image_at_2015_03_02_20_37.png",
            "url_private": "https:\/\/files.slack.com\/files-pri\/T03BUNNPM-F03SHUPFL\/pasted_image_at_2015_03_02_20_37.png",
            "url_private_download": "https:\/\/files.slack.com\/files-pri\/T03BUNNPM-F03SHUPFL\/download\/pasted_image_at_2015_03_02_20_37.png",
            "thumb_64": "https:\/\/slack-files.com\/files-tmb\/T03BUNNPM-F03SHUPFL-52b38cb62f\/pasted_image_at_2015_03_02_20_37_64.png",
            "thumb_80": "https:\/\/slack-files.com\/files-tmb\/T03BUNNPM-F03SHUPFL-52b38cb62f\/pasted_image_at_2015_03_02_20_37_80.png",
            "thumb_360": "https:\/\/slack-files.com\/files-tmb\/T03BUNNPM-F03SHUPFL-52b38cb62f\/pasted_image_at_2015_03_02_20_37_360.png",
            "thumb_360_w": 360,
            "thumb_360_h": 309,
            "thumb_160": "https:\/\/slack-files.com\/files-tmb\/T03BUNNPM-F03SHUPFL-52b38cb62f\/pasted_image_at_2015_03_02_20_37_160.png",
            "image_exif_rotation": 1,
            "permalink": "https:\/\/ultrathins.slack.com\/files\/arkon\/F03SHUPFL\/pasted_image_at_2015_03_02_20_37.png",
            "permalink_public": "https:\/\/slack-files.com\/T03BUNNPM-F03SHUPFL-57b474e325",
            "channels": [
                "C03BUNNQR"
            ],
            "groups": [],
            "ims": [],
            "comments_count": 0
        },
        "user": "U03BUNNPT",
        "upload": true,
        "ts": "1425346679.000002"
    },
    {
        "type": "message",
        "subtype": "file_share",
        "text": "<@U03BUNNPT|arkon> uploaded a file: <https:\/\/ultrathins.slack.com\/files\/arkon\/F03SHUQ9L\/pasted_image_at_2015_03_02_20_38.png|Pasted image at 2015-03-02, 20:38>",
        "file": {
            "id": "F03SHUQ9L",
            "created": 1425346688,
            "timestamp": 1425346688,
            "name": "Pasted image at 2015_03_02 20_38.png",
            "title": "Pasted image at 2015-03-02, 20:38",
            "mimetype": "image\/png",
            "filetype": "png",
            "pretty_type": "PNG",
            "user": "U03BUNNPT",
            "editable": false,
            "size": 45225,
            "mode": "hosted",
            "is_external": false,
            "external_type": "",
            "is_public": true,
            "public_url_shared": false,
            "url": "https:\/\/slack-files.com\/files-pub\/T03BUNNPM-F03SHUQ9L-55216f70a4\/pasted_image_at_2015_03_02_20_38.png",
            "url_download": "https:\/\/slack-files.com\/files-pub\/T03BUNNPM-F03SHUQ9L-55216f70a4\/download\/pasted_image_at_2015_03_02_20_38.png",
            "url_private": "https:\/\/files.slack.com\/files-pri\/T03BUNNPM-F03SHUQ9L\/pasted_image_at_2015_03_02_20_38.png",
            "url_private_download": "https:\/\/files.slack.com\/files-pri\/T03BUNNPM-F03SHUQ9L\/download\/pasted_image_at_2015_03_02_20_38.png",
            "thumb_64": "https:\/\/slack-files.com\/files-tmb\/T03BUNNPM-F03SHUQ9L-94a95024d1\/pasted_image_at_2015_03_02_20_38_64.png",
            "thumb_80": "https:\/\/slack-files.com\/files-tmb\/T03BUNNPM-F03SHUQ9L-94a95024d1\/pasted_image_at_2015_03_02_20_38_80.png",
            "thumb_360": "https:\/\/slack-files.com\/files-tmb\/T03BUNNPM-F03SHUQ9L-94a95024d1\/pasted_image_at_2015_03_02_20_38_360.png",
            "thumb_360_w": 360,
            "thumb_360_h": 176,
            "thumb_160": "https:\/\/slack-files.com\/files-tmb\/T03BUNNPM-F03SHUQ9L-94a95024d1\/pasted_image_at_2015_03_02_20_38_160.png",
            "image_exif_rotation": 1,
            "permalink": "https:\/\/ultrathins.slack.com\/files\/arkon\/F03SHUQ9L\/pasted_image_at_2015_03_02_20_38.png",
            "permalink_public": "https:\/\/slack-files.com\/T03BUNNPM-F03SHUQ9L-55216f70a4",
            "channels": [
                "C03BUNNQR"
            ],
            "groups": [],
            "ims": [],
            "comments_count": 0
        },
        "user": "U03BUNNPT",
        "upload": true,
        "ts": "1425346690.000003"
    }
]