[
    {
        "type": "message",
        "user": "U03BXCW3W",
        "text": "Could someone tell me what appendix for UI mockups mean?... I couldn't find any information about it in lecture slides : (",
        "ts": "1422975910.000002"
    },
    {
        "type": "message",
        "user": "U03BWPJG0",
        "text": "it's a mock picture of what your product will look like",
        "edited": {
            "user": "U03BWPJG0",
            "ts": "1422976095.000000"
        },
        "ts": "1422976013.000003"
    },
    {
        "type": "message",
        "user": "U03BWPJG0",
        "text": "UI-wise",
        "ts": "1422976015.000004"
    },
    {
        "type": "message",
        "user": "U03BXCW3W",
        "text": "But... What does appendix mean in this case?",
        "ts": "1422976097.000007"
    },
    {
        "type": "message",
        "user": "U03BWPJG0",
        "text": "I guess they just want you to put it at the end",
        "ts": "1422976126.000008"
    },
    {
        "type": "message",
        "user": "U03BXCW3W",
        "text": "Do we only need one scream for that?",
        "ts": "1422976127.000009"
    },
    {
        "type": "message",
        "user": "U03BWPJG0",
        "text": "dunno why they'd want the section to be named \"appendix\"",
        "ts": "1422976136.000010"
    },
    {
        "type": "message",
        "user": "U03BXCW3W",
        "text": "Sorry for typo... Screen...",
        "ts": "1422976143.000011"
    },
    {
        "type": "message",
        "user": "U03BWPJG0",
        "text": "I don't know, it depends on the nature of your project I think",
        "ts": "1422976185.000012"
    },
    {
        "type": "message",
        "user": "U03BXCW3W",
        "text": "Hmm, thanks Christina :grin: I'll think about it",
        "ts": "1422976252.000013"
    },
    {
        "type": "message",
        "user": "U03BXCW3W",
        "text": "So we're gonna use pictures instead of text to describe the UI mockup, right?",
        "ts": "1422976303.000014"
    },
    {
        "type": "message",
        "user": "U03BWPJG0",
        "text": "yeah",
        "ts": "1422976309.000015"
    },
    {
        "type": "message",
        "user": "U03BWPJG0",
        "text": "I think Eugene was working on it",
        "ts": "1422976309.000016"
    },
    {
        "type": "message",
        "user": "U03BXCW3W",
        "text": "Well... I really want to see if there's anything I can do to help him :sob:",
        "ts": "1422976360.000017"
    },
    {
        "type": "message",
        "user": "U03BXCW3W",
        "text": "I may discuss with him...",
        "ts": "1422976375.000018"
    },
    {
        "type": "message",
        "user": "U03BWPJG0",
        "text": "yeah <@U03BUNNPT> let us know if we can do anything to help",
        "ts": "1422976421.000019"
    },
    {
        "type": "message",
        "user": "U03BWPJG0",
        "text": "I've got some experience with photoshop and illustrator :stuck_out_tongue: just can't design worth a damn",
        "ts": "1422976456.000020"
    },
    {
        "type": "message",
        "user": "U03BUNNPT",
        "text": "You guys can do mockups if you want",
        "edited": {
            "user": "U03BUNNPT",
            "ts": "1422976466.000000"
        },
        "ts": "1422976460.000021"
    },
    {
        "type": "message",
        "user": "U03BWPJG0",
        "text": "I don't think we even have consensus to what format the project's going to take yet",
        "ts": "1422976526.000023"
    },
    {
        "type": "message",
        "user": "U03BUNNPT",
        "text": "You'd basically need screens that show the categories, level selector, a level with the \"lesson\" and input box, maybe a profile page with the user info",
        "ts": "1422976546.000024"
    },
    {
        "type": "message",
        "user": "U03BXCW3W",
        "text": "Hi Christina, how about we divide the job?",
        "ts": "1422976675.000025"
    },
    {
        "type": "message",
        "user": "U03BUNNPT",
        "text": "Basically just need to encompass the features described in the user stories and stuff",
        "ts": "1422976781.000026"
    },
    {
        "type": "message",
        "user": "U03BXCW3W",
        "text": "I can do either the profile page or main page:blush:... I learned some Photoshop before... But I uninstalled Photoshop :'(",
        "ts": "1422976801.000027"
    },
    {
        "type": "message",
        "user": "U03BWPJG0",
        "text": "<@U03BXCW3W>: hah well, I have no sense of design so",
        "ts": "1422976806.000028"
    },
    {
        "type": "message",
        "user": "U03BWPJG0",
        "text": "when I say \"experience with photoshop\" I basically mean r\/photoshopbattles",
        "ts": "1422976809.000029"
    },
    {
        "type": "message",
        "user": "U03BWPJG0",
        "text": "do you want to do a draft?",
        "ts": "1422976814.000030"
    },
    {
        "type": "message",
        "user": "U03BXCW3W",
        "text": "Sure! Thanks Eugene",
        "ts": "1422976820.000031"
    },
    {
        "type": "message",
        "user": "U03BXCW3W",
        "text": "I may use other tool instead of Photoshop... I unsubscribed it...",
        "ts": "1422976861.000032"
    },
    {
        "type": "message",
        "user": "U03BWPJG0",
        "text": "I have photoshop",
        "ts": "1422976873.000033"
    },
    {
        "type": "message",
        "user": "U03BWPJG0",
        "text": "can just use mine",
        "ts": "1422976880.000034"
    },
    {
        "type": "message",
        "user": "U03BWPJG0",
        "text": "and well...if you ever need it...we live like 5 min away from each other LOL",
        "ts": "1422976890.000035"
    },
    {
        "type": "message",
        "user": "U03BXCW3W",
        "text": "You're right!!!",
        "ts": "1422976906.000036"
    },
    {
        "type": "message",
        "user": "U03BXCW3W",
        "text": "Oh god, is it due Thursday night?",
        "ts": "1422976928.000037"
    },
    {
        "type": "message",
        "user": "U03BUNNPT",
        "text": "You guys can draw mockups on paper first lol",
        "ts": "1422976948.000038"
    },
    {
        "type": "message",
        "user": "U03BUNNPT",
        "text": "And if anything, just do wireframes",
        "ts": "1422976978.000039"
    },
    {
        "type": "message",
        "user": "U03BXCW3W",
        "text": "That's what I'm planning to do right now....",
        "ts": "1422976985.000040"
    },
    {
        "type": "message",
        "user": "U03BXCW3W",
        "text": "I really hope I have time to make it more beautiful using PS...",
        "ts": "1422977018.000041"
    },
    {
        "type": "message",
        "user": "U03BWPJG0",
        "text": "everything I draw looks like ketchup on a plate so :sweat: I don't feel like drafting",
        "ts": "1422977074.000042"
    },
    {
        "type": "message",
        "user": "U03BXCW3W",
        "text": "ToT I can do drafting~ I'll finish it before Thursday",
        "ts": "1422977098.000043"
    },
    {
        "type": "message",
        "user": "U03BXCW3W",
        "text": "And I'm all available for Thursday except morning, if you want to implement the drafts on PS... <@U03BWPJG0>",
        "ts": "1422977154.000044"
    },
    {
        "type": "message",
        "user": "U03BWPJG0",
        "text": "not sure how much time it'll take...hope Thursday would be enough",
        "ts": "1422977250.000045"
    },
    {
        "type": "message",
        "user": "U03BWPJG0",
        "text": "I've got 3 assignments due Thursday lol",
        "ts": "1422977266.000046"
    },
    {
        "type": "message",
        "user": "U03BWPJG0",
        "text": "other than that I don't have class Thursday so, free to work basically all day",
        "ts": "1422977345.000047"
    },
    {
        "type": "message",
        "user": "U03BXCW3W",
        "text": "I'll make my drafts on paper neat and clean in case we don't have time to do it in PS",
        "ts": "1422977352.000048"
    },
    {
        "type": "message",
        "user": "U03BWPJG0",
        "text": "wireframes would be faster if there's no time to get there",
        "ts": "1422977401.000049"
    },
    {
        "type": "message",
        "user": "U03BXCW3W",
        "text": "Although I feel like designing an app may be much easier than a website...",
        "ts": "1422977408.000050"
    },
    {
        "type": "message",
        "user": "U03BUNNPT",
        "text": "It isn't a terribly different thing asides from screen size",
        "ts": "1422977442.000051"
    },
    {
        "type": "message",
        "user": "U03BWPJG0",
        "text": "think of it as a wide app I suppose",
        "ts": "1422977448.000052"
    },
    {
        "type": "message",
        "user": "U03BUNNPT",
        "text": "Websites are easier since you don't need to figure out how to cram stuff into a small space",
        "ts": "1422977466.000053"
    },
    {
        "type": "message",
        "user": "U03BXCW3W",
        "text": "Hahaha, I'll try",
        "ts": "1422977478.000054"
    },
    {
        "type": "message",
        "user": "U03BWPJG0",
        "text": "<@U03BXCW3W>: do you want to meet up Thursday then?",
        "ts": "1422977503.000055"
    },
    {
        "type": "message",
        "user": "U03BXCW3W",
        "text": "Sure, I will be available after 12pm",
        "ts": "1422977656.000056"
    },
    {
        "type": "message",
        "user": "U03BWPJG0",
        "text": "where do you want to meet?",
        "ts": "1422977703.000057"
    },
    {
        "type": "message",
        "user": "U03BWPJG0",
        "text": "aka \"do I have to clean my apartment or not\"",
        "ts": "1422977709.000058"
    },
    {
        "type": "message",
        "user": "U03BXCW3W",
        "text": "Haha, I really don't mind but my apartment is not that neat as well",
        "ts": "1422977742.000059"
    },
    {
        "type": "message",
        "user": "U03BXCW3W",
        "text": "We can meet at the library as well",
        "ts": "1422977757.000060"
    },
    {
        "type": "message",
        "user": "U03BWPJG0",
        "text": "oh right, there's the library",
        "ts": "1422977797.000061"
    },
    {
        "type": "message",
        "user": "U03BWPJG0",
        "text": "I figure that's a further walk for you",
        "ts": "1422977804.000062"
    },
    {
        "type": "message",
        "user": "U03BWPJG0",
        "text": "I don't mind meeting at my place but",
        "ts": "1422977811.000063"
    },
    {
        "type": "message",
        "user": "U03BXCW3W",
        "text": "It's within a block!",
        "ts": "1422977815.000064"
    },
    {
        "type": "message",
        "user": "U03BWPJG0",
        "text": "I have pet rats, if you're ok with that",
        "ts": "1422977817.000065"
    },
    {
        "type": "message",
        "user": "U03BXCW3W",
        "text": "Oh my!!! I really want to take a look!",
        "ts": "1422977836.000066"
    },
    {
        "type": "message",
        "user": "U03BXCW3W",
        "text": "They must be so cuuuuuuuuuuute",
        "ts": "1422977842.000067"
    },
    {
        "type": "message",
        "user": "U03BXCW3W",
        "text": "I can meet you at your place. Btw, I'm planning to use Balsamiq to design",
        "ts": "1422977892.000068"
    },
    {
        "type": "message",
        "user": "U03BXCW3W",
        "text": "<http:\/\/balsamiq.com\/>",
        "ts": "1422977904.000069"
    },
    {
        "type": "message",
        "user": "U03BWPJG0",
        "text": "huh, most people tell me their tails are disgusting :stuck_out_tongue:",
        "ts": "1422977908.000070"
    },
    {
        "type": "message",
        "user": "U03BWPJG0",
        "text": "<https:\/\/fbcdn-sphotos-f-a.akamaihd.net\/hphotos-ak-xap1\/v\/t1.0-9\/10447619_10204043332339936_8051233346493164440_n.jpg?oh=8a2482913a15c2b38ce8cab48fea0b60&amp;oe=5553A40D&amp;__gda__=1430954584_43569e72931e4c4588d48b2a782f03ba>",
        "attachments": [
            {
                "from_url": "https:\/\/fbcdn-sphotos-f-a.akamaihd.net\/hphotos-ak-xap1\/v\/t1.0-9\/10447619_10204043332339936_8051233346493164440_n.jpg?oh=8a2482913a15c2b38ce8cab48fea0b60&oe=5553A40D&__gda__=1430954584_43569e72931e4c4588d48b2a782f03ba",
                "fallback": "960x638px image",
                "image_url": "https:\/\/fbcdn-sphotos-f-a.akamaihd.net\/hphotos-ak-xap1\/v\/t1.0-9\/10447619_10204043332339936_8051233346493164440_n.jpg?oh=8a2482913a15c2b38ce8cab48fea0b60&oe=5553A40D&__gda__=1430954584_43569e72931e4c4588d48b2a782f03ba",
                "image_width": 960,
                "image_height": 638,
                "image_bytes": 66715,
                "id": 1
            }
        ],
        "ts": "1422977913.000071"
    },
    {
        "type": "message",
        "user": "U03BWPJG0",
        "text": "anyway, off topic",
        "ts": "1422977920.000073"
    },
    {
        "type": "message",
        "user": "U03BXCW3W",
        "text": "= = Some people just don't like rats...",
        "ts": "1422977940.000074"
    },
    {
        "type": "message",
        "user": "U03BUNNPT",
        "text": "I think they're cute \u00af\\_(\u30c4)_\/\u00af ",
        "ts": "1422978018.000075"
    },
    {
        "type": "message",
        "user": "U03BWPJG0",
        "text": ":D",
        "ts": "1422978106.000076"
    },
    {
        "type": "message",
        "user": "U03BWPJG0",
        "text": "all my bio friends tell me about the experiments they do on rats in their labs :(",
        "ts": "1422978112.000077"
    },
    {
        "type": "message",
        "user": "U03BXCW3W",
        "text": "Well... that's different...",
        "ts": "1422978241.000078"
    },
    {
        "type": "message",
        "user": "U03BWPJG0",
        "text": "it's just funny, if they don't dislike them then they want to cut them open",
        "edited": {
            "user": "U03BWPJG0",
            "ts": "1422978629.000000"
        },
        "ts": "1422978535.000079"
    },
    {
        "type": "message",
        "user": "U03BXCW3W",
        "text": "Don't remind me of the bloody image  QAQ... Although I haven't done any lab like that... I could picture it!",
        "ts": "1422978673.000081"
    },
    {
        "type": "message",
        "user": "U03BWRML2",
        "text": "We need mockups for every page?",
        "ts": "1422980240.000082"
    },
    {
        "type": "message",
        "user": "U03BWRML2",
        "text": "Main; profile; level selector should be a pop up? Categories(and, or, not...);",
        "ts": "1422980526.000083"
    },
    {
        "type": "message",
        "user": "U03BUNNPT",
        "text": "I was thinking categories as \"bitwise operations\" and \"base conversion\"",
        "ts": "1422980723.000084"
    },
    {
        "type": "message",
        "user": "U03BUNNPT",
        "text": "and the levels of bitwise ops would go through the and\/or\/not\/xor stuff progressively",
        "ts": "1422980736.000085"
    },
    {
        "type": "message",
        "user": "U03BWRML2",
        "text": "Ah ",
        "ts": "1422980927.000086"
    },
    {
        "type": "message",
        "user": "U03BWRML2",
        "text": "Ok",
        "ts": "1422980931.000087"
    },
    {
        "type": "message",
        "user": "U03BUNNPT",
        "text": "it's up for debate though",
        "ts": "1422980947.000088"
    },
    {
        "type": "message",
        "subtype": "file_share",
        "text": "<@U03BXCW3W|catherine> uploaded a file: <https:\/\/ultrathins.slack.com\/files\/catherine\/F03HRQWQG\/ui_mockup.png|Home.png>",
        "file": {
            "id": "F03HRQWQG",
            "created": 1422980965,
            "timestamp": 1422980965,
            "name": "UI mockup.png",
            "title": "Home.png",
            "mimetype": "image\/png",
            "filetype": "png",
            "pretty_type": "PNG",
            "user": "U03BXCW3W",
            "editable": false,
            "size": 44701,
            "mode": "hosted",
            "is_external": false,
            "external_type": "",
            "is_public": true,
            "public_url_shared": false,
            "url": "https:\/\/slack-files.com\/files-pub\/T03BUNNPM-F03HRQWQG-d24c723c37\/ui_mockup.png",
            "url_download": "https:\/\/slack-files.com\/files-pub\/T03BUNNPM-F03HRQWQG-d24c723c37\/download\/ui_mockup.png",
            "url_private": "https:\/\/files.slack.com\/files-pri\/T03BUNNPM-F03HRQWQG\/ui_mockup.png",
            "url_private_download": "https:\/\/files.slack.com\/files-pri\/T03BUNNPM-F03HRQWQG\/download\/ui_mockup.png",
            "thumb_64": "https:\/\/slack-files.com\/files-tmb\/T03BUNNPM-F03HRQWQG-ef1a6b6398\/ui_mockup_64.png",
            "thumb_80": "https:\/\/slack-files.com\/files-tmb\/T03BUNNPM-F03HRQWQG-ef1a6b6398\/ui_mockup_80.png",
            "thumb_360": "https:\/\/slack-files.com\/files-tmb\/T03BUNNPM-F03HRQWQG-ef1a6b6398\/ui_mockup_360.png",
            "thumb_360_w": 360,
            "thumb_360_h": 283,
            "thumb_160": "https:\/\/slack-files.com\/files-tmb\/T03BUNNPM-F03HRQWQG-ef1a6b6398\/ui_mockup_160.png",
            "image_exif_rotation": 1,
            "permalink": "https:\/\/ultrathins.slack.com\/files\/catherine\/F03HRQWQG\/ui_mockup.png",
            "permalink_public": "https:\/\/slack-files.com\/T03BUNNPM-F03HRQWQG-d24c723c37",
            "channels": [
                "C03BUNNQR"
            ],
            "groups": [],
            "ims": [],
            "comments_count": 0
        },
        "user": "U03BXCW3W",
        "upload": true,
        "ts": "1422980967.000089"
    },
    {
        "type": "message",
        "user": "U03BXCW3W",
        "text": "Does it look ugly....?",
        "ts": "1422980979.000090"
    },
    {
        "type": "message",
        "user": "U03BXCW3W",
        "text": "That's just a home page...",
        "ts": "1422980990.000091"
    },
    {
        "type": "message",
        "user": "U03BXCW3W",
        "text": "If it's fine I'll continue making other pages...",
        "ts": "1422981007.000092"
    },
    {
        "type": "message",
        "user": "U03BWRML2",
        "text": "I will help u after finish my 373 ex ",
        "ts": "1422981049.000093"
    },
    {
        "type": "message",
        "user": "U03BXCW3W",
        "text": "Sure TAT... I probably need some feedback...",
        "ts": "1422981072.000094"
    },
    {
        "type": "message",
        "user": "U03BXCW3W",
        "text": "It's my FIRST time doing design...",
        "ts": "1422981084.000095"
    },
    {
        "type": "message",
        "user": "U03BUNNPT",
        "text": "uh it's alright",
        "ts": "1422981142.000096"
    },
    {
        "type": "message",
        "user": "U03BUNNPT",
        "text": "is there an option to not use that weird drawing style?",
        "ts": "1422981154.000097"
    },
    {
        "type": "message",
        "user": "U03BXCW3W",
        "text": "Not for this tool...",
        "ts": "1422981205.000098"
    },
    {
        "type": "message",
        "user": "U03BXCW3W",
        "text": "I'll search for other software...",
        "ts": "1422981227.000099"
    },
    {
        "type": "message",
        "user": "U03BWRML2",
        "text": "Follow the Eugene web style XD ",
        "ts": "1422981289.000100"
    },
    {
        "type": "message",
        "user": "U03BUNNPT",
        "text": "<https:\/\/wireframe.cc\/>",
        "ts": "1422981312.000101"
    },
    {
        "type": "message",
        "user": "U03BUNNPT",
        "text": "?",
        "ts": "1422981313.000102"
    },
    {
        "type": "message",
        "user": "U03BXCW3W",
        "text": "Great! Thanks!",
        "ts": "1422981345.000103"
    },
    {
        "type": "message",
        "user": "U03BWRML2",
        "text": "Nice site ",
        "ts": "1422981419.000104"
    },
    {
        "type": "message",
        "user": "U03BXCW3W",
        "text": "<@U03BWRML2>:  Thanks!",
        "ts": "1422985535.000105"
    },
    {
        "type": "message",
        "subtype": "file_share",
        "text": "<@U03BXCW3W|catherine> uploaded a file: <https:\/\/ultrathins.slack.com\/files\/catherine\/F03HSP17J\/home.png|Home.png> and commented: Seems too plain to me...",
        "file": {
            "id": "F03HSP17J",
            "created": 1422985564,
            "timestamp": 1422985564,
            "name": "Home.png",
            "title": "Home.png",
            "mimetype": "image\/png",
            "filetype": "png",
            "pretty_type": "PNG",
            "user": "U03BXCW3W",
            "editable": false,
            "size": 26471,
            "mode": "hosted",
            "is_external": false,
            "external_type": "",
            "is_public": true,
            "public_url_shared": false,
            "url": "https:\/\/slack-files.com\/files-pub\/T03BUNNPM-F03HSP17J-966f289852\/home.png",
            "url_download": "https:\/\/slack-files.com\/files-pub\/T03BUNNPM-F03HSP17J-966f289852\/download\/home.png",
            "url_private": "https:\/\/files.slack.com\/files-pri\/T03BUNNPM-F03HSP17J\/home.png",
            "url_private_download": "https:\/\/files.slack.com\/files-pri\/T03BUNNPM-F03HSP17J\/download\/home.png",
            "thumb_64": "https:\/\/slack-files.com\/files-tmb\/T03BUNNPM-F03HSP17J-42b58e5252\/home_64.png",
            "thumb_80": "https:\/\/slack-files.com\/files-tmb\/T03BUNNPM-F03HSP17J-42b58e5252\/home_80.png",
            "thumb_360": "https:\/\/slack-files.com\/files-tmb\/T03BUNNPM-F03HSP17J-42b58e5252\/home_360.png",
            "thumb_360_w": 346,
            "thumb_360_h": 360,
            "thumb_160": "https:\/\/slack-files.com\/files-tmb\/T03BUNNPM-F03HSP17J-42b58e5252\/home_160.png",
            "thumb_720": "https:\/\/slack-files.com\/files-tmb\/T03BUNNPM-F03HSP17J-42b58e5252\/home_720.png",
            "thumb_720_w": 691,
            "thumb_720_h": 720,
            "image_exif_rotation": 1,
            "permalink": "https:\/\/ultrathins.slack.com\/files\/catherine\/F03HSP17J\/home.png",
            "permalink_public": "https:\/\/slack-files.com\/T03BUNNPM-F03HSP17J-966f289852",
            "channels": [
                "C03BUNNQR"
            ],
            "groups": [],
            "ims": [],
            "comments_count": 1,
            "initial_comment": {
                "id": "Fc03HSP1UW",
                "created": 1422985566,
                "timestamp": 1422985566,
                "user": "U03BXCW3W",
                "comment": "Seems too plain to me..."
            }
        },
        "user": "U03BXCW3W",
        "upload": true,
        "ts": "1422985566.000106"
    },
    {
        "type": "message",
        "user": "U03BXCW3W",
        "text": "I'll work on other pages after CSC318 T.T",
        "ts": "1422985608.000107"
    },
    {
        "type": "message",
        "user": "U03BXCW3W",
        "text": "Please comment~ Thx in advance!",
        "ts": "1422985625.000108"
    },
    {
        "type": "message",
        "user": "U03BWRML2",
        "text": "we need tutorial videos?",
        "ts": "1422985654.000109"
    },
    {
        "type": "message",
        "user": "U03BUNNPT",
        "text": "I think this is just a landing page that happens to have some sort of video?",
        "ts": "1422985801.000110"
    },
    {
        "type": "message",
        "user": "U03BXCW3W",
        "text": "Probably not. But it doesn't hurt to put it there for now",
        "ts": "1422985802.000111"
    },
    {
        "type": "message",
        "user": "U03BXCW3W",
        "text": "Yes",
        "ts": "1422985812.000112"
    },
    {
        "type": "message",
        "user": "U03BUNNPT",
        "text": "yeah, it's good",
        "ts": "1422985821.000113"
    },
    {
        "type": "message",
        "user": "U03BUNNPT",
        "text": "We can probably get away with just doing low-fidelity mockups since it never specified",
        "ts": "1422985846.000114"
    },
    {
        "type": "message",
        "user": "U03BXCW3W",
        "text": "Like a short intro... We might substitute it later with imgs?...",
        "ts": "1422985852.000115"
    },
    {
        "type": "message",
        "user": "U03BXCW3W",
        "text": "<@U03BUNNPT>:  yep! Thanks for comment :grinning:",
        "ts": "1422985901.000116"
    },
    {
        "type": "message",
        "user": "U03BXCW3W",
        "text": "My first design gets passed by team leader :stuck_out_tongue_closed_eyes:",
        "ts": "1422985925.000117"
    },
    {
        "type": "message",
        "user": "U03BUNNPT",
        "text": "Oh yeah, the pivot was approved by the lecturer btw, <!group>",
        "ts": "1422985970.000118"
    },
    {
        "type": "message",
        "subtype": "file_share",
        "text": "<@U03BUNNPT|arkon> uploaded a file: <https:\/\/ultrathins.slack.com\/files\/arkon\/F03HQJGJP\/pasted_image_at_2015_02_03_12_54.png|Pasted image at 2015-02-03, 12:54>",
        "file": {
            "id": "F03HQJGJP",
            "created": 1422986063,
            "timestamp": 1422986063,
            "name": "Pasted image at 2015_02_03 12_54.png",
            "title": "Pasted image at 2015-02-03, 12:54",
            "mimetype": "image\/png",
            "filetype": "png",
            "pretty_type": "PNG",
            "user": "U03BUNNPT",
            "editable": false,
            "size": 95631,
            "mode": "hosted",
            "is_external": false,
            "external_type": "",
            "is_public": true,
            "public_url_shared": false,
            "url": "https:\/\/slack-files.com\/files-pub\/T03BUNNPM-F03HQJGJP-8b1b66e90c\/pasted_image_at_2015_02_03_12_54.png",
            "url_download": "https:\/\/slack-files.com\/files-pub\/T03BUNNPM-F03HQJGJP-8b1b66e90c\/download\/pasted_image_at_2015_02_03_12_54.png",
            "url_private": "https:\/\/files.slack.com\/files-pri\/T03BUNNPM-F03HQJGJP\/pasted_image_at_2015_02_03_12_54.png",
            "url_private_download": "https:\/\/files.slack.com\/files-pri\/T03BUNNPM-F03HQJGJP\/download\/pasted_image_at_2015_02_03_12_54.png",
            "thumb_64": "https:\/\/slack-files.com\/files-tmb\/T03BUNNPM-F03HQJGJP-ff1fdd096f\/pasted_image_at_2015_02_03_12_54_64.png",
            "thumb_80": "https:\/\/slack-files.com\/files-tmb\/T03BUNNPM-F03HQJGJP-ff1fdd096f\/pasted_image_at_2015_02_03_12_54_80.png",
            "thumb_360": "https:\/\/slack-files.com\/files-tmb\/T03BUNNPM-F03HQJGJP-ff1fdd096f\/pasted_image_at_2015_02_03_12_54_360.png",
            "thumb_360_w": 360,
            "thumb_360_h": 202,
            "thumb_160": "https:\/\/slack-files.com\/files-tmb\/T03BUNNPM-F03HQJGJP-ff1fdd096f\/pasted_image_at_2015_02_03_12_54_160.png",
            "thumb_720": "https:\/\/slack-files.com\/files-tmb\/T03BUNNPM-F03HQJGJP-ff1fdd096f\/pasted_image_at_2015_02_03_12_54_720.png",
            "thumb_720_w": 720,
            "thumb_720_h": 405,
            "thumb_1024": "https:\/\/slack-files.com\/files-tmb\/T03BUNNPM-F03HQJGJP-ff1fdd096f\/pasted_image_at_2015_02_03_12_54_1024.png",
            "thumb_1024_w": 1024,
            "thumb_1024_h": 576,
            "image_exif_rotation": 1,
            "permalink": "https:\/\/ultrathins.slack.com\/files\/arkon\/F03HQJGJP\/pasted_image_at_2015_02_03_12_54.png",
            "permalink_public": "https:\/\/slack-files.com\/T03BUNNPM-F03HQJGJP-8b1b66e90c",
            "channels": [
                "C03BUNNQR"
            ],
            "groups": [],
            "ims": [],
            "comments_count": 0
        },
        "user": "U03BUNNPT",
        "upload": true,
        "ts": "1422986067.000119"
    },
    {
        "type": "message",
        "user": "U03BWRML2",
        "text": ":thumbsup:",
        "ts": "1422986254.000120"
    },
    {
        "type": "message",
        "user": "U03BX7SQ1",
        "text": "Thanks ~",
        "ts": "1422986873.000121"
    },
    {
        "type": "message",
        "user": "U03BWPJG0",
        "text": "I'm surprised he replied to that email",
        "ts": "1422988290.000002"
    },
    {
        "type": "message",
        "user": "U03BWPJG0",
        "text": "I emailed him in the fall semester to try to get 263 waived",
        "ts": "1422988325.000003"
    },
    {
        "type": "message",
        "user": "U03BWPJG0",
        "text": "after not replying to 3 emails I went \"screw it\" and just took it in the winter lol",
        "ts": "1422988344.000004"
    },
    {
        "type": "message",
        "subtype": "file_share",
        "text": "<@U03BXCW3W|catherine> uploaded a file: <https:\/\/ultrathins.slack.com\/files\/catherine\/F03HR9K5H\/home.png|UI mockup> and commented: Home, Login page, and Tutorial",
        "file": {
            "id": "F03HR9K5H",
            "created": 1422988463,
            "timestamp": 1422988463,
            "name": "Home.png",
            "title": "UI mockup",
            "mimetype": "image\/png",
            "filetype": "png",
            "pretty_type": "PNG",
            "user": "U03BXCW3W",
            "editable": false,
            "size": 26471,
            "mode": "hosted",
            "is_external": false,
            "external_type": "",
            "is_public": true,
            "public_url_shared": false,
            "url": "https:\/\/slack-files.com\/files-pub\/T03BUNNPM-F03HR9K5H-da1b793fe5\/home.png",
            "url_download": "https:\/\/slack-files.com\/files-pub\/T03BUNNPM-F03HR9K5H-da1b793fe5\/download\/home.png",
            "url_private": "https:\/\/files.slack.com\/files-pri\/T03BUNNPM-F03HR9K5H\/home.png",
            "url_private_download": "https:\/\/files.slack.com\/files-pri\/T03BUNNPM-F03HR9K5H\/download\/home.png",
            "thumb_64": "https:\/\/slack-files.com\/files-tmb\/T03BUNNPM-F03HR9K5H-5137700c13\/home_64.png",
            "thumb_80": "https:\/\/slack-files.com\/files-tmb\/T03BUNNPM-F03HR9K5H-5137700c13\/home_80.png",
            "thumb_360": "https:\/\/slack-files.com\/files-tmb\/T03BUNNPM-F03HR9K5H-5137700c13\/home_360.png",
            "thumb_360_w": 346,
            "thumb_360_h": 360,
            "thumb_160": "https:\/\/slack-files.com\/files-tmb\/T03BUNNPM-F03HR9K5H-5137700c13\/home_160.png",
            "thumb_720": "https:\/\/slack-files.com\/files-tmb\/T03BUNNPM-F03HR9K5H-5137700c13\/home_720.png",
            "thumb_720_w": 691,
            "thumb_720_h": 720,
            "image_exif_rotation": 1,
            "permalink": "https:\/\/ultrathins.slack.com\/files\/catherine\/F03HR9K5H\/home.png",
            "permalink_public": "https:\/\/slack-files.com\/T03BUNNPM-F03HR9K5H-da1b793fe5",
            "channels": [
                "C03BUNNQR"
            ],
            "groups": [],
            "ims": [],
            "comments_count": 1,
            "initial_comment": {
                "id": "Fc03HR9L0M",
                "created": 1422988466,
                "timestamp": 1422988466,
                "user": "U03BXCW3W",
                "comment": "Home, Login page, and Tutorial"
            }
        },
        "user": "U03BXCW3W",
        "upload": true,
        "ts": "1422988466.000005"
    },
    {
        "type": "message",
        "subtype": "file_share",
        "text": "<@U03BXCW3W|catherine> uploaded a file: <https:\/\/ultrathins.slack.com\/files\/catherine\/F03HR9LJH\/login.png|Login.png>",
        "file": {
            "id": "F03HR9LJH",
            "created": 1422988468,
            "timestamp": 1422988468,
            "name": "Login.png",
            "title": "Login.png",
            "mimetype": "image\/png",
            "filetype": "png",
            "pretty_type": "PNG",
            "user": "U03BXCW3W",
            "editable": false,
            "size": 30104,
            "mode": "hosted",
            "is_external": false,
            "external_type": "",
            "is_public": true,
            "public_url_shared": false,
            "url": "https:\/\/slack-files.com\/files-pub\/T03BUNNPM-F03HR9LJH-155d08525a\/login.png",
            "url_download": "https:\/\/slack-files.com\/files-pub\/T03BUNNPM-F03HR9LJH-155d08525a\/download\/login.png",
            "url_private": "https:\/\/files.slack.com\/files-pri\/T03BUNNPM-F03HR9LJH\/login.png",
            "url_private_download": "https:\/\/files.slack.com\/files-pri\/T03BUNNPM-F03HR9LJH\/download\/login.png",
            "thumb_64": "https:\/\/slack-files.com\/files-tmb\/T03BUNNPM-F03HR9LJH-92b07812c7\/login_64.png",
            "thumb_80": "https:\/\/slack-files.com\/files-tmb\/T03BUNNPM-F03HR9LJH-92b07812c7\/login_80.png",
            "thumb_360": "https:\/\/slack-files.com\/files-tmb\/T03BUNNPM-F03HR9LJH-92b07812c7\/login_360.png",
            "thumb_360_w": 346,
            "thumb_360_h": 360,
            "thumb_160": "https:\/\/slack-files.com\/files-tmb\/T03BUNNPM-F03HR9LJH-92b07812c7\/login_160.png",
            "thumb_720": "https:\/\/slack-files.com\/files-tmb\/T03BUNNPM-F03HR9LJH-92b07812c7\/login_720.png",
            "thumb_720_w": 691,
            "thumb_720_h": 720,
            "image_exif_rotation": 1,
            "permalink": "https:\/\/ultrathins.slack.com\/files\/catherine\/F03HR9LJH\/login.png",
            "permalink_public": "https:\/\/slack-files.com\/T03BUNNPM-F03HR9LJH-155d08525a",
            "channels": [
                "C03BUNNQR"
            ],
            "groups": [],
            "ims": [],
            "comments_count": 0
        },
        "user": "U03BXCW3W",
        "upload": true,
        "ts": "1422988471.000006"
    },
    {
        "type": "message",
        "subtype": "file_share",
        "text": "<@U03BXCW3W|catherine> uploaded a file: <https:\/\/ultrathins.slack.com\/files\/catherine\/F03HTAQB2\/tutorial.png|Tutorial.png>",
        "file": {
            "id": "F03HTAQB2",
            "created": 1422988471,
            "timestamp": 1422988471,
            "name": "Tutorial.png",
            "title": "Tutorial.png",
            "mimetype": "image\/png",
            "filetype": "png",
            "pretty_type": "PNG",
            "user": "U03BXCW3W",
            "editable": false,
            "size": 18488,
            "mode": "hosted",
            "is_external": false,
            "external_type": "",
            "is_public": true,
            "public_url_shared": false,
            "url": "https:\/\/slack-files.com\/files-pub\/T03BUNNPM-F03HTAQB2-ed83c08605\/tutorial.png",
            "url_download": "https:\/\/slack-files.com\/files-pub\/T03BUNNPM-F03HTAQB2-ed83c08605\/download\/tutorial.png",
            "url_private": "https:\/\/files.slack.com\/files-pri\/T03BUNNPM-F03HTAQB2\/tutorial.png",
            "url_private_download": "https:\/\/files.slack.com\/files-pri\/T03BUNNPM-F03HTAQB2\/download\/tutorial.png",
            "thumb_64": "https:\/\/slack-files.com\/files-tmb\/T03BUNNPM-F03HTAQB2-303c9c47b9\/tutorial_64.png",
            "thumb_80": "https:\/\/slack-files.com\/files-tmb\/T03BUNNPM-F03HTAQB2-303c9c47b9\/tutorial_80.png",
            "thumb_360": "https:\/\/slack-files.com\/files-tmb\/T03BUNNPM-F03HTAQB2-303c9c47b9\/tutorial_360.png",
            "thumb_360_w": 346,
            "thumb_360_h": 360,
            "thumb_160": "https:\/\/slack-files.com\/files-tmb\/T03BUNNPM-F03HTAQB2-303c9c47b9\/tutorial_160.png",
            "thumb_720": "https:\/\/slack-files.com\/files-tmb\/T03BUNNPM-F03HTAQB2-303c9c47b9\/tutorial_720.png",
            "thumb_720_w": 691,
            "thumb_720_h": 720,
            "image_exif_rotation": 1,
            "permalink": "https:\/\/ultrathins.slack.com\/files\/catherine\/F03HTAQB2\/tutorial.png",
            "permalink_public": "https:\/\/slack-files.com\/T03BUNNPM-F03HTAQB2-ed83c08605",
            "channels": [
                "C03BUNNQR"
            ],
            "groups": [],
            "ims": [],
            "comments_count": 0
        },
        "user": "U03BXCW3W",
        "upload": true,
        "ts": "1422988474.000007"
    },
    {
        "type": "message",
        "user": "U03BXCW3W",
        "text": "I have to work on my CSC318 now :weary:",
        "ts": "1422988541.000008"
    },
    {
        "type": "message",
        "user": "U03BWRML2",
        "text": "gj",
        "ts": "1422988557.000009"
    },
    {
        "type": "message",
        "user": "U03C8TPEQ",
        "text": "<https:\/\/wireframe.cc\/mnI8LQ>",
        "ts": "1422988623.000010"
    },
    {
        "type": "message",
        "user": "U03BXCW3W",
        "text": "Wait... wrong image...",
        "ts": "1422988654.000011"
    },
    {
        "type": "message",
        "subtype": "file_share",
        "text": "<@U03BXCW3W|catherine> uploaded a file: <https:\/\/ultrathins.slack.com\/files\/catherine\/F03HRATAM\/tutorial.png|Tutorial.png>",
        "file": {
            "id": "F03HRATAM",
            "created": 1422988661,
            "timestamp": 1422988661,
            "name": "Tutorial.png",
            "title": "Tutorial.png",
            "mimetype": "image\/png",
            "filetype": "png",
            "pretty_type": "PNG",
            "user": "U03BXCW3W",
            "editable": false,
            "size": 20830,
            "mode": "hosted",
            "is_external": false,
            "external_type": "",
            "is_public": true,
            "public_url_shared": false,
            "url": "https:\/\/slack-files.com\/files-pub\/T03BUNNPM-F03HRATAM-364169021e\/tutorial.png",
            "url_download": "https:\/\/slack-files.com\/files-pub\/T03BUNNPM-F03HRATAM-364169021e\/download\/tutorial.png",
            "url_private": "https:\/\/files.slack.com\/files-pri\/T03BUNNPM-F03HRATAM\/tutorial.png",
            "url_private_download": "https:\/\/files.slack.com\/files-pri\/T03BUNNPM-F03HRATAM\/download\/tutorial.png",
            "thumb_64": "https:\/\/slack-files.com\/files-tmb\/T03BUNNPM-F03HRATAM-a1ddf5f4db\/tutorial_64.png",
            "thumb_80": "https:\/\/slack-files.com\/files-tmb\/T03BUNNPM-F03HRATAM-a1ddf5f4db\/tutorial_80.png",
            "thumb_360": "https:\/\/slack-files.com\/files-tmb\/T03BUNNPM-F03HRATAM-a1ddf5f4db\/tutorial_360.png",
            "thumb_360_w": 346,
            "thumb_360_h": 360,
            "thumb_160": "https:\/\/slack-files.com\/files-tmb\/T03BUNNPM-F03HRATAM-a1ddf5f4db\/tutorial_160.png",
            "thumb_720": "https:\/\/slack-files.com\/files-tmb\/T03BUNNPM-F03HRATAM-a1ddf5f4db\/tutorial_720.png",
            "thumb_720_w": 691,
            "thumb_720_h": 720,
            "image_exif_rotation": 1,
            "permalink": "https:\/\/ultrathins.slack.com\/files\/catherine\/F03HRATAM\/tutorial.png",
            "permalink_public": "https:\/\/slack-files.com\/T03BUNNPM-F03HRATAM-364169021e",
            "channels": [
                "C03BUNNQR"
            ],
            "groups": [],
            "ims": [],
            "comments_count": 0
        },
        "user": "U03BXCW3W",
        "upload": true,
        "ts": "1422988664.000012"
    },
    {
        "type": "message",
        "user": "U03BXCW3W",
        "text": "Yeah it's not finished yet :joy: I'm thinking about including achivements in profile and ...",
        "ts": "1422988727.000013"
    },
    {
        "type": "message",
        "user": "U03BUNNPT",
        "text": "<@U03BXCW3W>: can you change it so there's a normal \"login\" button then separate login with fb\/twitter options underneath?",
        "ts": "1422988870.000014"
    },
    {
        "type": "message",
        "user": "U03BWPJG0",
        "text": "the border\/color scheme\/something or other reminds me of Windows 95",
        "ts": "1422988878.000015"
    },
    {
        "type": "message",
        "user": "U03C8TPEQ",
        "text": "very retro",
        "ts": "1422988885.000016"
    },
    {
        "type": "message",
        "user": "U03C8TPEQ",
        "text": "game style",
        "ts": "1422988903.000017"
    },
    {
        "type": "message",
        "user": "U03BWPJG0",
        "text": "needs some green",
        "ts": "1422988951.000018"
    },
    {
        "type": "message",
        "user": "U03BWPJG0",
        "text": "<http:\/\/gieskes.nl\/undefined\/circuit-bending-tests\/files\/gameboy-classic\/Circuitbent-Gameboy-Classic-Screenshot-07.jpg>",
        "attachments": [
            {
                "from_url": "http:\/\/gieskes.nl\/undefined\/circuit-bending-tests\/files\/gameboy-classic\/Circuitbent-Gameboy-Classic-Screenshot-07.jpg",
                "fallback": "750x658px image",
                "image_url": "http:\/\/gieskes.nl\/undefined\/circuit-bending-tests\/files\/gameboy-classic\/Circuitbent-Gameboy-Classic-Screenshot-07.jpg",
                "image_width": 750,
                "image_height": 658,
                "image_bytes": 122970,
                "id": 1
            }
        ],
        "ts": "1422988952.000019"
    },
    {
        "type": "message",
        "user": "U03BWRML2",
        "text": "Mine was stolen :(",
        "ts": "1422989089.000021"
    },
    {
        "type": "message",
        "user": "U03BWPJG0",
        "text": "aww",
        "ts": "1422989131.000022"
    },
    {
        "type": "message",
        "user": "U03BWPJG0",
        "text": "lol I didn't get one until Advance SP came out",
        "ts": "1422989141.000023"
    },
    {
        "type": "message",
        "user": "U03BUNNPT",
        "text": "My sister a GameBoy Color and I had a GameBoy Advance",
        "ts": "1422989164.000024"
    },
    {
        "type": "message",
        "user": "U03BUNNPT",
        "text": "that lack of backlight",
        "ts": "1422989167.000025"
    },
    {
        "type": "message",
        "user": "U03C8TPEQ",
        "text": "man i started with the dsi...",
        "ts": "1422989183.000026"
    },
    {
        "type": "message",
        "user": "U03BWPJG0",
        "text": "so would you have an unbiased opinion on which Pokemon game was the best",
        "ts": "1422989250.000027"
    },
    {
        "type": "message",
        "user": "U03BXCW3W",
        "text": "<@U03BUNNPT>:  So would you like me to change (user:_______, password:_________) into a button as (login)?",
        "ts": "1422989257.000028"
    },
    {
        "type": "message",
        "user": "U03C8TPEQ",
        "text": "DIGIMON IS THE BEST",
        "ts": "1422989261.000029"
    },
    {
        "type": "message",
        "user": "U03BWRML2",
        "text": "Wot ",
        "ts": "1422989273.000030"
    },
    {
        "type": "message",
        "user": "U03BWPJG0",
        "text": "HERESY",
        "ts": "1422989276.000031"
    },
    {
        "type": "message",
        "user": "U03BWRML2",
        "text": "Red or yellow",
        "ts": "1422989283.000032"
    },
    {
        "type": "message",
        "user": "U03BUNNPT",
        "text": "<@U03BXCW3W>: no, the input fields are fine. just change \"Login with Facebook\" to \"Login\" and add the \"Login with Facebook\" button underneath it as a separate option",
        "ts": "1422989300.000033"
    },
    {
        "type": "message",
        "user": "U03BWPJG0",
        "text": "you make Blue sad",
        "ts": "1422989308.000034"
    },
    {
        "type": "message",
        "user": "U03C8TPEQ",
        "text": "i'm a heretic",
        "ts": "1422989326.000035"
    },
    {
        "type": "message",
        "user": "U03BXCW3W",
        "text": "<@U03BUNNPT>: You're right!!! I forgot login button...orz",
        "ts": "1422989334.000036"
    },
    {
        "type": "message",
        "user": "U03BWPJG0",
        "text": "also, gen 2 was better",
        "ts": "1422989350.000037"
    },
    {
        "type": "message",
        "user": "U03BWRML2",
        "text": "Red is epic, gen2 is fun: p",
        "ts": "1422989502.000038"
    },
    {
        "type": "message",
        "user": "U03BWPJG0",
        "text": "they never made another game with 16 gyms :(",
        "ts": "1422989543.000039"
    },
    {
        "type": "message",
        "subtype": "file_share",
        "text": "<@U03BXCW3W|catherine> uploaded a file: <https:\/\/ultrathins.slack.com\/files\/catherine\/F03HTH69Q\/login.png|Login.png> and commented: I know it doesn't look that good..",
        "file": {
            "id": "F03HTH69Q",
            "created": 1422989614,
            "timestamp": 1422989614,
            "name": "Login.png",
            "title": "Login.png",
            "mimetype": "image\/png",
            "filetype": "png",
            "pretty_type": "PNG",
            "user": "U03BXCW3W",
            "editable": false,
            "size": 31380,
            "mode": "hosted",
            "is_external": false,
            "external_type": "",
            "is_public": true,
            "public_url_shared": false,
            "url": "https:\/\/slack-files.com\/files-pub\/T03BUNNPM-F03HTH69Q-8efd5bce25\/login.png",
            "url_download": "https:\/\/slack-files.com\/files-pub\/T03BUNNPM-F03HTH69Q-8efd5bce25\/download\/login.png",
            "url_private": "https:\/\/files.slack.com\/files-pri\/T03BUNNPM-F03HTH69Q\/login.png",
            "url_private_download": "https:\/\/files.slack.com\/files-pri\/T03BUNNPM-F03HTH69Q\/download\/login.png",
            "thumb_64": "https:\/\/slack-files.com\/files-tmb\/T03BUNNPM-F03HTH69Q-2521845d7b\/login_64.png",
            "thumb_80": "https:\/\/slack-files.com\/files-tmb\/T03BUNNPM-F03HTH69Q-2521845d7b\/login_80.png",
            "thumb_360": "https:\/\/slack-files.com\/files-tmb\/T03BUNNPM-F03HTH69Q-2521845d7b\/login_360.png",
            "thumb_360_w": 346,
            "thumb_360_h": 360,
            "thumb_160": "https:\/\/slack-files.com\/files-tmb\/T03BUNNPM-F03HTH69Q-2521845d7b\/login_160.png",
            "thumb_720": "https:\/\/slack-files.com\/files-tmb\/T03BUNNPM-F03HTH69Q-2521845d7b\/login_720.png",
            "thumb_720_w": 691,
            "thumb_720_h": 720,
            "image_exif_rotation": 1,
            "permalink": "https:\/\/ultrathins.slack.com\/files\/catherine\/F03HTH69Q\/login.png",
            "permalink_public": "https:\/\/slack-files.com\/T03BUNNPM-F03HTH69Q-8efd5bce25",
            "channels": [
                "C03BUNNQR"
            ],
            "groups": [],
            "ims": [],
            "comments_count": 1,
            "initial_comment": {
                "id": "Fc03HRG263",
                "created": 1422989617,
                "timestamp": 1422989617,
                "user": "U03BXCW3W",
                "comment": "I know it doesn't look that good.."
            }
        },
        "user": "U03BXCW3W",
        "upload": true,
        "ts": "1422989617.000040"
    },
    {
        "type": "message",
        "user": "U03BUNNPT",
        "text": "it's fine \u00af\\_(\u30c4)_\/\u00af",
        "ts": "1422989724.000041"
    },
    {
        "type": "message",
        "subtype": "file_share",
        "text": "<@U03BXCW3W|catherine> uploaded a file: <https:\/\/ultrathins.slack.com\/files\/catherine\/F03HVRBHW\/exercise.png|Exercise.png> and commented: The simplest...",
        "file": {
            "id": "F03HVRBHW",
            "created": 1423001875,
            "timestamp": 1423001875,
            "name": "Exercise.png",
            "title": "Exercise.png",
            "mimetype": "image\/png",
            "filetype": "png",
            "pretty_type": "PNG",
            "user": "U03BXCW3W",
            "editable": false,
            "size": 30929,
            "mode": "hosted",
            "is_external": false,
            "external_type": "",
            "is_public": true,
            "public_url_shared": false,
            "url": "https:\/\/slack-files.com\/files-pub\/T03BUNNPM-F03HVRBHW-5d13a6cf08\/exercise.png",
            "url_download": "https:\/\/slack-files.com\/files-pub\/T03BUNNPM-F03HVRBHW-5d13a6cf08\/download\/exercise.png",
            "url_private": "https:\/\/files.slack.com\/files-pri\/T03BUNNPM-F03HVRBHW\/exercise.png",
            "url_private_download": "https:\/\/files.slack.com\/files-pri\/T03BUNNPM-F03HVRBHW\/download\/exercise.png",
            "thumb_64": "https:\/\/slack-files.com\/files-tmb\/T03BUNNPM-F03HVRBHW-13f8427383\/exercise_64.png",
            "thumb_80": "https:\/\/slack-files.com\/files-tmb\/T03BUNNPM-F03HVRBHW-13f8427383\/exercise_80.png",
            "thumb_360": "https:\/\/slack-files.com\/files-tmb\/T03BUNNPM-F03HVRBHW-13f8427383\/exercise_360.png",
            "thumb_360_w": 346,
            "thumb_360_h": 360,
            "thumb_160": "https:\/\/slack-files.com\/files-tmb\/T03BUNNPM-F03HVRBHW-13f8427383\/exercise_160.png",
            "thumb_720": "https:\/\/slack-files.com\/files-tmb\/T03BUNNPM-F03HVRBHW-13f8427383\/exercise_720.png",
            "thumb_720_w": 691,
            "thumb_720_h": 720,
            "image_exif_rotation": 1,
            "permalink": "https:\/\/ultrathins.slack.com\/files\/catherine\/F03HVRBHW\/exercise.png",
            "permalink_public": "https:\/\/slack-files.com\/T03BUNNPM-F03HVRBHW-5d13a6cf08",
            "channels": [
                "C03BUNNQR"
            ],
            "groups": [],
            "ims": [],
            "comments_count": 1,
            "initial_comment": {
                "id": "Fc03HTQG2V",
                "created": 1423001878,
                "timestamp": 1423001878,
                "user": "U03BXCW3W",
                "comment": "The simplest..."
            }
        },
        "user": "U03BXCW3W",
        "upload": true,
        "ts": "1423001878.000042"
    },
    {
        "type": "message",
        "subtype": "file_comment",
        "text": "<@U03BXCW3W|catherine> commented on <@U03BXCW3W|catherine>'s file <https:\/\/ultrathins.slack.com\/files\/catherine\/F03HVRCBQ\/profile.png|Profile.png>: Adopted Cindy's idea of achievements :simple_smile:",
        "file": {
            "id": "F03HVRCBQ",
            "created": 1423001878,
            "timestamp": 1423001878,
            "name": "Profile.png",
            "title": "Profile.png",
            "mimetype": "image\/png",
            "filetype": "png",
            "pretty_type": "PNG",
            "user": "U03BXCW3W",
            "editable": false,
            "size": 32453,
            "mode": "hosted",
            "is_external": false,
            "external_type": "",
            "is_public": true,
            "public_url_shared": false,
            "url": "https:\/\/slack-files.com\/files-pub\/T03BUNNPM-F03HVRCBQ-97a107cade\/profile.png",
            "url_download": "https:\/\/slack-files.com\/files-pub\/T03BUNNPM-F03HVRCBQ-97a107cade\/download\/profile.png",
            "url_private": "https:\/\/files.slack.com\/files-pri\/T03BUNNPM-F03HVRCBQ\/profile.png",
            "url_private_download": "https:\/\/files.slack.com\/files-pri\/T03BUNNPM-F03HVRCBQ\/download\/profile.png",
            "thumb_64": "https:\/\/slack-files.com\/files-tmb\/T03BUNNPM-F03HVRCBQ-de68614eab\/profile_64.png",
            "thumb_80": "https:\/\/slack-files.com\/files-tmb\/T03BUNNPM-F03HVRCBQ-de68614eab\/profile_80.png",
            "thumb_360": "https:\/\/slack-files.com\/files-tmb\/T03BUNNPM-F03HVRCBQ-de68614eab\/profile_360.png",
            "thumb_360_w": 346,
            "thumb_360_h": 360,
            "thumb_160": "https:\/\/slack-files.com\/files-tmb\/T03BUNNPM-F03HVRCBQ-de68614eab\/profile_160.png",
            "thumb_720": "https:\/\/slack-files.com\/files-tmb\/T03BUNNPM-F03HVRCBQ-de68614eab\/profile_720.png",
            "thumb_720_w": 691,
            "thumb_720_h": 720,
            "image_exif_rotation": 1,
            "permalink": "https:\/\/ultrathins.slack.com\/files\/catherine\/F03HVRCBQ\/profile.png",
            "permalink_public": "https:\/\/slack-files.com\/T03BUNNPM-F03HVRCBQ-97a107cade",
            "channels": [
                "C03BUNNQR"
            ],
            "groups": [],
            "ims": [],
            "comments_count": 1
        },
        "comment": {
            "id": "Fc03HVRN3Q",
            "created": 1423001917,
            "timestamp": 1423001917,
            "user": "U03BXCW3W",
            "comment": "Adopted Cindy's idea of achievements :simple_smile:"
        },
        "ts": "1423001917.000044"
    },
    {
        "type": "message",
        "user": "U03C9PL8U",
        "text": "Are we having gameification elements besides achievements too?",
        "ts": "1423002078.000045"
    },
    {
        "type": "message",
        "user": "U03BXCW3W",
        "text": "I\u2018m actually confused of what exactly we need as our features...",
        "ts": "1423002288.000046"
    },
    {
        "type": "message",
        "user": "U03BXCW3W",
        "text": "What kind of gameification elements do you mean?... Oh, I forgot about points...",
        "ts": "1423002317.000047"
    },
    {
        "type": "message",
        "subtype": "file_share",
        "text": "<@U03BXCW3W|catherine> uploaded a file: <https:\/\/ultrathins.slack.com\/files\/catherine\/F03HVV22U\/profile.png|Profile.png> and commented: Adopted Cindy's idea of achievements :simple_smile:",
        "file": {
            "id": "F03HVV22U",
            "created": 1423002604,
            "timestamp": 1423002604,
            "name": "Profile.png",
            "title": "Profile.png",
            "mimetype": "image\/png",
            "filetype": "png",
            "pretty_type": "PNG",
            "user": "U03BXCW3W",
            "editable": false,
            "size": 32728,
            "mode": "hosted",
            "is_external": false,
            "external_type": "",
            "is_public": true,
            "public_url_shared": false,
            "url": "https:\/\/slack-files.com\/files-pub\/T03BUNNPM-F03HVV22U-e5ace8ec1d\/profile.png",
            "url_download": "https:\/\/slack-files.com\/files-pub\/T03BUNNPM-F03HVV22U-e5ace8ec1d\/download\/profile.png",
            "url_private": "https:\/\/files.slack.com\/files-pri\/T03BUNNPM-F03HVV22U\/profile.png",
            "url_private_download": "https:\/\/files.slack.com\/files-pri\/T03BUNNPM-F03HVV22U\/download\/profile.png",
            "thumb_64": "https:\/\/slack-files.com\/files-tmb\/T03BUNNPM-F03HVV22U-53fabea187\/profile_64.png",
            "thumb_80": "https:\/\/slack-files.com\/files-tmb\/T03BUNNPM-F03HVV22U-53fabea187\/profile_80.png",
            "thumb_360": "https:\/\/slack-files.com\/files-tmb\/T03BUNNPM-F03HVV22U-53fabea187\/profile_360.png",
            "thumb_360_w": 346,
            "thumb_360_h": 360,
            "thumb_160": "https:\/\/slack-files.com\/files-tmb\/T03BUNNPM-F03HVV22U-53fabea187\/profile_160.png",
            "thumb_720": "https:\/\/slack-files.com\/files-tmb\/T03BUNNPM-F03HVV22U-53fabea187\/profile_720.png",
            "thumb_720_w": 691,
            "thumb_720_h": 720,
            "image_exif_rotation": 1,
            "permalink": "https:\/\/ultrathins.slack.com\/files\/catherine\/F03HVV22U\/profile.png",
            "permalink_public": "https:\/\/slack-files.com\/T03BUNNPM-F03HVV22U-e5ace8ec1d",
            "channels": [
                "C03BUNNQR"
            ],
            "groups": [],
            "ims": [],
            "comments_count": 1,
            "initial_comment": {
                "id": "Fc03HTU4QZ",
                "created": 1423002607,
                "timestamp": 1423002607,
                "user": "U03BXCW3W",
                "comment": "Adopted Cindy's idea of achievements :simple_smile:"
            }
        },
        "user": "U03BXCW3W",
        "upload": true,
        "ts": "1423002607.000049"
    },
    {
        "type": "message",
        "user": "U03C9PL8U",
        "text": "<http:\/\/en.wikipedia.org\/wiki\/Gamification>",
        "ts": "1423005068.000050"
    },
    {
        "type": "message",
        "user": "U03C9PL8U",
        "text": "we'll we'd need to decide on one",
        "ts": "1423005123.000051"
    },
    {
        "type": "message",
        "user": "U03C9PL8U",
        "text": "but it's good bc it's a buzzword and stuff",
        "ts": "1423005157.000052"
    },
    {
        "type": "message",
        "user": "U03C9PL8U",
        "text": "sidenote does anyone know where the overall syllabus for this course is posted?",
        "ts": "1423006463.000053"
    },
    {
        "type": "message",
        "user": "U03BXCW3W",
        "text": "The shared documents",
        "ts": "1423006546.000054"
    },
    {
        "type": "message",
        "user": "U03BXCW3W",
        "text": "You can find it on Piazza",
        "ts": "1423006553.000055"
    },
    {
        "type": "message",
        "user": "U03BUNNPT",
        "text": "That Google Drive folder, yeah",
        "ts": "1423006599.000056"
    },
    {
        "type": "message",
        "user": "U03C9PL8U",
        "text": "thanks",
        "ts": "1423006927.000057"
    },
    {
        "type": "message",
        "user": "U03BUNNPT",
        "text": "Might use <http:\/\/sailsjs.org\/#\/>",
        "attachments": [
            {
                "text": "Sails.js makes it easy to build custom, enterprise-grade Node.js apps. It is designed to resemble the MVC architecture from frameworks like Ruby on Rails, but with support for the more modern, data-oriented style of web app development. It's especially good for building realtime features like chat.",
                "fallback": "Sails.js makes it easy to build custom, enterprise-grade Node.js apps. It is designed to resemble the MVC architecture from frameworks like Ruby on Rails, but with support for the more modern, data-oriented style of web app development. It's especially good for building realtime features like chat.",
                "from_url": "http:\/\/sailsjs.org\/#\/",
                "id": 1
            }
        ],
        "ts": "1423012975.000058"
    },
    {
        "type": "message",
        "user": "U03BUNNPT",
        "text": "<@U03C8TPEQ>: We can use Postgres with Sails.js: <http:\/\/rok3.me\/programming\/configuring-postgresql-sails-jsjade\/>",
        "attachments": [
            {
                "title": "Configuring Postgresql with Sails.js | Robert Kaufmann III",
                "title_link": "http:\/\/rok3.me\/programming\/configuring-postgresql-sails-jsjade\/",
                "text": "I\u2019ve been playing with Sails.js a lot lately and was thrilled that it supported my favorite database, Postgresql. Unfortunately the documentation on configuring the adapter left a lot to be desired. Installing Postgresql Adapter Installation is extremely easy thanks to NPM. \u00a0Just enter the following command from the root directory of your project. Configuring the \u2026",
                "fallback": "Configuring Postgresql with Sails.js | Robert Kaufmann III",
                "ts": 1385098796,
                "from_url": "http:\/\/rok3.me\/programming\/configuring-postgresql-sails-jsjade\/",
                "id": 1
            }
        ],
        "ts": "1423013685.000060"
    },
    {
        "type": "message",
        "user": "U03BWPJG0",
        "text": "so, is there anything at all that could be changed about the mockups",
        "ts": "1423014676.000062"
    },
    {
        "type": "message",
        "user": "U03BWPJG0",
        "text": "I've been tasked with finishing them but idk what to \"finish\"",
        "ts": "1423014693.000063"
    },
    {
        "type": "message",
        "user": "U03BXCW3W",
        "text": "I didn't task you :scream:~~~",
        "ts": "1423022457.000064"
    },
    {
        "type": "message",
        "user": "U03BWPJG0",
        "text": "don't take that too seriously :stuck_out_tongue:",
        "ts": "1423022534.000065"
    },
    {
        "type": "message",
        "user": "U03BUNNPT",
        "text": "hmm the mockups seem fine",
        "ts": "1423023881.000066"
    },
    {
        "type": "message",
        "user": "U03BUNNPT",
        "text": "actually, could you maybe gather some screenshots\/links to similar things, <@U03BWPJG0> ?",
        "ts": "1423023893.000067"
    },
    {
        "type": "message",
        "user": "U03BUNNPT",
        "text": "like tutorial-like systems (e.g. those git things, khan academy, etc.)",
        "ts": "1423023909.000068"
    },
    {
        "type": "message",
        "user": "U03BUNNPT",
        "text": "could be useful references later on when we're trying to figure out the specifics of how to design it",
        "ts": "1423023923.000069"
    },
    {
        "type": "message",
        "user": "U03BX7SQ1",
        "text": "did anyone do their weekly logs yet?",
        "ts": "1423024194.000070"
    },
    {
        "type": "message",
        "subtype": "file_share",
        "text": "<@U03BUNNPT|arkon> uploaded a file: <https:\/\/ultrathins.slack.com\/files\/arkon\/F03HWRA4V\/pasted_image_at_2015_02_03_23_33.png|Pasted image at 2015-02-03, 23:33> and commented: not sure if even accurate",
        "file": {
            "id": "F03HWRA4V",
            "created": 1423024389,
            "timestamp": 1423024389,
            "name": "Pasted image at 2015_02_03 23_33.png",
            "title": "Pasted image at 2015-02-03, 23:33",
            "mimetype": "image\/png",
            "filetype": "png",
            "pretty_type": "PNG",
            "user": "U03BUNNPT",
            "editable": false,
            "size": 69457,
            "mode": "hosted",
            "is_external": false,
            "external_type": "",
            "is_public": true,
            "public_url_shared": false,
            "url": "https:\/\/slack-files.com\/files-pub\/T03BUNNPM-F03HWRA4V-ce8081c9a1\/pasted_image_at_2015_02_03_23_33.png",
            "url_download": "https:\/\/slack-files.com\/files-pub\/T03BUNNPM-F03HWRA4V-ce8081c9a1\/download\/pasted_image_at_2015_02_03_23_33.png",
            "url_private": "https:\/\/files.slack.com\/files-pri\/T03BUNNPM-F03HWRA4V\/pasted_image_at_2015_02_03_23_33.png",
            "url_private_download": "https:\/\/files.slack.com\/files-pri\/T03BUNNPM-F03HWRA4V\/download\/pasted_image_at_2015_02_03_23_33.png",
            "thumb_64": "https:\/\/slack-files.com\/files-tmb\/T03BUNNPM-F03HWRA4V-b7475d1254\/pasted_image_at_2015_02_03_23_33_64.png",
            "thumb_80": "https:\/\/slack-files.com\/files-tmb\/T03BUNNPM-F03HWRA4V-b7475d1254\/pasted_image_at_2015_02_03_23_33_80.png",
            "thumb_360": "https:\/\/slack-files.com\/files-tmb\/T03BUNNPM-F03HWRA4V-b7475d1254\/pasted_image_at_2015_02_03_23_33_360.png",
            "thumb_360_w": 360,
            "thumb_360_h": 342,
            "thumb_160": "https:\/\/slack-files.com\/files-tmb\/T03BUNNPM-F03HWRA4V-b7475d1254\/pasted_image_at_2015_02_03_23_33_160.png",
            "image_exif_rotation": 1,
            "permalink": "https:\/\/ultrathins.slack.com\/files\/arkon\/F03HWRA4V\/pasted_image_at_2015_02_03_23_33.png",
            "permalink_public": "https:\/\/slack-files.com\/T03BUNNPM-F03HWRA4V-ce8081c9a1",
            "channels": [
                "C03BUNNQR"
            ],
            "groups": [],
            "ims": [],
            "comments_count": 1,
            "initial_comment": {
                "id": "Fc03HYRTCJ",
                "created": 1423024392,
                "timestamp": 1423024392,
                "user": "U03BUNNPT",
                "comment": "not sure if even accurate"
            }
        },
        "user": "U03BUNNPT",
        "upload": true,
        "ts": "1423024392.000071"
    },
    {
        "type": "message",
        "user": "U03BX7SQ1",
        "text": "is it individual?",
        "ts": "1423024423.000072"
    },
    {
        "type": "message",
        "user": "U03BX7SQ1",
        "text": "or we do it as a group..?",
        "ts": "1423024429.000073"
    },
    {
        "type": "message",
        "user": "U03BUNNPT",
        "text": "individual",
        "ts": "1423024464.000074"
    },
    {
        "type": "message",
        "user": "U03BUNNPT",
        "text": "this stuff is relevant to me, so don't copy it haha :stuck_out_tongue:",
        "ts": "1423024472.000075"
    },
    {
        "type": "message",
        "user": "U03BX7SQ1",
        "text": "oh looool alright~",
        "ts": "1423024552.000076"
    },
    {
        "type": "message",
        "user": "U03BX7SQ1",
        "text": "and we commit to the group repo?",
        "ts": "1423024591.000077"
    },
    {
        "type": "message",
        "user": "U03BUNNPT",
        "text": "weekly logs and peer eval go in your **individual** repos",
        "ts": "1423025084.000078"
    },
    {
        "type": "message",
        "user": "U03BX7SQ1",
        "text": "thanks :sweat:",
        "ts": "1423025130.000079"
    },
    {
        "type": "message",
        "user": "U03BWRML2",
        "text": "thanks",
        "ts": "1423025203.000080"
    },
    {
        "type": "message",
        "user": "U03BUNNPT",
        "text": "<!group>: k I think we'll go with <http:\/\/sailsjs.org\/#\/>",
        "attachments": [
            {
                "text": "Sails.js makes it easy to build custom, enterprise-grade Node.js apps. It is designed to resemble the MVC architecture from frameworks like Ruby on Rails, but with support for the more modern, data-oriented style of web app development. It's especially good for building realtime features like chat.",
                "fallback": "Sails.js makes it easy to build custom, enterprise-grade Node.js apps. It is designed to resemble the MVC architecture from frameworks like Ruby on Rails, but with support for the more modern, data-oriented style of web app development. It's especially good for building realtime features like chat.",
                "from_url": "http:\/\/sailsjs.org\/#\/",
                "id": 1
            }
        ],
        "ts": "1423025277.000081"
    },
    {
        "type": "message",
        "user": "U03BUNNPT",
        "text": "It seems like it's the simplest thing to learn\/get going with",
        "ts": "1423025286.000083"
    },
    {
        "type": "message",
        "user": "U03BUNNPT",
        "text": "Instead of having to deal with learning Mongo\/Express\/Ember\/Node and how to get them to interact with each other properly",
        "ts": "1423025312.000084"
    },
    {
        "type": "message",
        "user": "U03BWRML2",
        "text": "ok",
        "ts": "1423025340.000085"
    },
    {
        "type": "message",
        "user": "U03C9PL8U",
        "text": "So were we supposed push the weekly log weekly?",
        "ts": "1423026181.000086"
    },
    {
        "type": "message",
        "user": "U03BWRML2",
        "text": "Please create a weekly log, where you will enter and commit what you did in the\n\nproject on a weekly basis. Name the file, weekly-Log.md Few lines per week\n\nshould be enough.",
        "ts": "1423026387.000087"
    },
    {
        "type": "message",
        "user": "U03BWRML2",
        "text": "so i think yes",
        "ts": "1423026420.000088"
    },
    {
        "type": "message",
        "user": "U03C9PL8U",
        "text": "welp, dang",
        "ts": "1423026882.000089"
    },
    {
        "type": "message",
        "user": "U03BWRML2",
        "text": ": p",
        "ts": "1423027402.000090"
    },
    {
        "type": "message",
        "user": "U03BWRML2",
        "text": "eric's github username is radical?",
        "ts": "1423027464.000091"
    },
    {
        "type": "message",
        "user": "U03BX7SQ1",
        "text": "yep",
        "ts": "1423027486.000092"
    },
    {
        "type": "message",
        "user": "U03BWRML2",
        "text": "ok thx",
        "ts": "1423027507.000093"
    },
    {
        "type": "message",
        "user": "U03BWRML2",
        "text": "<@U03BUNNPT> Are thoes mockups enough for this phrase?",
        "ts": "1423028196.000094"
    },
    {
        "type": "message",
        "user": "U03BUNNPT",
        "text": "Yeah they're apparently more for our convenience later on",
        "ts": "1423028358.000095"
    },
    {
        "type": "message",
        "user": "U03BUNNPT",
        "text": "At least that's what he said for 302, which has exactly the same thing as us",
        "ts": "1423028402.000096"
    },
    {
        "type": "message",
        "user": "U03BWRML2",
        "text": "okay",
        "ts": "1423028477.000097"
    },
    {
        "type": "message",
        "user": "U03BWRML2",
        "text": "Is there anything still need to work on in P1? except Individual works",
        "ts": "1423028550.000098"
    },
    {
        "type": "message",
        "user": "U03BUNNPT",
        "text": "Don't think so, unless you want to look over it",
        "ts": "1423028840.000099"
    },
    {
        "type": "message",
        "user": "U03BWRML2",
        "text": ":thumbsup:",
        "ts": "1423029067.000100"
    },
    {
        "type": "message",
        "user": "U03C9PL8U",
        "text": "lol no one show this to the prof\n<https:\/\/www.youtube.com\/watch?v=GEmuEWjHr5c>",
        "attachments": [
            {
                "service_name": "YouTube",
                "service_url": "http:\/\/www.youtube.com\/",
                "title": "This Will Revolutionize Education",
                "title_link": "https:\/\/www.youtube.com\/watch?v=GEmuEWjHr5c",
                "author_name": "Veritasium",
                "author_link": "http:\/\/www.youtube.com\/user\/1veritasium",
                "thumb_url": "http:\/\/i.ytimg.com\/vi\/GEmuEWjHr5c\/hqdefault.jpg",
                "thumb_width": 480,
                "thumb_height": 360,
                "fallback": "YouTube Video: This Will Revolutionize Education",
                "video_html": "<iframe width=\"400\" height=\"225\" src=\"http:\/\/www.youtube.com\/embed\/GEmuEWjHr5c?feature=oembed\" frameborder=\"0\" allowfullscreen><\/iframe>",
                "video_html_width": 400,
                "video_html_height": 225,
                "from_url": "https:\/\/www.youtube.com\/watch?v=GEmuEWjHr5c",
                "id": 1
            }
        ],
        "ts": "1423032708.000101"
    },
    {
        "type": "message",
        "user": "U03BWRML2",
        "text": "woo",
        "ts": "1423033259.000103"
    },
    {
        "type": "message",
        "user": "U03C8TPEQ",
        "text": "&gt;great for building real-time features like chat",
        "ts": "1423034995.000104"
    },
    {
        "type": "message",
        "user": "U03C8TPEQ",
        "text": "are we building a chat",
        "ts": "1423034997.000105"
    },
    {
        "type": "message",
        "user": "U03C9PL8U",
        "text": "if we have time after MVP and if IRC is easy to tack on? \u00af\\_(\u30c4)_\/\u00af",
        "ts": "1423035270.000106"
    },
    {
        "type": "message",
        "user": "U03BWRML2",
        "text": "chat b\/w user?",
        "ts": "1423035575.000107"
    },
    {
        "type": "message",
        "user": "U03C9PL8U",
        "text": "Thinking about it chat would be pretty useless.\n\nIf anything a sort of discussion board or Q&amp;A system would be appropriate",
        "ts": "1423036719.000108"
    }
]