[
    {
        "type": "message",
        "user": "U03C9PL8U",
        "text": "so, can we have a button labeled \"this is too hard for me\" and when clicked it links to this?\n<https:\/\/www.youtube.com\/watch?v=KxGRhd_iWuE>",
        "attachments": [
            {
                "service_name": "YouTube",
                "service_url": "http:\/\/www.youtube.com\/",
                "title": "Matsuoka Shuzo [\u677e\u5ca1\u4fee\u9020 ] - \u3042\u304d\u3089\u3081\u304b\u3051\u3066\u3044\u308b\u3042\u306a\u305f (NEVER GIVE UP!!) [English]",
                "title_link": "https:\/\/www.youtube.com\/watch?v=KxGRhd_iWuE",
                "author_name": "Ryuujin131",
                "author_link": "http:\/\/www.youtube.com\/user\/Ryuujin131",
                "thumb_url": "http:\/\/i.ytimg.com\/vi\/KxGRhd_iWuE\/hqdefault.jpg",
                "thumb_width": 480,
                "thumb_height": 360,
                "fallback": "YouTube Video: Matsuoka Shuzo [\u677e\u5ca1\u4fee\u9020 ] - \u3042\u304d\u3089\u3081\u304b\u3051\u3066\u3044\u308b\u3042\u306a\u305f (NEVER GIVE UP!!) [English]",
                "video_html": "<iframe width=\"400\" height=\"300\" src=\"http:\/\/www.youtube.com\/embed\/KxGRhd_iWuE?feature=oembed\" frameborder=\"0\" allowfullscreen><\/iframe>",
                "video_html_width": 400,
                "video_html_height": 300,
                "from_url": "https:\/\/www.youtube.com\/watch?v=KxGRhd_iWuE",
                "id": 1
            }
        ],
        "ts": "1422136618.000002"
    },
    {
        "type": "message",
        "user": "U03C8TPEQ",
        "text": "welp i dont know that grammar structure",
        "ts": "1422168259.000004"
    },
    {
        "type": "message",
        "user": "U03C8TPEQ",
        "text": "akiramekaketeiru",
        "ts": "1422168293.000005"
    },
    {
        "type": "message",
        "user": "U03C8TPEQ",
        "text": "what's kaketeiru",
        "ts": "1422168297.000006"
    },
    {
        "type": "message",
        "user": "U03BWRML2",
        "text": "\u66f8\u3051\u3066\u3044\u308b \u6b20\u3051\u3066\u3044\u308b \u63cf\u3051\u3066\u3044\u308b??",
        "ts": "1422168391.000007"
    },
    {
        "type": "message",
        "user": "U03BWPJG0",
        "text": "what?",
        "ts": "1422168536.000008"
    },
    {
        "type": "message",
        "user": "U03BWRML2",
        "text": "Don't give up?",
        "ts": "1422168553.000009"
    },
    {
        "type": "message",
        "user": "U03BWRML2",
        "text": "I forgot : p",
        "ts": "1422168589.000010"
    },
    {
        "type": "message",
        "user": "U03BX7SQ1",
        "text": "\u8ae6\u3081\u304b\u3051\u3066\u3044\u308b\uff1f",
        "ts": "1422168838.000011"
    },
    {
        "type": "message",
        "user": "U03BX7SQ1",
        "text": "Lol no clue ",
        "ts": "1422168845.000012"
    },
    {
        "type": "message",
        "user": "U03BWPJG0",
        "text": "\u30e9\u30f3\u30c0\u30e0\u65e5\u672c\u8a9e\u306e\u5358\u8a9e",
        "ts": "1422170560.000013"
    }
]