[
    {
        "id": "C03C8178U",
        "name": "dev",
        "created": "1421277490",
        "creator": "U03BUNNPT",
        "is_archived": false,
        "is_general": false,
        "members": [
            "U03BUNNPT",
            "U03BURB6R",
            "U03BWPJG0",
            "U03BWRML2",
            "U03BX7SQ1",
            "U03BXCW3W",
            "U03C8TPEQ",
            "U03C9PL8U"
        ],
        "topic": {
            "value": "",
            "creator": "",
            "last_set": "0"
        },
        "purpose": {
            "value": "Notifications from GitHub and related services, and general discussion about development.",
            "creator": "U03BUNNPT",
            "last_set": "1423438067"
        }
    },
    {
        "id": "C03BUNNQR",
        "name": "general",
        "created": "1421191494",
        "creator": "U03BUNNPT",
        "is_archived": false,
        "is_general": true,
        "members": [
            "U03BUNNPT",
            "U03BURB6R",
            "U03BWPJG0",
            "U03BWRML2",
            "U03BX7SQ1",
            "U03BXCW3W",
            "U03C8TPEQ",
            "U03C9PL8U"
        ],
        "topic": {
            "value": "Tut: BA2165, DL+Watch: http:\/\/sailsjs.org\/ ,  Phase 2 GDocs: https:\/\/drive.google.com\/folderview?id=0B86y9O74STpMZFBPNElpWW9mdU0&amp;usp=sharing",
            "creator": "U03BWPJG0",
            "last_set": "1425263292"
        },
        "purpose": {
            "value": "This channel is for team-wide communication and announcements. All team members are in this channel.",
            "creator": "",
            "last_set": "0"
        }
    },
    {
        "id": "C03BUNNR1",
        "name": "random",
        "created": "1421191494",
        "creator": "U03BUNNPT",
        "is_archived": false,
        "is_general": false,
        "members": [
            "U03BUNNPT",
            "U03BWPJG0",
            "U03BWRML2",
            "U03BX7SQ1",
            "U03C8TPEQ",
            "U03C9PL8U"
        ],
        "topic": {
            "value": "",
            "creator": "",
            "last_set": "0"
        },
        "purpose": {
            "value": "A place for non-work banter, links, articles of interest, humor or anything else which you'd like concentrated in some place other than work-related channels.",
            "creator": "",
            "last_set": "0"
        }
    }
]