[
    {
        "id": "U03BUNNPT",
        "name": "arkon",
        "deleted": false,
        "status": null,
        "color": "9f69e7",
        "real_name": "Eugene Cheung",
        "tz": "America\/Indiana\/Indianapolis",
        "tz_label": "Eastern Standard Time",
        "tz_offset": -18000,
        "profile": {
            "first_name": "Eugene",
            "last_name": "Cheung",
            "image_24": "https:\/\/s3-us-west-2.amazonaws.com\/slack-files2\/avatars\/2015-01-13\/3402832263_fa8773f970db8830bb87_24.jpg",
            "image_32": "https:\/\/s3-us-west-2.amazonaws.com\/slack-files2\/avatars\/2015-01-13\/3402832263_fa8773f970db8830bb87_32.jpg",
            "image_48": "https:\/\/s3-us-west-2.amazonaws.com\/slack-files2\/avatars\/2015-01-13\/3402832263_fa8773f970db8830bb87_48.jpg",
            "image_72": "https:\/\/s3-us-west-2.amazonaws.com\/slack-files2\/avatars\/2015-01-13\/3402832263_fa8773f970db8830bb87_72.jpg",
            "image_192": "https:\/\/s3-us-west-2.amazonaws.com\/slack-files2\/avatars\/2015-01-13\/3402832263_fa8773f970db8830bb87_192.jpg",
            "image_original": "https:\/\/s3-us-west-2.amazonaws.com\/slack-files2\/avatars\/2015-01-13\/3402832263_fa8773f970db8830bb87_original.jpg",
            "title": "Dev + Designer",
            "real_name": "Eugene Cheung",
            "real_name_normalized": "Eugene Cheung",
            "email": "ey.cheung@outlook.com"
        },
        "is_admin": true,
        "is_owner": true,
        "is_primary_owner": true,
        "is_restricted": false,
        "is_ultra_restricted": false,
        "is_bot": false
    },
    {
        "id": "U03C9PL8U",
        "name": "ben.",
        "deleted": false,
        "status": null,
        "color": "684b6c",
        "real_name": "Ben Shaft",
        "tz": "America\/Indiana\/Indianapolis",
        "tz_label": "Eastern Standard Time",
        "tz_offset": -18000,
        "profile": {
            "first_name": "Ben",
            "last_name": "Shaft",
            "image_24": "https:\/\/s3-us-west-2.amazonaws.com\/slack-files2\/avatars\/2015-01-14\/3417952044_0d29cb1d5a3950e9d36e_24.jpg",
            "image_32": "https:\/\/s3-us-west-2.amazonaws.com\/slack-files2\/avatars\/2015-01-14\/3417952044_0d29cb1d5a3950e9d36e_32.jpg",
            "image_48": "https:\/\/s3-us-west-2.amazonaws.com\/slack-files2\/avatars\/2015-01-14\/3417952044_0d29cb1d5a3950e9d36e_48.jpg",
            "image_72": "https:\/\/s3-us-west-2.amazonaws.com\/slack-files2\/avatars\/2015-01-14\/3417952044_0d29cb1d5a3950e9d36e_72.jpg",
            "image_192": "https:\/\/s3-us-west-2.amazonaws.com\/slack-files2\/avatars\/2015-01-14\/3417952044_0d29cb1d5a3950e9d36e_192.jpg",
            "image_original": "https:\/\/s3-us-west-2.amazonaws.com\/slack-files2\/avatars\/2015-01-14\/3417952044_0d29cb1d5a3950e9d36e_original.jpg",
            "title": "#1 Scrummer",
            "skype": "",
            "phone": "",
            "real_name": "Ben Shaft",
            "real_name_normalized": "Ben Shaft",
            "email": "benshaft@rogers.com"
        },
        "is_admin": false,
        "is_owner": false,
        "is_primary_owner": false,
        "is_restricted": false,
        "is_ultra_restricted": false,
        "is_bot": false
    },
    {
        "id": "U03BXCW3W",
        "name": "catherine",
        "deleted": false,
        "status": null,
        "color": "674b1b",
        "real_name": "Catherine Wang",
        "tz": "America\/Indiana\/Indianapolis",
        "tz_label": "Eastern Standard Time",
        "tz_offset": -18000,
        "profile": {
            "first_name": "Catherine",
            "last_name": "Wang",
            "title": "Software engineer",
            "image_24": "https:\/\/s3-us-west-2.amazonaws.com\/slack-files2\/avatars\/2015-01-16\/3437556597_2dc4a4538af6f45d550d_24.jpg",
            "image_32": "https:\/\/s3-us-west-2.amazonaws.com\/slack-files2\/avatars\/2015-01-16\/3437556597_2dc4a4538af6f45d550d_32.jpg",
            "image_48": "https:\/\/s3-us-west-2.amazonaws.com\/slack-files2\/avatars\/2015-01-16\/3437556597_2dc4a4538af6f45d550d_48.jpg",
            "image_72": "https:\/\/s3-us-west-2.amazonaws.com\/slack-files2\/avatars\/2015-01-16\/3437556597_2dc4a4538af6f45d550d_72.jpg",
            "image_192": "https:\/\/s3-us-west-2.amazonaws.com\/slack-files2\/avatars\/2015-01-16\/3437556597_2dc4a4538af6f45d550d_192.jpg",
            "image_original": "https:\/\/s3-us-west-2.amazonaws.com\/slack-files2\/avatars\/2015-01-16\/3437556597_2dc4a4538af6f45d550d_original.jpg",
            "real_name": "Catherine Wang",
            "real_name_normalized": "Catherine Wang",
            "email": "yijin.wang@mail.utoronto.ca"
        },
        "is_admin": false,
        "is_owner": false,
        "is_primary_owner": false,
        "is_restricted": false,
        "is_ultra_restricted": false,
        "is_bot": false
    },
    {
        "id": "U03BWPJG0",
        "name": "christina",
        "deleted": false,
        "status": null,
        "color": "4bbe2e",
        "real_name": "Christina Chen",
        "tz": "America\/Indiana\/Indianapolis",
        "tz_label": "Eastern Standard Time",
        "tz_offset": -18000,
        "profile": {
            "first_name": "Christina",
            "last_name": "Chen",
            "image_24": "https:\/\/s3-us-west-2.amazonaws.com\/slack-files2\/avatars\/2015-01-13\/3403121817_bab8f62adf9d0bf7ad43_24.jpg",
            "image_32": "https:\/\/s3-us-west-2.amazonaws.com\/slack-files2\/avatars\/2015-01-13\/3403121817_bab8f62adf9d0bf7ad43_32.jpg",
            "image_48": "https:\/\/s3-us-west-2.amazonaws.com\/slack-files2\/avatars\/2015-01-13\/3403121817_bab8f62adf9d0bf7ad43_48.jpg",
            "image_72": "https:\/\/s3-us-west-2.amazonaws.com\/slack-files2\/avatars\/2015-01-13\/3403121817_bab8f62adf9d0bf7ad43_72.jpg",
            "image_192": "https:\/\/s3-us-west-2.amazonaws.com\/slack-files2\/avatars\/2015-01-13\/3403121817_bab8f62adf9d0bf7ad43_192.jpg",
            "image_original": "https:\/\/s3-us-west-2.amazonaws.com\/slack-files2\/avatars\/2015-01-13\/3403121817_bab8f62adf9d0bf7ad43_original.jpg",
            "real_name": "Christina Chen",
            "real_name_normalized": "Christina Chen",
            "email": "xtina.chen@mail.utoronto.ca"
        },
        "is_admin": false,
        "is_owner": false,
        "is_primary_owner": false,
        "is_restricted": false,
        "is_ultra_restricted": false,
        "is_bot": false
    },
    {
        "id": "U03BURB6R",
        "name": "eric",
        "deleted": false,
        "status": null,
        "color": "e7392d",
        "real_name": "Eric Snyder",
        "tz": "America\/Indiana\/Indianapolis",
        "tz_label": "Eastern Standard Time",
        "tz_offset": -18000,
        "profile": {
            "first_name": "Eric",
            "last_name": "Snyder",
            "real_name": "Eric Snyder",
            "real_name_normalized": "Eric Snyder",
            "email": "ericsnyder12@gmail.com",
            "image_24": "https:\/\/secure.gravatar.com\/avatar\/e04bc0dc46be44a1a296ecf81099ceed.jpg?s=24&d=https%3A%2F%2Fslack.global.ssl.fastly.net%2F3654%2Fimg%2Favatars%2Fava_0010-24.png",
            "image_32": "https:\/\/secure.gravatar.com\/avatar\/e04bc0dc46be44a1a296ecf81099ceed.jpg?s=32&d=https%3A%2F%2Fslack.global.ssl.fastly.net%2F3654%2Fimg%2Favatars%2Fava_0010-32.png",
            "image_48": "https:\/\/secure.gravatar.com\/avatar\/e04bc0dc46be44a1a296ecf81099ceed.jpg?s=48&d=https%3A%2F%2Fslack.global.ssl.fastly.net%2F3654%2Fimg%2Favatars%2Fava_0010-48.png",
            "image_72": "https:\/\/secure.gravatar.com\/avatar\/e04bc0dc46be44a1a296ecf81099ceed.jpg?s=72&d=https%3A%2F%2Fslack.global.ssl.fastly.net%2F3654%2Fimg%2Favatars%2Fava_0010-72.png",
            "image_192": "https:\/\/secure.gravatar.com\/avatar\/e04bc0dc46be44a1a296ecf81099ceed.jpg?s=192&d=https%3A%2F%2Fslack.global.ssl.fastly.net%2F3654%2Fimg%2Favatars%2Fava_0010.png"
        },
        "is_admin": false,
        "is_owner": false,
        "is_primary_owner": false,
        "is_restricted": false,
        "is_ultra_restricted": false,
        "is_bot": false
    },
    {
        "id": "U03BWRML2",
        "name": "inks",
        "deleted": false,
        "status": null,
        "color": "3c989f",
        "real_name": "Inks Lin",
        "tz": "America\/Indiana\/Indianapolis",
        "tz_label": "Eastern Standard Time",
        "tz_offset": -18000,
        "profile": {
            "first_name": "Inks",
            "last_name": "Lin",
            "real_name": "Inks Lin",
            "real_name_normalized": "Inks Lin",
            "email": "leebang31698@gmail.com",
            "image_24": "https:\/\/secure.gravatar.com\/avatar\/819e926a524ffab5e99e51b3dd9e45c4.jpg?s=24&d=https%3A%2F%2Fslack.global.ssl.fastly.net%2F3654%2Fimg%2Favatars%2Fava_0014-24.png",
            "image_32": "https:\/\/secure.gravatar.com\/avatar\/819e926a524ffab5e99e51b3dd9e45c4.jpg?s=32&d=https%3A%2F%2Fslack.global.ssl.fastly.net%2F3654%2Fimg%2Favatars%2Fava_0014-32.png",
            "image_48": "https:\/\/secure.gravatar.com\/avatar\/819e926a524ffab5e99e51b3dd9e45c4.jpg?s=48&d=https%3A%2F%2Fslack.global.ssl.fastly.net%2F3654%2Fimg%2Favatars%2Fava_0014-48.png",
            "image_72": "https:\/\/secure.gravatar.com\/avatar\/819e926a524ffab5e99e51b3dd9e45c4.jpg?s=72&d=https%3A%2F%2Fslack.global.ssl.fastly.net%2F3654%2Fimg%2Favatars%2Fava_0014-72.png",
            "image_192": "https:\/\/secure.gravatar.com\/avatar\/819e926a524ffab5e99e51b3dd9e45c4.jpg?s=192&d=https%3A%2F%2Fslack.global.ssl.fastly.net%2F3654%2Fimg%2Favatars%2Fava_0014.png"
        },
        "is_admin": false,
        "is_owner": false,
        "is_primary_owner": false,
        "is_restricted": false,
        "is_ultra_restricted": false,
        "is_bot": false
    },
    {
        "id": "U03BX7SQ1",
        "name": "sharon",
        "deleted": false,
        "status": null,
        "color": "e96699",
        "real_name": "Sharon Hogan",
        "tz": "America\/Indiana\/Indianapolis",
        "tz_label": "Eastern Standard Time",
        "tz_offset": -18000,
        "profile": {
            "first_name": "Sharon",
            "last_name": "Hogan",
            "image_24": "https:\/\/s3-us-west-2.amazonaws.com\/slack-files2\/avatars\/2015-01-14\/3417607012_586dffa816157a40d902_24.jpg",
            "image_32": "https:\/\/s3-us-west-2.amazonaws.com\/slack-files2\/avatars\/2015-01-14\/3417607012_586dffa816157a40d902_32.jpg",
            "image_48": "https:\/\/s3-us-west-2.amazonaws.com\/slack-files2\/avatars\/2015-01-14\/3417607012_586dffa816157a40d902_48.jpg",
            "image_72": "https:\/\/s3-us-west-2.amazonaws.com\/slack-files2\/avatars\/2015-01-14\/3417607012_586dffa816157a40d902_72.jpg",
            "image_192": "https:\/\/s3-us-west-2.amazonaws.com\/slack-files2\/avatars\/2015-01-14\/3417607012_586dffa816157a40d902_192.jpg",
            "image_original": "https:\/\/s3-us-west-2.amazonaws.com\/slack-files2\/avatars\/2015-01-14\/3417607012_586dffa816157a40d902_original.jpg",
            "real_name": "Sharon Hogan",
            "real_name_normalized": "Sharon Hogan",
            "email": "sharon.z.hogan@gmail.com"
        },
        "is_admin": false,
        "is_owner": false,
        "is_primary_owner": false,
        "is_restricted": false,
        "is_ultra_restricted": false,
        "is_bot": false
    },
    {
        "id": "U03C8TPEQ",
        "name": "shicmuon",
        "deleted": false,
        "status": null,
        "color": "e0a729",
        "real_name": "Cindy Wu",
        "tz": "America\/Indiana\/Indianapolis",
        "tz_label": "Eastern Standard Time",
        "tz_offset": -18000,
        "profile": {
            "first_name": "Cindy",
            "last_name": "Wu",
            "title": "random noob",
            "real_name": "Cindy Wu",
            "real_name_normalized": "Cindy Wu",
            "email": "xinr.wu@mail.utoronto.ca",
            "image_24": "https:\/\/secure.gravatar.com\/avatar\/f55be428cb419f7ad1ead3f2b0c113ae.jpg?s=24&d=https%3A%2F%2Fslack.global.ssl.fastly.net%2F3654%2Fimg%2Favatars%2Fava_0010-24.png",
            "image_32": "https:\/\/secure.gravatar.com\/avatar\/f55be428cb419f7ad1ead3f2b0c113ae.jpg?s=32&d=https%3A%2F%2Fslack.global.ssl.fastly.net%2F3654%2Fimg%2Favatars%2Fava_0010-32.png",
            "image_48": "https:\/\/secure.gravatar.com\/avatar\/f55be428cb419f7ad1ead3f2b0c113ae.jpg?s=48&d=https%3A%2F%2Fslack.global.ssl.fastly.net%2F3654%2Fimg%2Favatars%2Fava_0010-48.png",
            "image_72": "https:\/\/secure.gravatar.com\/avatar\/f55be428cb419f7ad1ead3f2b0c113ae.jpg?s=72&d=https%3A%2F%2Fslack.global.ssl.fastly.net%2F3654%2Fimg%2Favatars%2Fava_0010-72.png",
            "image_192": "https:\/\/secure.gravatar.com\/avatar\/f55be428cb419f7ad1ead3f2b0c113ae.jpg?s=192&d=https%3A%2F%2Fslack.global.ssl.fastly.net%2F3654%2Fimg%2Favatars%2Fava_0010.png"
        },
        "is_admin": false,
        "is_owner": false,
        "is_primary_owner": false,
        "is_restricted": false,
        "is_ultra_restricted": false,
        "is_bot": false
    }
]